lat,lng,year,severity
25.842739,-80.249802,2019,Serious Injury
25.898419,-80.307243,2019,Serious Injury
25.941655,-80.228473,2019,Fatality
25.95541,-80.246083,2019,Serious Injury
25.971803,-80.242077,2019,Serious Injury
25.923387,-80.276593,2019,Serious Injury
25.839418,-80.192877,2019,Serious Injury
25.757224,-80.254825,2019,Serious Injury
25.859183,-80.32285,2019,Serious Injury
25.760869,-80.398961,2019,Serious Injury
25.812559,-80.29931,2019,Serious Injury
25.835256,-80.330626,2019,Serious Injury
25.936955,-80.253164,2019,Serious Injury
25.873305,-80.216201,2019,Serious Injury
25.729944,-80.391533,2019,Serious Injury
25.883925,-80.323973,2019,Serious Injury
25.521068,-80.478351,2019,Serious Injury
25.949527,-80.245805,2019,Fatality
25.785627,-80.193097,2019,Fatality
25.834188,-80.225004,2019,Serious Injury
25.627765,-80.374629,2019,Serious Injury
25.542672,-80.372065,2019,Serious Injury
25.787451,-80.276957,2019,Serious Injury
25.747756,-80.384716,2019,Serious Injury
25.813538,-80.205403,2019,Serious Injury
25.560871,-80.386825,2019,Serious Injury
25.767,-80.205806,2019,Serious Injury
25.780061,-80.188885,2019,Serious Injury
25.855056,-80.322449,2019,Serious Injury
25.928007,-80.200408,2019,Serious Injury
25.824934,-80.240738,2019,Serious Injury
25.757131,-80.360185,2019,Serious Injury
25.783388,-80.268444,2019,Serious Injury
25.65479,-80.386029,2019,Fatality
25.940247,-80.277458,2019,Serious Injury
25.913993,-80.209976,2019,Serious Injury
25.958841,-80.178055,2019,Serious Injury
25.574776,-80.409107,2019,Serious Injury
25.732839,-80.348835,2019,Serious Injury
25.768065,-80.318243,2019,Serious Injury
25.759703,-80.432759,2019,Serious Injury
25.731725,-80.317122,2019,Serious Injury
25.942493,-80.229308,2019,Serious Injury
25.93413,-80.325064,2019,Fatality
25.819047,-80.206072,2019,Serious Injury
25.472275,-80.469175,2019,Fatality
25.812609,-80.205894,2019,Fatality
25.462438,-80.481327,2019,Fatality
25.866571,-80.303171,2019,Serious Injury
25.881136,-80.291181,2019,Serious Injury
25.593979,-80.380865,2019,Serious Injury
25.506743,-80.439125,2019,Serious Injury
25.671941,-80.384141,2019,Serious Injury
25.845751,-80.225345,2019,Serious Injury
25.846201,-80.233635,2019,Fatality
25.701242,-80.293467,2019,Serious Injury
25.760849,-80.43296,2019,Serious Injury
25.491752,-80.477574,2019,Serious Injury
25.837268,-80.205896,2019,Serious Injury
25.870354,-80.344564,2019,Serious Injury
25.914566,-80.167519,2019,Serious Injury
25.945653,-80.120938,2019,Serious Injury
25.948967,-80.35089,2019,Serious Injury
25.77581,-80.358781,2019,Fatality
25.65145,-80.415759,2019,Serious Injury
25.659579,-80.32691,2019,Serious Injury
25.761051,-80.425061,2019,Serious Injury
25.559587,-80.372145,2019,Serious Injury
25.972739,-80.206019,2019,Serious Injury
25.782262,-80.320239,2019,Serious Injury
25.809383,-80.230512,2019,Fatality
25.566735,-80.37221,2019,Serious Injury
25.773575,-80.312361,2019,Serious Injury
25.596076,-80.355252,2019,Serious Injury
25.845302,-80.266304,2019,Serious Injury
25.596121,-80.356948,2019,Serious Injury
25.340918,-80.455927,2019,Fatality
25.582451,-80.345495,2019,Serious Injury
25.934364,-80.162454,2019,Serious Injury
25.764665,-80.255343,2019,Serious Injury
25.846449,-80.225439,2019,Fatality
25.794544,-80.321476,2019,Fatality
25.751049,-80.343784,2019,Serious Injury
25.868539,-80.226208,2019,Fatality
25.841006,-80.302103,2019,Fatality
25.940692,-80.253314,2019,Fatality
25.925376,-80.273228,2019,Serious Injury
25.73271,-80.253747,2019,Fatality
25.924711,-80.306517,2019,Fatality
25.833631,-80.195261,2019,Serious Injury
25.88558,-80.243069,2019,Fatality
25.595089,-80.37287,2019,Serious Injury
25.48883,-80.456765,2019,Serious Injury
25.903186,-80.124396,2019,Serious Injury
25.770358,-80.214548,2019,Serious Injury
25.789581,-80.332227,2019,Serious Injury
25.836231,-80.208686,2019,Fatality
25.803307,-80.215402,2019,Serious Injury
25.586922,-80.494554,2019,Fatality
25.818902,-80.187727,2019,Fatality
25.7726,-80.211734,2019,Serious Injury
25.91821,-80.195865,2019,Serious Injury
25.824018,-80.321839,2019,Serious Injury
25.844992,-80.206954,2019,Serious Injury
25.646512,-80.342773,2019,Serious Injury
25.522338,-80.412226,2019,Fatality
25.582264,-80.461982,2019,Fatality
25.740059,-80.237849,2019,Serious Injury
25.927893,-80.21291,2019,Fatality
25.542993,-80.404709,2019,Serious Injury
25.880932,-80.208939,2019,Fatality
25.950768,-80.43107,2019,Fatality
25.897465,-80.235163,2019,Fatality
25.953999,-80.146665,2019,Serious Injury
25.850147,-80.184308,2019,Serious Injury
25.598613,-80.354084,2019,Serious Injury
25.792963,-80.188975,2019,Serious Injury
25.55138,-80.404758,2019,Serious Injury
25.877434,-80.242921,2019,Serious Injury
25.716788,-80.332725,2019,Fatality
25.695969,-80.354445,2019,Fatality
25.791522,-80.20494,2019,Serious Injury
25.809955,-80.211095,2019,Serious Injury
25.808625,-80.255979,2019,Serious Injury
25.828429,-80.206156,2019,Serious Injury
25.716314,-80.347204,2019,Fatality
25.596972,-80.3646,2019,Fatality
25.86385,-80.234098,2019,Fatality
25.696798,-80.398223,2019,Fatality
25.949695,-80.205511,2019,Serious Injury
25.786521,-80.202468,2019,Serious Injury
25.811414,-80.194524,2019,Serious Injury
25.84888,-80.290117,2019,Fatality
25.897969,-80.218938,2019,Serious Injury
25.596116,-80.355233,2019,Serious Injury
25.688133,-80.333163,2019,Serious Injury
25.890179,-80.243258,2019,Fatality
25.700126,-80.41105,2019,Fatality
25.825261,-80.195935,2019,Serious Injury
25.929778,-80.205385,2019,Serious Injury
25.786844,-80.186821,2019,Serious Injury
25.958404,-80.205649,2019,Fatality
25.810749,-80.185893,2019,Serious Injury
25.758531,-80.337632,2019,Serious Injury
25.736666,-80.384281,2019,Serious Injury
25.65799,-80.387997,2019,Serious Injury
25.684831,-80.42968,2019,Serious Injury
25.841181,-80.269985,2019,Serious Injury
25.644082,-80.334128,2019,Serious Injury
25.938736,-80.351236,2019,Fatality
25.848111,-80.147575,2019,Serious Injury
25.94227,-80.305094,2019,Serious Injury
25.941687,-80.314544,2019,Fatality
25.811105,-80.140073,2019,Serious Injury
25.753469,-80.262855,2019,Serious Injury
25.849663,-80.207976,2019,Serious Injury
25.962828,-80.205763,2019,Serious Injury
25.925852,-80.208365,2019,Serious Injury
25.897268,-80.243269,2019,Serious Injury
25.429276,-80.501448,2019,Fatality
25.575607,-80.372398,2019,Serious Injury
25.761051,-80.409721,2019,Serious Injury
25.779744,-80.320416,2019,Serious Injury
25.883437,-80.243022,2019,Fatality
25.695122,-80.343799,2019,Serious Injury
25.686287,-80.384318,2019,Serious Injury
25.682296,-80.356078,2019,Fatality
25.764807,-80.320703,2019,Serious Injury
25.785321,-80.135255,2019,Serious Injury
25.872151,-80.343125,2019,Serious Injury
25.7647,-80.19989,2019,Serious Injury
25.669941,-80.440028,2019,Fatality
25.939474,-80.293758,2019,Serious Injury
25.812301,-80.241757,2019,Serious Injury
25.568626,-80.478253,2019,Fatality
25.602872,-80.478825,2019,Fatality
25.862696,-80.26868,2019,Serious Injury
25.571589,-80.3723,2019,Serious Injury
25.566624,-80.362363,2019,Serious Injury
25.887853,-80.209383,2019,Serious Injury
25.806686,-80.207395,2019,Fatality
25.675558,-80.367839,2019,Fatality
25.84897,-80.206683,2019,Serious Injury
25.788751,-80.201784,2019,Serious Injury
25.781831,-80.337066,2019,Serious Injury
25.494421,-80.451514,2019,Serious Injury
25.744796,-80.319682,2019,Serious Injury
25.902111,-80.387386,2019,Serious Injury
25.716914,-80.273807,2019,Serious Injury
25.627646,-80.374061,2019,Serious Injury
25.840703,-80.385933,2019,Fatality
25.68854,-80.424193,2019,Serious Injury
25.651216,-80.334393,2019,Serious Injury
25.891385,-80.355989,2019,Serious Injury
25.782555,-80.388005,2019,Serious Injury
25.754382,-80.357663,2019,Serious Injury
25.930447,-80.196401,2019,Serious Injury
25.7796,-80.222512,2019,Fatality
25.809366,-80.313145,2019,Fatality
25.951888,-80.3521,2019,Fatality
25.891519,-80.345072,2019,Serious Injury
25.569249,-80.494463,2019,Serious Injury
25.81163,-80.393582,2019,Serious Injury
25.669994,-80.443836,2019,Serious Injury
25.884321,-80.295504,2019,Serious Injury
25.557888,-80.380397,2019,Serious Injury
25.880505,-80.234609,2019,Serious Injury
25.928313,-80.270833,2019,Serious Injury
25.844347,-80.120702,2019,Serious Injury
25.89867,-80.356395,2019,Serious Injury
25.689091,-80.300126,2019,Serious Injury
25.567147,-80.372217,2019,Serious Injury
25.747615,-80.339414,2019,Serious Injury
25.80885,-80.248034,2019,Serious Injury
25.839381,-80.216995,2019,Serious Injury
25.868231,-80.242439,2019,Serious Injury
25.913052,-80.349417,2019,Serious Injury
25.672288,-80.365394,2019,Fatality
25.849549,-80.387254,2019,Fatality
25.930855,-80.181504,2019,Fatality
25.484661,-80.450875,2019,Serious Injury
25.942141,-80.212914,2019,Serious Injury
25.908929,-80.24412,2019,Fatality
25.775152,-80.263765,2019,Serious Injury
25.917337,-80.160887,2019,Serious Injury
25.646605,-80.385532,2019,Serious Injury
25.945028,-80.120983,2019,Serious Injury
25.950411,-80.120909,2019,Serious Injury
25.788909,-80.189101,2019,Fatality
25.910255,-80.248078,2019,Serious Injury
25.941542,-80.188722,2019,Serious Injury
25.78334,-80.200647,2019,Serious Injury
25.898409,-80.340632,2019,Serious Injury
25.901631,-80.250715,2019,Serious Injury
25.846018,-80.239443,2019,Serious Injury
25.830196,-80.205769,2019,Serious Injury
25.763424,-80.291813,2019,Serious Injury
25.629546,-80.382522,2019,Serious Injury
25.748424,-80.262685,2019,Serious Injury
25.734079,-80.284624,2019,Serious Injury
25.895111,-80.351293,2019,Serious Injury
25.800355,-80.127002,2019,Serious Injury
25.789688,-80.314388,2019,Serious Injury
25.668261,-80.449559,2019,Serious Injury
25.884421,-80.291318,2019,Serious Injury
25.762616,-80.317587,2019,Serious Injury
25.85529,-80.323935,2019,Serious Injury
25.854973,-80.207901,2019,Serious Injury
25.667292,-80.358675,2019,Serious Injury
25.695913,-80.342904,2019,Serious Injury
25.773874,-80.385095,2019,Serious Injury
25.659231,-80.327072,2019,Serious Injury
25.829489,-80.322009,2019,Serious Injury
25.566476,-80.381533,2019,Fatality
25.812199,-80.224664,2019,Serious Injury
25.926219,-80.247047,2019,Fatality
25.811445,-80.185662,2019,Serious Injury
25.883374,-80.362115,2019,Serious Injury
25.945487,-80.177242,2019,Serious Injury
25.926886,-80.226406,2019,Serious Injury
25.79849,-80.127961,2019,Serious Injury
25.486307,-80.426044,2019,Serious Injury
25.551879,-80.372088,2019,Serious Injury
25.809767,-80.258202,2019,Serious Injury
25.919994,-80.21084,2019,Fatality
25.791384,-80.204889,2019,Serious Injury
25.515282,-80.430603,2019,Serious Injury
25.667547,-80.368875,2019,Serious Injury
25.77932,-80.372456,2019,Serious Injury
25.781186,-80.333361,2019,Serious Injury
25.718126,-80.272323,2019,Serious Injury
25.94335,-80.187496,2019,Serious Injury
25.764549,-80.256577,2019,Serious Injury
25.788476,-80.207757,2019,Serious Injury
25.811625,-80.1388,2019,Serious Injury
25.778711,-80.272091,2019,Serious Injury
25.845505,-80.207181,2019,Serious Injury
25.898217,-80.209569,2019,Serious Injury
25.785321,-80.135255,2019,Serious Injury
25.792459,-80.129715,2019,Serious Injury
25.761715,-80.352971,2019,Serious Injury
25.734477,-80.271103,2019,Serious Injury
25.946681,-80.29427,2019,Serious Injury
25.753124,-80.27518,2019,Serious Injury
25.94219,-80.205092,2019,Serious Injury
25.761326,-80.371801,2019,Fatality
25.809805,-80.205794,2019,Serious Injury
25.926532,-80.23699,2019,Serious Injury
25.876317,-80.242714,2019,Fatality
25.807394,-80.299683,2019,Serious Injury
25.972691,-80.206096,2019,Serious Injury
25.899624,-80.383736,2019,Serious Injury
25.832619,-80.184014,2019,Fatality
25.834485,-80.20043,2019,Fatality
25.74643,-80.229965,2019,Serious Injury
25.928665,-80.182784,2019,Serious Injury
25.74502,-80.254385,2019,Serious Injury
25.839861,-80.200675,2019,Serious Injury
25.810968,-80.240227,2019,Fatality
25.71489,-80.399035,2019,Fatality
25.930856,-80.212767,2019,Serious Injury
25.883291,-80.362003,2019,Fatality
25.7292,-80.257947,2019,Fatality
25.7582,-80.258915,2019,Serious Injury
25.734322,-80.273856,2019,Serious Injury
25.558676,-80.388979,2019,Serious Injury
25.77282,-80.204794,2019,Serious Injury
25.957066,-80.294459,2019,Serious Injury
25.902562,-80.292249,2019,Serious Injury
25.848807,-80.207919,2019,Serious Injury
25.68367,-80.416581,2019,Serious Injury
25.935655,-80.204788,2019,Serious Injury
25.699881,-80.414415,2019,Fatality
25.81075,-80.264563,2019,Serious Injury
25.891501,-80.336012,2019,Serious Injury
25.830001,-80.279605,2019,Serious Injury
25.893142,-80.30796,2019,Serious Injury
25.937124,-80.204965,2019,Serious Injury
25.8645,-80.322737,2019,Serious Injury
25.789564,-80.187488,2019,Serious Injury
25.580863,-80.381064,2019,Serious Injury
25.877011,-80.321734,2019,Fatality
25.924866,-80.188091,2019,Fatality
25.81032,-80.199713,2019,Serious Injury
25.839804,-80.298037,2019,Serious Injury
25.931035,-80.276977,2019,Fatality
25.730423,-80.273595,2019,Serious Injury
25.64442,-80.335386,2019,Serious Injury
25.95685,-80.146993,2019,Serious Injury
25.953993,-80.124954,2019,Serious Injury
25.79679,-80.401084,2019,Fatality
25.579567,-80.368754,2019,Fatality
25.807715,-80.283684,2019,Serious Injury
25.831221,-80.241225,2019,Serious Injury
25.877057,-80.315326,2019,Fatality
25.924411,-80.200166,2019,Serious Injury
25.924156,-80.244465,2019,Serious Injury
25.680407,-80.368088,2019,Serious Injury
25.805589,-80.232966,2019,Serious Injury
25.631661,-80.369315,2019,Serious Injury
25.591457,-80.377178,2019,Serious Injury
25.95927,-80.162856,2019,Serious Injury
25.743225,-80.303164,2019,Serious Injury
25.730356,-80.335729,2019,Serious Injury
25.715558,-80.365554,2019,Serious Injury
25.809888,-80.215678,2019,Serious Injury
25.809343,-80.231667,2019,Serious Injury
25.838377,-80.256744,2019,Serious Injury
25.595971,-80.318295,2019,Serious Injury
25.469781,-80.485482,2019,Serious Injury
25.837827,-80.28993,2019,Fatality
25.880036,-80.357222,2019,Serious Injury
25.926948,-80.224979,2019,Serious Injury
25.896225,-80.37949,2019,Serious Injury
25.763029,-80.30567,2019,Serious Injury
25.779555,-80.239276,2019,Serious Injury
25.688117,-80.416218,2019,Serious Injury
25.83228,-80.206265,2019,Fatality
25.677097,-80.416437,2019,Serious Injury
25.972691,-80.206096,2019,Fatality
25.953503,-80.204765,2019,Fatality
25.824669,-80.215993,2019,Fatality
25.77134,-80.274454,2019,Fatality
25.845036,-80.266124,2019,Serious Injury
25.477315,-80.463459,2019,Serious Injury
25.798123,-80.194922,2019,Serious Injury
25.819231,-80.12288,2019,Serious Injury
25.766714,-80.216134,2019,Serious Injury
25.791386,-80.231933,2019,Serious Injury
25.942205,-80.211192,2019,Serious Injury
25.614122,-80.342928,2019,Serious Injury
25.857266,-80.294531,2019,Serious Injury
25.796748,-80.198967,2019,Fatality
25.292546,-80.381083,2019,Serious Injury
25.689864,-80.454279,2019,Serious Injury
25.80374,-80.202973,2019,Serious Injury
25.798806,-80.373533,2019,Serious Injury
25.835455,-80.195205,2019,Serious Injury
25.957161,-80.205666,2019,Serious Injury
25.762966,-80.262013,2019,Serious Injury
25.77911,-80.190412,2019,Serious Injury
25.746267,-80.367705,2019,Fatality
25.782712,-80.319968,2019,Serious Injury
25.748836,-80.254531,2019,Serious Injury
25.829922,-80.205808,2019,Serious Injury
25.858131,-80.328038,2019,Serious Injury
25.809261,-80.31651,2019,Serious Injury
25.963222,-80.153488,2019,Serious Injury
25.842541,-80.291895,2019,Serious Injury
25.772378,-80.417401,2019,Fatality
25.593598,-80.356636,2019,Serious Injury
25.809269,-80.234492,2019,Serious Injury
25.896009,-80.33621,2019,Serious Injury
25.934334,-80.162443,2019,Serious Injury
25.789723,-80.404998,2019,Serious Injury
25.789762,-80.183477,2019,Serious Injury
25.925807,-80.418972,2019,Fatality
25.840411,-80.24972,2019,Serious Injury
25.770786,-80.288006,2019,Serious Injury
25.847995,-80.314428,2019,Serious Injury
25.78157,-80.199684,2021,Serious Injury
25.894599,-80.211039,2021,Serious Injury
25.795606,-80.140608,2021,Serious Injury
25.789177,-80.142403,2021,Serious Injury
25.810541,-80.137071,2021,Fatality
25.946707,-80.294137,2021,Serious Injury
25.843637,-80.126798,2021,Fatality
25.800295,-80.189127,2021,Fatality
25.887376,-80.267317,2021,Serious Injury
25.911542,-80.250988,2021,Fatality
25.634653,-80.414634,2021,Serious Injury
25.927832,-80.350067,2021,Fatality
25.79231,-80.206969,2021,Fatality
25.723278,-80.265962,2021,Serious Injury
25.451464,-80.452,2021,Serious Injury
25.867368,-80.208283,2021,Serious Injury
25.734226,-80.275351,2021,Serious Injury
25.780515,-80.140898,2021,Serious Injury
25.489979,-80.421744,2021,Serious Injury
25.761538,-80.195247,2021,Serious Injury
25.964408,-80.246541,2021,Serious Injury
25.849229,-80.145042,2021,Serious Injury
25.848334,-80.146399,2021,Serious Injury
25.462394,-80.471396,2021,Serious Injury
25.689985,-80.306903,2021,Serious Injury
25.794347,-80.238054,2021,Serious Injury
25.832269,-80.205741,2021,Fatality
25.921554,-80.210384,2021,Fatality
25.793354,-80.188972,2021,Serious Injury
25.832048,-80.216636,2021,Serious Injury
25.786406,-80.255857,2021,Fatality
25.687274,-80.354404,2021,Serious Injury
25.793544,-80.231442,2021,Serious Injury
25.771867,-80.149168,2021,Serious Injury
25.771412,-80.272668,2021,Serious Injury
25.908138,-80.395482,2021,Serious Injury
25.86775,-80.250781,2021,Serious Injury
25.807485,-80.289412,2021,Serious Injury
25.661002,-80.374778,2021,Fatality
25.926937,-80.211866,2021,Fatality
25.375246,-80.463365,2021,Fatality
25.688583,-80.313302,2021,Fatality
25.686294,-80.38441,2021,Serious Injury
25.862383,-80.322697,2021,Serious Injury
25.911477,-80.20991,2021,Serious Injury
25.940276,-80.190957,2021,Serious Injury
25.866833,-80.283056,2021,Serious Injury
25.866539,-80.309874,2021,Fatality
25.881619,-80.267112,2021,Serious Injury
25.842666,-80.266069,2021,Serious Injury
25.884166,-80.307607,2021,Serious Injury
25.868057,-80.274666,2021,Serious Injury
25.812296,-80.205287,2021,Serious Injury
25.897048,-80.243531,2021,Serious Injury
25.926426,-80.207694,2021,Fatality
25.882129,-80.214546,2021,Serious Injury
25.925974,-80.419618,2021,Fatality
25.59095,-80.357983,2021,Serious Injury
25.789906,-80.189059,2021,Serious Injury
25.841207,-80.233303,2021,Fatality
25.897647,-80.227074,2021,Serious Injury
25.796368,-80.189032,2021,Serious Injury
25.867099,-80.266713,2021,Fatality
25.870334,-80.20839,2021,Serious Injury
25.530152,-80.382957,2021,Fatality
25.966977,-80.165245,2021,Fatality
25.626001,-80.42153,2021,Serious Injury
25.810486,-80.147784,2021,Fatality
25.686364,-80.471572,2021,Serious Injury
25.851004,-80.197114,2021,Serious Injury
25.844492,-80.121502,2021,Serious Injury
25.812039,-80.2319,2021,Fatality
25.842878,-80.217182,2021,Serious Injury
25.769731,-80.324606,2021,Fatality
25.87699,-80.315194,2021,Serious Injury
25.736017,-80.327957,2021,Serious Injury
25.793787,-80.225041,2021,Serious Injury
25.808599,-80.256222,2021,Serious Injury
25.771826,-80.255337,2021,Serious Injury
25.611021,-80.432459,2021,Serious Injury
25.882702,-80.234794,2021,Serious Injury
25.862203,-80.208145,2021,Fatality
25.846792,-80.215999,2021,Fatality
25.807088,-80.240097,2021,Fatality
25.882757,-80.243084,2021,Fatality
25.826259,-80.208219,2021,Serious Injury
25.51169,-80.434091,2021,Serious Injury
25.564093,-80.383676,2021,Fatality
25.772369,-80.237497,2021,Fatality
25.810672,-80.25554,2021,Serious Injury
25.812179,-80.20716,2021,Fatality
25.701912,-80.342149,2021,Serious Injury
25.808843,-80.248095,2021,Fatality
25.846272,-80.231899,2021,Serious Injury
25.684853,-80.42973,2021,Serious Injury
25.940855,-80.245284,2021,Serious Injury
25.291667,-80.37907,2021,Fatality
25.941391,-80.188102,2021,Serious Injury
25.773835,-80.198703,2021,Serious Injury
25.964452,-80.171154,2021,Serious Injury
25.81088,-80.205889,2021,Fatality
25.825276,-80.195938,2021,Serious Injury
25.760901,-80.448956,2021,Serious Injury
25.281917,-80.443253,2021,Serious Injury
25.940854,-80.245317,2021,Fatality
25.794585,-80.228746,2021,Serious Injury
25.749711,-80.335691,2021,Serious Injury
25.847581,-80.207542,2021,Serious Injury
25.590914,-80.380837,2021,Serious Injury
25.847021,-80.209716,2021,Fatality
25.882757,-80.243084,2021,Serious Injury
25.685938,-80.395715,2021,Serious Injury
25.85413,-80.207882,2021,Serious Injury
25.948195,-80.184252,2021,Serious Injury
25.796951,-80.321229,2021,Serious Injury
25.54793,-80.399679,2021,Serious Injury
25.935418,-80.216143,2021,Serious Injury
25.928523,-80.188361,2021,Serious Injury
25.889285,-80.166171,2021,Serious Injury
25.870681,-80.208405,2021,Serious Injury
25.770921,-80.133806,2021,Serious Injury
25.949723,-80.205376,2021,Fatality
25.84028,-80.241447,2021,Fatality
25.628331,-80.357501,2021,Serious Injury
25.793522,-80.273109,2021,Serious Injury
25.77104,-80.281769,2021,Serious Injury
25.794824,-80.141249,2021,Serious Injury
25.899495,-80.185434,2021,Fatality
25.76146,-80.197773,2021,Serious Injury
25.941167,-80.23678,2021,Serious Injury
25.777821,-80.404285,2021,Serious Injury
25.942297,-80.308215,2021,Serious Injury
25.930547,-80.124685,2021,Fatality
25.772419,-80.217903,2021,Serious Injury
25.719684,-80.271135,2021,Serious Injury
25.941547,-80.121228,2021,Serious Injury
25.78853,-80.321135,2021,Serious Injury
25.827483,-80.24086,2021,Fatality
25.796917,-80.320672,2021,Serious Injury
25.95049,-80.43081,2021,Serious Injury
25.945189,-80.186416,2021,Fatality
25.770919,-80.284802,2021,Serious Injury
25.882705,-80.234665,2021,Fatality
25.469378,-80.517807,2021,Serious Injury
25.86727,-80.265976,2021,Serious Injury
25.498225,-80.447237,2021,Serious Injury
25.907604,-80.236236,2021,Fatality
25.847331,-80.19998,2021,Fatality
25.827025,-80.196177,2021,Fatality
25.79657,-80.132086,2021,Serious Injury
25.846269,-80.207413,2021,Serious Injury
25.797339,-80.189051,2021,Serious Injury
25.858166,-80.306546,2021,Fatality
25.76846,-80.377009,2021,Serious Injury
25.748786,-80.275409,2021,Serious Injury
25.869066,-80.209911,2021,Serious Injury
25.589087,-80.359436,2021,Serious Injury
25.544184,-80.403334,2021,Serious Injury
25.940558,-80.25348,2021,Fatality
25.838112,-80.225205,2021,Serious Injury
25.733509,-80.298527,2021,Serious Injury
25.868094,-80.339087,2021,Serious Injury
25.787999,-80.198788,2021,Serious Injury
25.540036,-80.412842,2021,Serious Injury
25.846209,-80.192746,2021,Serious Injury
25.888737,-80.123872,2021,Serious Injury
25.796845,-80.353122,2021,Serious Injury
25.651096,-80.330674,2021,Serious Injury
25.470193,-80.418987,2021,Serious Injury
25.942049,-80.35071,2021,Serious Injury
25.594141,-80.478469,2021,Serious Injury
25.881821,-80.208959,2021,Serious Injury
25.947922,-80.205317,2021,Serious Injury
25.584475,-80.397027,2021,Fatality
25.971754,-80.246743,2021,Serious Injury
25.81706,-80.272939,2021,Fatality
25.77231,-80.221426,2021,Serious Injury
25.74748,-80.337708,2021,Fatality
25.950391,-80.431245,2021,Serious Injury
25.698849,-80.340836,2021,Serious Injury
25.699058,-80.440033,2021,Fatality
25.765528,-80.226172,2021,Serious Injury
25.857442,-80.322557,2021,Serious Injury
25.726931,-80.272743,2021,Serious Injury
25.562579,-80.387161,2021,Serious Injury
25.536196,-80.442302,2019,Serious Injury
25.629018,-80.340923,2021,Fatality
25.771844,-80.254423,2021,Serious Injury
25.836541,-80.321964,2021,Serious Injury
25.925445,-80.260459,2021,Serious Injury
25.970589,-80.165422,2021,Serious Injury
25.940154,-80.264052,2021,Fatality
25.735895,-80.367759,2021,Fatality
25.869013,-80.2138,2021,Serious Injury
25.943411,-80.277624,2021,Fatality
25.777682,-80.1408,2021,Serious Injury
25.732517,-80.25399,2021,Fatality
25.800918,-80.189147,2021,Serious Injury
25.86483,-80.387682,2021,Fatality
25.579661,-80.368424,2021,Fatality
25.832069,-80.208481,2021,Serious Injury
25.860116,-80.209623,2021,Serious Injury
25.787041,-80.202703,2021,Serious Injury
25.910001,-80.292475,2021,Serious Injury
25.701092,-80.366177,2021,Fatality
25.846963,-80.211592,2021,Serious Injury
25.502344,-80.417066,2021,Fatality
25.662238,-80.373661,2021,Fatality
25.91741,-80.260267,2021,Serious Injury
25.89711,-80.247475,2021,Serious Injury
25.928743,-80.134569,2021,Serious Injury
25.80335,-80.215458,2021,Serious Injury
25.760884,-80.424949,2021,Fatality
25.963006,-80.165908,2021,Fatality
25.692056,-80.430194,2021,Serious Injury
25.499457,-80.428902,2021,Serious Injury
25.591372,-80.397054,2021,Serious Injury
25.477682,-80.42701,2021,Serious Injury
25.870398,-80.250812,2021,Serious Injury
25.775603,-80.354746,2021,Serious Injury
25.87698,-80.339277,2021,Serious Injury
25.80694,-80.300547,2021,Serious Injury
25.777638,-80.276068,2021,Serious Injury
25.671167,-80.407968,2021,Serious Injury
25.53707,-80.379781,2021,Serious Injury
25.794624,-80.227741,2021,Serious Injury
25.805259,-80.199243,2021,Serious Injury
25.519841,-80.416632,2021,Serious Injury
25.688719,-80.308406,2021,Serious Injury
25.789335,-80.158481,2021,Serious Injury
25.744912,-80.251905,2021,Serious Injury
25.947436,-80.147958,2021,Fatality
25.929145,-80.423918,2021,Fatality
25.497331,-80.41743,2021,Fatality
25.750626,-80.335713,2021,Fatality
25.770936,-80.377225,2021,Serious Injury
25.47342,-80.445924,2021,Fatality
25.760885,-80.473329,2021,Fatality
25.793965,-80.129476,2021,Serious Injury
25.782523,-80.336875,2021,Fatality
25.903418,-80.324844,2021,Fatality
25.863259,-80.208172,2021,Serious Injury
25.901824,-80.2099,2021,Serious Injury
25.886651,-80.131672,2021,Serious Injury
25.858235,-80.183798,2021,Serious Injury
25.794334,-80.401116,2021,Serious Injury
25.762357,-80.255014,2021,Serious Injury
25.918994,-80.260353,2021,Serious Injury
25.812108,-80.237581,2021,Serious Injury
25.687737,-80.340484,2021,Serious Injury
25.824106,-80.234696,2021,Serious Injury
25.897541,-80.23157,2021,Serious Injury
25.944057,-80.2454,2021,Serious Injury
25.953355,-80.205493,2021,Fatality
25.948938,-80.20535,2021,Fatality
25.939648,-80.277276,2021,Fatality
25.758374,-80.320789,2021,Serious Injury
25.689667,-80.307297,2021,Serious Injury
25.595084,-80.373369,2021,Serious Injury
25.727368,-80.261724,2021,Serious Injury
25.898669,-80.310312,2021,Serious Injury
25.846931,-80.212602,2021,Serious Injury
25.723278,-80.265962,2021,Serious Injury
25.502994,-80.444392,2021,Serious Injury
25.8207,-80.289597,2021,Serious Injury
25.76576,-80.217699,2021,Serious Injury
25.823543,-80.252929,2021,Serious Injury
25.953355,-80.205493,2021,Serious Injury
25.809027,-80.215684,2021,Serious Injury
25.76097,-80.48133,2021,Serious Injury
25.876905,-80.339257,2021,Serious Injury
25.848906,-80.241769,2021,Serious Injury
25.684929,-80.416459,2021,Serious Injury
25.777874,-80.164946,2021,Serious Injury
25.520439,-80.41358,2021,Serious Injury
25.665453,-80.386628,2021,Serious Injury
25.940844,-80.245623,2021,Serious Injury
25.844833,-80.121417,2021,Serious Injury
25.791316,-80.129887,2021,Serious Injury
25.824649,-80.216669,2021,Serious Injury
25.699184,-80.340765,2021,Fatality
25.771912,-80.252271,2021,Serious Injury
25.912284,-80.18143,2021,Serious Injury
25.687623,-80.343837,2021,Fatality
25.612554,-80.310291,2021,Serious Injury
25.826248,-80.285298,2021,Serious Injury
25.845952,-80.200913,2021,Serious Injury
25.866589,-80.295023,2021,Serious Injury
25.757454,-80.193432,2021,Fatality
25.835278,-80.285846,2021,Serious Injury
25.804213,-80.313046,2021,Fatality
25.769949,-80.316326,2021,Serious Injury
25.845793,-80.225361,2021,Serious Injury
25.942277,-80.213142,2021,Serious Injury
25.964771,-80.24655,2021,Serious Injury
25.701106,-80.29346,2021,Serious Injury
25.782478,-80.223516,2021,Fatality
25.59521,-80.372779,2021,Serious Injury
25.462455,-80.475128,2021,Serious Injury
25.785683,-80.190057,2021,Serious Injury
25.643754,-80.382897,2021,Serious Injury
25.670345,-80.432677,2021,Fatality
25.586916,-80.495376,2021,Fatality
25.768172,-80.386863,2021,Fatality
25.923355,-80.21115,2021,Fatality
25.624155,-80.47952,2021,Fatality
25.48468,-80.460848,2021,Serious Injury
25.907604,-80.236236,2021,Fatality
25.780726,-80.199892,2021,Serious Injury
25.780275,-80.31887,2021,Fatality
25.901555,-80.324352,2021,Serious Injury
25.674072,-80.363042,2021,Serious Injury
25.835886,-80.205888,2021,Serious Injury
25.916707,-80.325038,2021,Serious Injury
25.498522,-80.417336,2021,Serious Injury
25.437029,-80.474799,2021,Serious Injury
25.79544,-80.205306,2021,Fatality
25.925615,-80.169982,2021,Serious Injury
25.899418,-80.218997,2021,Serious Injury
25.729827,-80.351595,2021,Serious Injury
25.817307,-80.240448,2021,Fatality
25.700847,-80.371242,2021,Fatality
25.964814,-80.165431,2021,Serious Injury
25.530412,-80.416804,2021,Serious Injury
25.846035,-80.282285,2021,Fatality
25.657028,-80.387578,2021,Serious Injury
25.884713,-80.243072,2021,Fatality
25.939632,-80.277855,2021,Serious Injury
25.76953,-80.336382,2021,Fatality
25.963664,-80.165663,2021,Serious Injury
25.733073,-80.335769,2021,Serious Injury
25.947425,-80.148569,2021,Serious Injury
25.913432,-80.20994,2021,Serious Injury
25.913706,-80.209954,2021,Serious Injury
25.83712,-80.241318,2021,Serious Injury
25.971053,-80.229551,2021,Serious Injury
25.781225,-80.338764,2021,Serious Injury
25.791539,-80.206963,2021,Serious Injury
25.782496,-80.222908,2021,Serious Injury
25.822914,-80.191739,2021,Serious Injury
25.912316,-80.324838,2021,Serious Injury
25.894497,-80.243431,2021,Serious Injury
25.946793,-80.277782,2021,Serious Injury
25.911824,-80.244102,2021,Serious Injury
25.790036,-80.186917,2021,Fatality
25.865661,-80.274614,2021,Serious Injury
25.869166,-80.209686,2021,Serious Injury
25.831397,-80.232926,2021,Fatality
25.929142,-80.21135,2021,Fatality
25.806287,-80.20569,2021,Serious Injury
25.775392,-80.386642,2021,Serious Injury
25.795532,-80.373075,2021,Serious Injury
25.965498,-80.146456,2021,Serious Injury
25.786661,-80.202506,2021,Serious Injury
25.962012,-80.166426,2021,Serious Injury
25.813666,-80.205941,2021,Serious Injury
25.88418,-80.302994,2021,Serious Injury
25.826187,-80.27344,2021,Serious Injury
25.838378,-80.273904,2021,Serious Injury
25.562702,-80.38504,2021,Serious Injury
25.940092,-80.191183,2021,Serious Injury
25.972626,-80.1475,2021,Serious Injury
25.942502,-80.346734,2021,Serious Injury
25.717177,-80.318265,2021,Serious Injury
25.726373,-80.331296,2021,Fatality
25.598045,-80.370443,2021,Fatality
25.945109,-80.294063,2021,Serious Injury
25.851195,-80.233837,2021,Fatality
25.774461,-80.1384,2021,Fatality
25.825276,-80.195938,2021,Serious Injury
25.934924,-80.215645,2021,Serious Injury
25.88942,-80.16217,2021,Serious Injury
25.868267,-80.322852,2021,Serious Injury
25.941321,-80.18878,2021,Serious Injury
25.81354,-80.240923,2021,Serious Injury
25.495011,-80.435469,2021,Serious Injury
25.897447,-80.235001,2021,Serious Injury
25.811066,-80.253684,2021,Serious Injury
25.889805,-80.209159,2021,Fatality
25.772512,-80.214859,2021,Serious Injury
25.809819,-80.215386,2021,Serious Injury
25.773697,-80.20875,2021,Serious Injury
25.844366,-80.249843,2021,Fatality
25.598607,-80.354102,2021,Serious Injury
25.812191,-80.243161,2021,Serious Injury
25.78776,-80.214927,2021,Serious Injury
25.822397,-80.321566,2021,Serious Injury
25.790405,-80.214953,2021,Serious Injury
25.651592,-80.330443,2021,Serious Injury
25.944515,-80.179738,2021,Serious Injury
25.776963,-80.296304,2021,Serious Injury
25.763319,-80.295724,2021,Serious Injury
25.535643,-80.478012,2021,Serious Injury
25.668263,-80.322695,2021,Fatality
25.874763,-80.12237,2021,Serious Injury
25.946062,-80.205256,2021,Serious Injury
25.837833,-80.208762,2021,Fatality
25.897339,-80.209533,2021,Serious Injury
25.772562,-80.231385,2021,Serious Injury
25.77535,-80.263787,2021,Serious Injury
25.697467,-80.257687,2019,Serious Injury
25.884539,-80.31881,2019,Serious Injury
25.700465,-80.383635,2020,Fatality
25.953436,-80.120648,2020,Serious Injury
25.867672,-80.255793,2020,Serious Injury
25.816182,-80.206002,2020,Serious Injury
25.847646,-80.190784,2020,Serious Injury
25.518757,-80.427197,2020,Fatality
25.581341,-80.337926,2020,Fatality
25.568678,-80.429402,2020,Serious Injury
25.512277,-80.433517,2020,Serious Injury
25.831816,-80.205788,2020,Serious Injury
25.909957,-80.192837,2020,Serious Injury
25.505568,-80.396089,2020,Fatality
25.82616,-80.337779,2020,Fatality
25.807305,-80.191134,2020,Serious Injury
25.712522,-80.266308,2020,Serious Injury
25.900231,-80.166547,2020,Serious Injury
25.965364,-80.209965,2020,Serious Injury
25.941854,-80.22017,2020,Serious Injury
25.944286,-80.147838,2020,Serious Injury
25.97125,-80.143414,2020,Serious Injury
25.922253,-80.389614,2020,Serious Injury
25.433027,-80.519162,2020,Fatality
25.59426,-80.485771,2020,Fatality
25.563201,-80.486232,2020,Fatality
25.586128,-80.362222,2020,Fatality
25.539761,-80.408215,2020,Fatality
25.823726,-80.246415,2020,Fatality
25.762662,-80.267294,2020,Fatality
25.670897,-80.413627,2020,Fatality
25.678056,-80.416483,2020,Serious Injury
25.787764,-80.211013,2020,Serious Injury
25.854979,-80.262464,2020,Fatality
25.951459,-80.245716,2020,Fatality
25.826731,-80.269398,2020,Serious Injury
25.850789,-80.207753,2020,Serious Injury
25.731053,-80.318268,2020,Serious Injury
25.788881,-80.141165,2020,Serious Injury
25.749539,-80.262755,2020,Serious Injury
25.535402,-80.411964,2020,Serious Injury
25.788489,-80.227193,2020,Fatality
25.899448,-80.186624,2020,Serious Injury
25.590914,-80.380837,2020,Serious Injury
25.936718,-80.261202,2020,Fatality
25.562637,-80.385104,2020,Fatality
25.772688,-80.226491,2020,Serious Injury
25.955468,-80.233722,2020,Serious Injury
25.897268,-80.243252,2020,Serious Injury
25.688563,-80.4782,2020,Serious Injury
25.771867,-80.149168,2020,Serious Injury
25.866535,-80.312368,2020,Serious Injury
25.783542,-80.304724,2020,Serious Injury
25.905349,-80.324522,2020,Serious Injury
25.484585,-80.460947,2020,Serious Injury
25.785073,-80.201734,2020,Serious Injury
25.771261,-80.263579,2020,Serious Injury
25.716593,-80.336946,2020,Serious Injury
25.846772,-80.217702,2020,Serious Injury
25.781946,-80.331997,2020,Fatality
25.499444,-80.441434,2020,Serious Injury
25.85055,-80.121538,2020,Serious Injury
25.84646,-80.225773,2020,Serious Injury
25.896642,-80.259708,2020,Serious Injury
25.550816,-80.396767,2020,Serious Injury
25.647492,-80.336295,2020,Serious Injury
25.808838,-80.24824,2020,Serious Injury
25.848755,-80.209212,2020,Serious Injury
25.65258,-80.28565,2020,Serious Injury
25.805782,-80.1894,2020,Serious Injury
25.920964,-80.292963,2020,Serious Injury
25.9654,-80.263622,2020,Serious Injury
25.929348,-80.170453,2020,Serious Injury
25.797051,-80.385194,2020,Serious Injury
25.787135,-80.231329,2020,Serious Injury
25.962755,-80.166032,2020,Serious Injury
25.729514,-80.257788,2020,Serious Injury
25.779692,-80.151189,2020,Serious Injury
25.811233,-80.230436,2020,Serious Injury
25.477929,-80.493717,2020,Serious Injury
25.852718,-80.26349,2020,Serious Injury
25.677935,-80.420426,2020,Serious Injury
25.630288,-80.390365,2020,Serious Injury
25.887213,-80.21677,2020,Serious Injury
25.813114,-80.190262,2020,Serious Injury
25.772471,-80.214609,2020,Serious Injury
25.75253,-80.26282,2020,Serious Injury
25.531852,-80.396454,2020,Serious Injury
25.86765,-80.226124,2020,Serious Injury
25.690872,-80.454324,2020,Serious Injury
25.437583,-80.486847,2020,Serious Injury
25.748098,-80.306816,2020,Serious Injury
25.823169,-80.26315,2020,Fatality
25.641108,-80.414816,2020,Serious Injury
25.779919,-80.223864,2020,Serious Injury
25.884165,-80.339543,2020,Serious Injury
25.756328,-80.252783,2020,Serious Injury
25.56636,-80.343926,2020,Serious Injury
25.782202,-80.228884,2020,Serious Injury
25.884166,-80.304192,2020,Serious Injury
25.884034,-80.322008,2020,Serious Injury
25.857971,-80.233921,2020,Serious Injury
25.752226,-80.258659,2020,Serious Injury
25.919678,-80.155832,2020,Serious Injury
25.94125,-80.238821,2020,Serious Injury
25.550409,-80.486189,2020,Serious Injury
25.693137,-80.268187,2020,Serious Injury
25.732423,-80.367231,2020,Serious Injury
25.957662,-80.197711,2020,Serious Injury
25.861047,-80.230993,2020,Serious Injury
25.891803,-80.48422,2020,Serious Injury
25.784469,-80.202868,2020,Serious Injury
25.790169,-80.169858,2020,Serious Injury
25.837012,-80.229104,2020,Serious Injury
25.895903,-80.378065,2020,Serious Injury
25.8666,-80.250759,2020,Serious Injury
25.73294,-80.339853,2020,Serious Injury
25.854449,-80.306512,2020,Fatality
25.838095,-80.28094,2020,Fatality
25.898975,-80.160776,2020,Serious Injury
25.936925,-80.204808,2020,Serious Injury
25.899939,-80.174586,2020,Serious Injury
25.87357,-80.185773,2020,Fatality
25.863454,-80.193271,2020,Fatality
25.843194,-80.229357,2020,Serious Injury
25.818922,-80.325551,2020,Serious Injury
25.682903,-80.388388,2020,Serious Injury
25.913623,-80.176512,2020,Serious Injury
25.838116,-80.229223,2020,Serious Injury
25.816711,-80.123366,2020,Serious Injury
25.938809,-80.149571,2020,Serious Injury
25.825232,-80.224768,2020,Serious Injury
25.955498,-80.254637,2020,Serious Injury
25.954089,-80.278203,2020,Serious Injury
25.623285,-80.374199,2020,Serious Injury
25.881221,-80.291174,2020,Fatality
25.813116,-80.205926,2020,Serious Injury
25.813666,-80.205941,2020,Serious Injury
25.793268,-80.205251,2020,Serious Injury
25.810414,-80.154352,2020,Serious Injury
25.904736,-80.23807,2020,Serious Injury
25.949112,-80.146642,2020,Serious Injury
25.81451,-80.24034,2020,Serious Injury
25.954402,-80.205527,2020,Serious Injury
25.941494,-80.229268,2020,Fatality
25.840325,-80.318079,2020,Serious Injury
25.636445,-80.33748,2020,Serious Injury
25.76107,-80.455517,2020,Fatality
25.897031,-80.124293,2020,Fatality
25.885251,-80.26792,2020,Serious Injury
25.971337,-80.262606,2020,Fatality
25.785337,-80.263435,2020,Serious Injury
25.911736,-80.246266,2020,Serious Injury
25.898467,-80.207176,2020,Serious Injury
25.95566,-80.146765,2020,Serious Injury
25.900891,-80.325416,2020,Serious Injury
25.720415,-80.335146,2020,Serious Injury
25.686269,-80.387468,2020,Serious Injury
25.936923,-80.182504,2020,Serious Injury
25.89808,-80.334624,2020,Serious Injury
25.861707,-80.213872,2020,Fatality
25.466084,-80.489078,2020,Serious Injury
25.817744,-80.199375,2020,Serious Injury
25.895494,-80.16183,2020,Serious Injury
25.84596,-80.242148,2020,Serious Injury
25.850261,-80.180481,2020,Serious Injury
25.957884,-80.17134,2020,Serious Injury
25.796224,-80.243813,2020,Fatality
25.551906,-80.362655,2020,Serious Injury
25.790442,-80.141132,2020,Serious Injury
25.774337,-80.137217,2020,Serious Injury
25.951938,-80.205555,2020,Fatality
25.779284,-80.214801,2020,Serious Injury
25.880579,-80.323394,2020,Serious Injury
25.762451,-80.321245,2020,Serious Injury
25.918142,-80.199886,2020,Fatality
25.881597,-80.274925,2020,Fatality
25.847166,-80.205162,2020,Serious Injury
25.69148,-80.402075,2020,Fatality
25.919279,-80.203965,2020,Fatality
25.694076,-80.430397,2020,Fatality
25.839502,-80.216838,2020,Fatality
25.619181,-80.345495,2020,Serious Injury
25.948231,-80.184577,2020,Serious Injury
25.942763,-80.205123,2020,Fatality
25.961772,-80.166576,2020,Serious Injury
25.925277,-80.28007,2020,Serious Injury
25.899317,-80.209661,2020,Serious Injury
25.843592,-80.200834,2020,Fatality
25.775725,-80.187446,2020,Serious Injury
25.787756,-80.224595,2020,Serious Injury
25.769222,-80.344312,2020,Fatality
25.52561,-80.421489,2020,Fatality
25.881221,-80.291174,2020,Serious Injury
25.825378,-80.192041,2020,Fatality
25.580808,-80.412909,2020,Serious Injury
25.942976,-80.148253,2020,Fatality
25.602091,-80.351874,2020,Fatality
25.883032,-80.226749,2020,Serious Injury
25.73522,-80.15682,2020,Serious Injury
25.711757,-80.431569,2020,Serious Injury
25.721167,-80.319992,2020,Serious Injury
25.937468,-80.196475,2020,Serious Injury
25.898844,-80.239847,2020,Serious Injury
25.92467,-80.18809,2020,Serious Injury
25.970589,-80.165422,2020,Fatality
25.82212,-80.24062,2020,Serious Injury
25.926182,-80.244531,2020,Serious Injury
25.487533,-80.457737,2020,Fatality
25.798323,-80.127292,2020,Serious Injury
25.789136,-80.142362,2020,Serious Injury
25.848925,-80.207685,2020,Serious Injury
25.849907,-80.207695,2020,Serious Injury
25.866899,-80.280966,2020,Serious Injury
25.944389,-80.186827,2020,Serious Injury
25.89975,-80.180539,2020,Fatality
25.866531,-80.315006,2020,Fatality
25.726218,-80.261923,2020,Serious Injury
25.770538,-80.302036,2020,Fatality
25.826422,-80.206451,2020,Serious Injury
25.844777,-80.221275,2020,Fatality
25.925131,-80.277378,2020,Serious Injury
25.797045,-80.239947,2020,Serious Injury
25.812035,-80.321266,2020,Serious Injury
25.824546,-80.220375,2020,Fatality
25.809082,-80.240678,2020,Fatality
25.835948,-80.225101,2020,Serious Injury
25.830059,-80.27817,2020,Fatality
25.876979,-80.335326,2020,Fatality
25.887274,-80.209045,2020,Serious Injury
25.940428,-80.205008,2020,Fatality
25.878092,-80.315302,2020,Serious Injury
25.663579,-80.414131,2020,Serious Injury
25.886381,-80.13834,2020,Serious Injury
25.795826,-80.197695,2020,Fatality
25.796233,-80.19766,2020,Fatality
25.787121,-80.231309,2020,Fatality
25.772421,-80.227421,2020,Fatality
25.935565,-80.196657,2020,Fatality
25.580455,-80.441309,2020,Fatality
25.803783,-80.203156,2020,Fatality
25.840671,-80.334081,2020,Fatality
25.815903,-80.321465,2020,Fatality
25.777603,-80.207792,2020,Serious Injury
25.671053,-80.363135,2020,Serious Injury
25.792117,-80.312659,2020,Serious Injury
25.86789,-80.252312,2020,Serious Injury
25.560098,-80.366892,2020,Fatality
25.940092,-80.191183,2020,Serious Injury
25.811446,-80.187676,2020,Serious Injury
25.743761,-80.410168,2020,Serious Injury
25.75763,-80.202114,2020,Serious Injury
25.688283,-80.323213,2020,Serious Injury
25.832544,-80.205746,2020,Serious Injury
25.89582,-80.209459,2020,Fatality
25.925224,-80.285627,2020,Fatality
25.831193,-80.243017,2020,Serious Injury
25.92697,-80.225786,2020,Serious Injury
25.733232,-80.327448,2020,Serious Injury
25.801673,-80.191718,2020,Serious Injury
25.27426,-80.44155,2020,Serious Injury
25.869013,-80.2138,2020,Fatality
25.902022,-80.325471,2020,Serious Injury
25.832674,-80.205749,2020,Serious Injury
25.806358,-80.264269,2020,Serious Injury
25.81189,-80.385708,2020,Serious Injury
25.672815,-80.364549,2020,Fatality
25.810637,-80.264424,2020,Serious Injury
25.576951,-80.382477,2020,Fatality
25.778893,-80.3209,2020,Serious Injury
25.570943,-80.372296,2020,Serious Injury
25.819565,-80.187645,2020,Serious Injury
25.792107,-80.205079,2020,Serious Injury
25.924433,-80.30922,2020,Serious Injury
25.853948,-80.322454,2020,Serious Injury
25.37349,-80.462958,2020,Serious Injury
25.861325,-80.33194,2020,Fatality
25.861065,-80.3142,2020,Serious Injury
25.865491,-80.242348,2020,Serious Injury
25.606824,-80.33947,2020,Serious Injury
25.869841,-80.266793,2020,Serious Injury
25.916979,-80.37929,2020,Serious Injury
25.692592,-80.439084,2020,Fatality
25.907998,-80.324794,2020,Serious Injury
25.951775,-80.29437,2020,Serious Injury
25.925436,-80.260756,2020,Serious Injury
25.688484,-80.316236,2020,Fatality
25.723278,-80.265962,2020,Serious Injury
25.88953,-80.209147,2020,Serious Injury
25.811441,-80.20755,2020,Fatality
25.598607,-80.354102,2020,Fatality
25.876071,-80.169222,2020,Fatality
25.866729,-80.122252,2020,Fatality
25.682396,-80.314853,2020,Fatality
25.772289,-80.198283,2020,Fatality
25.901143,-80.250446,2020,Fatality
25.649843,-80.386683,2020,Serious Injury
25.728724,-80.430918,2020,Serious Injury
25.899782,-80.328763,2020,Fatality
25.500247,-80.404193,2020,Serious Injury
25.843245,-80.206241,2020,Fatality
25.822107,-80.321557,2020,Serious Injury
25.851063,-80.28443,2020,Serious Injury
25.735093,-80.253322,2020,Serious Injury
25.721025,-80.269815,2020,Serious Injury
25.735299,-80.35975,2020,Serious Injury
25.928523,-80.188361,2020,Serious Injury
25.926187,-80.152828,2020,Serious Injury
25.450492,-80.415538,2020,Serious Injury
25.971142,-80.271453,2020,Serious Injury
25.862053,-80.125586,2020,Serious Injury
25.747199,-80.24951,2020,Serious Injury
25.851608,-80.225363,2020,Serious Injury
25.817964,-80.224274,2020,Serious Injury
25.963621,-80.164825,2020,Serious Injury
25.801817,-80.23483,2020,Serious Injury
25.832493,-80.206945,2020,Serious Injury
25.94505,-80.186779,2020,Serious Injury
25.781089,-80.358896,2020,Serious Injury
25.779308,-80.312294,2020,Serious Injury
25.767097,-80.202583,2020,Serious Injury
25.847668,-80.188725,2020,Serious Injury
25.772462,-80.216226,2020,Serious Injury
25.768426,-80.22265,2020,Serious Injury
25.770836,-80.214524,2020,Serious Injury
25.865331,-80.254848,2020,Serious Injury
25.620057,-80.378924,2020,Fatality
25.580582,-80.430081,2020,Fatality
25.521423,-80.424803,2020,Serious Injury
25.470226,-80.399772,2020,Fatality
25.920766,-80.19996,2020,Serious Injury
25.932751,-80.252936,2020,Fatality
25.58824,-80.510875,2020,Serious Injury
25.834806,-80.225034,2020,Serious Injury
25.502892,-80.417486,2020,Serious Injury
25.571502,-80.372304,2020,Serious Injury
25.550912,-80.396668,2020,Fatality
25.685789,-80.400319,2020,Serious Injury
25.910044,-80.157413,2020,Serious Injury
25.73311,-80.310964,2020,Serious Injury
25.76115,-80.320895,2020,Fatality
25.938651,-80.19345,2020,Serious Injury
25.723918,-80.318138,2020,Serious Injury
25.953216,-80.140138,2020,Serious Injury
25.580547,-80.478162,2020,Serious Injury
25.762655,-80.318087,2020,Serious Injury
25.78591,-80.189116,2020,Serious Injury
25.963351,-80.205793,2020,Fatality
25.94964,-80.209447,2020,Serious Injury
25.7329,-80.317274,2020,Serious Injury
25.930398,-80.373293,2020,Serious Injury
25.951555,-80.295178,2020,Fatality
25.876891,-80.328103,2020,Fatality
25.778567,-80.166538,2020,Fatality
25.907681,-80.185321,2020,Fatality
25.896922,-80.252456,2020,Serious Injury
25.947949,-80.148715,2020,Serious Injury
25.862077,-80.125492,2020,Serious Injury
25.60048,-80.332115,2020,Serious Injury
25.673895,-80.320297,2020,Serious Injury
25.972739,-80.206019,2020,Serious Injury
25.906671,-80.209924,2020,Serious Injury
25.768597,-80.263429,2020,Serious Injury
25.950469,-80.430952,2020,Serious Injury
25.894698,-80.481863,2020,Fatality
25.71751,-80.479682,2020,Serious Injury
25.672944,-80.364052,2020,Serious Injury
25.515252,-80.4306,2020,Serious Injury
25.944712,-80.173267,2020,Serious Injury
25.774605,-80.214627,2020,Serious Injury
25.544093,-80.362723,2020,Fatality
25.96331,-80.185475,2020,Serious Injury
25.517974,-80.422719,2020,Serious Injury
25.890612,-80.177908,2020,Serious Injury
25.711174,-80.43092,2020,Serious Injury
25.850847,-80.322367,2020,Serious Injury
25.869784,-80.20837,2020,Serious Injury
25.930692,-80.211314,2020,Serious Injury
25.811429,-80.188061,2020,Serious Injury
25.69942,-80.162058,2020,Fatality
25.830477,-80.205782,2020,Serious Injury
25.860958,-80.208113,2020,Serious Injury
25.489763,-80.456077,2020,Fatality
25.925699,-80.260125,2020,Fatality
25.672275,-80.367612,2020,Serious Injury
25.861088,-80.208116,2020,Fatality
25.452633,-80.476183,2020,Fatality
25.761529,-80.353182,2020,Serious Injury
25.824625,-80.215893,2020,Fatality
25.803247,-80.18921,2020,Fatality
25.89501,-80.209417,2020,Serious Injury
25.83323,-80.187465,2020,Serious Injury
25.484585,-80.460947,2020,Serious Injury
25.674588,-80.319754,2020,Fatality
25.763181,-80.304282,2020,Fatality
25.961772,-80.166576,2020,Serious Injury
25.848549,-80.207605,2020,Serious Injury
25.789867,-80.26463,2020,Fatality
25.826695,-80.19624,2020,Fatality
25.8493,-80.322581,2019,Serious Injury
25.804473,-80.482455,2019,Serious Injury
25.448816,-80.480757,2019,Serious Injury
25.772288,-80.239015,2019,Serious Injury
25.742806,-80.440274,2019,Serious Injury
25.817338,-80.215988,2019,Serious Injury
25.774009,-80.234971,2019,Serious Injury
25.537182,-80.34733,2019,Serious Injury
25.847854,-80.21123,2019,Serious Injury
25.670505,-80.424478,2019,Serious Injury
25.874397,-80.274849,2019,Serious Injury
25.676899,-80.44936,2019,Serious Injury
25.963642,-80.143121,2019,Serious Injury
25.794811,-80.22154,2019,Fatality
25.851037,-80.286362,2019,Fatality
25.914172,-80.122547,2019,Fatality
25.856661,-80.314591,2019,Serious Injury
25.794713,-80.268114,2019,Serious Injury
25.91684,-80.236177,2019,Serious Injury
25.766403,-80.191827,2019,Serious Injury
25.745912,-80.212695,2019,Serious Injury
25.828066,-80.22497,2019,Fatality
25.768637,-80.366398,2019,Fatality
25.768379,-80.370091,2019,Fatality
25.829986,-80.279575,2019,Fatality
25.963186,-80.185646,2019,Serious Injury
25.477734,-80.427741,2019,Serious Injury
25.502959,-80.450124,2019,Fatality
25.929017,-80.309661,2019,Fatality
25.494907,-80.436809,2019,Fatality
25.85114,-80.201157,2019,Serious Injury
25.803222,-80.195081,2019,Serious Injury
25.813636,-80.134195,2019,Serious Injury
25.883143,-80.289166,2019,Serious Injury
25.576586,-80.351567,2019,Serious Injury
25.929928,-80.329094,2019,Serious Injury
25.951385,-80.148938,2019,Serious Injury
25.743466,-80.416118,2019,Serious Injury
25.699239,-80.439172,2019,Serious Injury
25.911372,-80.25648,2019,Serious Injury
25.966343,-80.174325,2019,Serious Injury
25.923382,-80.276597,2019,Serious Injury
25.892411,-80.307919,2019,Serious Injury
25.803839,-80.199225,2019,Serious Injury
25.929493,-80.162064,2019,Fatality
25.82536,-80.193079,2020,Fatality
25.855292,-80.132311,2019,Serious Injury
25.948147,-80.245743,2019,Serious Injury
25.851339,-80.140078,2019,Serious Injury
25.787451,-80.136465,2019,Serious Injury
25.787373,-80.141106,2019,Fatality
25.872535,-80.208888,2019,Serious Injury
25.491945,-80.45375,2019,Serious Injury
25.54829,-80.37207,2019,Serious Injury
25.595418,-80.371226,2019,Serious Injury
25.279602,-80.44271,2019,Serious Injury
25.859162,-80.322567,2019,Serious Injury
25.812185,-80.209597,2019,Serious Injury
25.688206,-80.325238,2019,Serious Injury
25.868417,-80.208624,2019,Serious Injury
25.76148,-80.354114,2019,Serious Injury
25.813645,-80.126324,2019,Serious Injury
25.929447,-80.205672,2019,Serious Injury
25.898569,-80.209914,2019,Serious Injury
25.930804,-80.209358,2019,Serious Injury
25.924855,-80.309775,2019,Serious Injury
25.733171,-80.313738,2019,Serious Injury
25.792301,-80.130755,2019,Serious Injury
25.896228,-80.209471,2019,Serious Injury
25.902564,-80.2921,2019,Serious Injury
25.685898,-80.395644,2019,Serious Injury
25.761981,-80.697854,2019,Serious Injury
25.811414,-80.194524,2019,Serious Injury
25.784433,-80.293164,2019,Fatality
25.580653,-80.417205,2019,Serious Injury
25.907819,-80.235799,2019,Serious Injury
25.486785,-80.458974,2019,Serious Injury
25.77446,-80.133904,2019,Serious Injury
25.572001,-80.372305,2019,Serious Injury
25.914748,-80.21,2019,Serious Injury
25.811215,-80.253737,2019,Fatality
25.580791,-80.409165,2019,Serious Injury
25.774534,-80.136972,2019,Serious Injury
25.848215,-80.120249,2019,Fatality
25.636399,-80.337683,2019,Serious Injury
25.949371,-80.350758,2019,Fatality
25.853922,-80.32239,2019,Serious Injury
25.685622,-80.405001,2019,Serious Injury
25.905723,-80.24004,2019,Fatality
25.944697,-80.173051,2019,Fatality
25.899468,-80.209982,2019,Serious Injury
25.89806,-80.211255,2019,Serious Injury
25.964921,-80.178305,2019,Serious Injury
25.930649,-80.293359,2019,Serious Injury
25.499573,-80.409951,2019,Fatality
25.753575,-80.204218,2019,Serious Injury
25.944284,-80.353689,2019,Serious Injury
25.777501,-80.163706,2019,Serious Injury
25.733057,-80.317692,2019,Serious Injury
25.761507,-80.352575,2019,Serious Injury
25.951684,-80.431203,2019,Fatality
25.861151,-80.12379,2019,Fatality
25.844893,-80.120431,2019,Serious Injury
25.787169,-80.1411,2019,Fatality
25.902191,-80.387178,2019,Serious Injury
25.784051,-80.289273,2019,Serious Injury
25.732967,-80.343824,2019,Fatality
25.549959,-80.397865,2019,Serious Injury
25.733161,-80.335867,2019,Serious Injury
25.927689,-80.350064,2019,Fatality
25.927342,-80.220666,2019,Serious Injury
25.73224,-80.367804,2019,Serious Injury
25.789591,-80.206935,2019,Serious Injury
25.773456,-80.263665,2019,Fatality
25.765514,-80.226812,2019,Serious Injury
25.898517,-80.204358,2019,Serious Injury
25.77941,-80.206605,2019,Serious Injury
25.779121,-80.214799,2019,Fatality
25.904256,-80.159107,2019,Serious Injury
25.80762,-80.289318,2019,Fatality
25.941681,-80.162609,2019,Fatality
25.925856,-80.163792,2019,Fatality
25.809328,-80.26115,2019,Serious Injury
25.766223,-80.190763,2019,Serious Injury
25.923141,-80.155785,2019,Fatality
25.925734,-80.178268,2019,Serious Injury
25.790224,-80.199846,2019,Serious Injury
25.773991,-80.197695,2019,Serious Injury
25.775007,-80.198947,2019,Serious Injury
25.845705,-80.249915,2019,Fatality
25.794308,-80.238746,2019,Serious Injury
25.764295,-80.267212,2019,Fatality
25.871658,-80.214058,2019,Fatality
25.819229,-80.195665,2019,Fatality
25.929086,-80.314592,2019,Serious Injury
25.799029,-80.252606,2019,Serious Injury
25.868674,-80.2259,2019,Serious Injury
25.701124,-80.366831,2019,Serious Injury
25.825481,-80.187353,2019,Serious Injury
25.890681,-80.176128,2019,Serious Injury
25.80953,-80.223915,2019,Serious Injury
25.784714,-80.239568,2019,Fatality
25.890783,-80.1707,2019,Fatality
25.815992,-80.207785,2019,Fatality
25.848061,-80.17637,2019,Serious Injury
25.786486,-80.189133,2019,Serious Injury
25.808618,-80.256236,2019,Fatality
25.859404,-80.266729,2019,Serious Injury
25.886994,-80.291435,2019,Serious Injury
25.8668,-80.322585,2019,Serious Injury
25.86885,-80.21773,2019,Serious Injury
25.733835,-80.29354,2019,Fatality
25.883533,-80.322073,2019,Serious Injury
25.861597,-80.2666,2019,Fatality
25.76086,-80.430684,2019,Serious Injury
25.709148,-80.342573,2019,Serious Injury
25.890103,-80.190273,2019,Serious Injury
25.890153,-80.188942,2019,Serious Injury
25.904693,-80.187087,2019,Fatality
25.787015,-80.184837,2019,Serious Injury
25.808153,-80.275044,2019,Serious Injury
25.95688,-80.310706,2019,Serious Injury
25.595612,-80.429687,2019,Serious Injury
25.941198,-80.237252,2019,Fatality
25.832009,-80.121727,2019,Serious Injury
25.82301,-80.240825,2019,Serious Injury
25.898554,-80.319154,2019,Serious Injury
25.760324,-80.321228,2019,Serious Injury
25.531194,-80.37197,2019,Serious Injury
25.896281,-80.37919,2019,Fatality
25.629459,-80.319456,2019,Fatality
25.937935,-80.237072,2019,Serious Injury
25.953456,-80.204714,2019,Serious Injury
25.829773,-80.265471,2019,Fatality
25.790288,-80.233248,2019,Serious Injury
25.882623,-80.251507,2019,Serious Injury
25.90203,-80.267731,2019,Fatality
25.764271,-80.216495,2019,Serious Injury
25.837889,-80.20151,2019,Serious Injury
25.831828,-80.220745,2019,Fatality
25.717341,-80.274345,2019,Serious Injury
25.831146,-80.218796,2019,Serious Injury
25.783871,-80.239546,2019,Serious Injury
25.926653,-80.420528,2019,Serious Injury
25.854973,-80.207901,2019,Fatality
25.966046,-80.165552,2019,Serious Injury
25.763215,-80.199866,2019,Serious Injury
25.899702,-80.18039,2019,Fatality
25.858626,-80.242235,2019,Serious Injury
25.80885,-80.248034,2019,Serious Injury
25.734282,-80.275262,2019,Serious Injury
25.734356,-80.27109,2019,Serious Injury
25.734356,-80.27109,2019,Serious Injury
25.897787,-80.223439,2019,Serious Injury
25.686238,-80.311317,2019,Fatality
25.770659,-80.234555,2019,Serious Injury
25.810221,-80.223915,2019,Serious Injury
25.846882,-80.214351,2019,Fatality
25.811554,-80.19563,2019,Serious Injury
25.916098,-80.222832,2019,Serious Injury
25.712302,-80.270435,2019,Serious Injury
25.816911,-80.27274,2019,Serious Injury
25.847964,-80.290158,2019,Serious Injury
25.963687,-80.142367,2019,Serious Injury
25.804169,-80.195106,2019,Serious Injury
25.867274,-80.271794,2019,Serious Injury
25.908368,-80.17008,2019,Serious Injury
25.839851,-80.314247,2019,Fatality
25.809182,-80.237734,2019,Serious Injury
25.95418,-80.262007,2019,Serious Injury
25.435287,-80.474426,2019,Serious Injury
25.932901,-80.265025,2019,Fatality
25.644015,-80.33416,2019,Serious Injury
25.44777,-80.477535,2019,Serious Injury
25.817436,-80.240454,2019,Serious Injury
25.809009,-80.240292,2019,Serious Injury
25.887188,-80.123712,2019,Serious Injury
25.767133,-80.200685,2019,Fatality
25.781385,-80.206685,2019,Serious Injury
25.766317,-80.230857,2019,Serious Injury
25.664875,-80.371261,2019,Fatality
25.81231,-80.242221,2019,Serious Injury
25.925755,-80.208485,2019,Serious Injury
25.898699,-80.291885,2019,Serious Injury
25.964431,-80.165511,2019,Serious Injury
25.674162,-80.319926,2019,Serious Injury
25.830174,-80.273136,2019,Serious Injury
25.811681,-80.138667,2019,Serious Injury
25.961259,-80.166937,2019,Serious Injury
25.833155,-80.20575,2019,Serious Injury
25.913845,-80.210257,2019,Serious Injury
25.963019,-80.185652,2019,Fatality
25.68058,-80.357145,2019,Serious Injury
25.717558,-80.479698,2019,Serious Injury
25.950132,-80.146775,2019,Serious Injury
25.771952,-80.252389,2019,Serious Injury
25.741674,-80.233191,2019,Serious Injury
25.783926,-80.206776,2019,Serious Injury
25.589774,-80.360789,2019,Serious Injury
25.741033,-80.384456,2019,Serious Injury
25.766585,-80.320264,2019,Serious Injury
25.683796,-80.461772,2019,Serious Injury
25.781957,-80.321834,2019,Serious Injury
25.80934,-80.231748,2019,Serious Injury
25.506831,-80.439041,2019,Serious Injury
25.350465,-80.457971,2019,Serious Injury
25.78297,-80.306995,2019,Fatality
25.812016,-80.235564,2019,Serious Injury
25.785984,-80.254756,2019,Serious Injury
25.960635,-80.16783,2019,Serious Injury
25.673535,-80.363878,2019,Fatality
25.58086,-80.395034,2019,Serious Injury
25.684618,-80.440848,2019,Serious Injury
25.447764,-80.475184,2019,Serious Injury
25.837771,-80.208754,2019,Serious Injury
25.770379,-80.308718,2019,Serious Injury
25.776849,-80.199464,2019,Serious Injury
25.780557,-80.170767,2019,Fatality
25.728289,-80.439613,2019,Serious Injury
25.518349,-80.379317,2019,Fatality
25.829748,-80.185242,2019,Serious Injury
25.962571,-80.166396,2019,Serious Injury
25.86198,-80.208434,2019,Serious Injury
25.896225,-80.37949,2019,Serious Injury
25.858551,-80.234096,2019,Fatality
25.767825,-80.41732,2019,Serious Injury
25.625922,-80.423024,2019,Serious Injury
25.954231,-80.146675,2019,Serious Injury
25.823722,-80.246834,2019,Serious Injury
25.925558,-80.264264,2019,Fatality
25.590548,-80.478423,2019,Serious Injury
25.687851,-80.341083,2019,Serious Injury
25.725736,-80.318225,2019,Fatality
25.786184,-80.213307,2019,Serious Injury
25.961287,-80.205735,2019,Serious Injury
25.951043,-80.146584,2019,Serious Injury
25.950012,-80.431034,2019,Serious Injury
25.761051,-80.392875,2019,Serious Injury
25.847037,-80.209674,2019,Serious Injury
25.760849,-80.43296,2019,Serious Injury
25.783587,-80.265075,2019,Serious Injury
25.819745,-80.254851,2019,Serious Injury
25.766004,-80.832565,2019,Serious Injury
25.777995,-80.336747,2019,Serious Injury
25.52533,-80.421962,2019,Fatality
25.595145,-80.372555,2019,Serious Injury
25.783164,-80.305009,2019,Serious Injury
25.960635,-80.16783,2019,Serious Injury
25.786691,-80.195879,2019,Serious Injury
25.488671,-80.457135,2019,Serious Injury
25.829922,-80.205808,2019,Serious Injury
25.872535,-80.208888,2019,Serious Injury
25.572151,-80.478282,2019,Serious Injury
25.786659,-80.177119,2019,Serious Injury
25.859334,-80.208031,2019,Serious Injury
25.56099,-80.386708,2019,Serious Injury
25.766938,-80.271627,2019,Serious Injury
25.512434,-80.433998,2019,Serious Injury
25.73318,-80.31833,2019,Serious Injury
25.664898,-80.450297,2019,Serious Injury
25.831718,-80.205672,2019,Serious Injury
25.829922,-80.205808,2019,Serious Injury
25.83047,-80.205736,2019,Serious Injury
25.819648,-80.386468,2019,Serious Injury
25.887367,-80.209031,2019,Serious Injury
25.811448,-80.139228,2019,Serious Injury
25.782523,-80.336875,2019,Serious Injury
25.862376,-80.18036,2019,Serious Injury
25.866383,-80.177081,2019,Serious Injury
25.866641,-80.320447,2019,Serious Injury
25.670342,-80.432785,2019,Fatality
25.511578,-80.434216,2019,Serious Injury
25.580161,-80.461998,2019,Serious Injury
25.855786,-80.324647,2019,Serious Injury
25.516482,-80.429636,2019,Serious Injury
25.90526,-80.324494,2019,Fatality
25.912837,-80.211605,2019,Serious Injury
25.812413,-80.205322,2019,Serious Injury
25.942031,-80.18913,2019,Serious Injury
25.847914,-80.207554,2019,Serious Injury
25.787681,-80.209819,2019,Serious Injury
25.683903,-80.462813,2019,Serious Injury
25.845341,-80.266126,2019,Serious Injury
25.76099,-80.416946,2019,Serious Injury
25.866538,-80.307067,2019,Serious Injury
25.85297,-80.32109,2019,Fatality
25.893541,-80.124119,2019,Serious Injury
25.477029,-80.497241,2019,Serious Injury
25.835631,-80.273813,2019,Serious Injury
25.62453,-80.414584,2019,Serious Injury
25.942025,-80.17265,2019,Serious Injury
25.837575,-80.207209,2019,Serious Injury
25.718655,-80.294094,2019,Serious Injury
25.746045,-80.198215,2019,Serious Injury
25.853591,-80.12684,2019,Serious Injury
25.794688,-80.273026,2019,Serious Injury
25.799642,-80.248198,2019,Serious Injury
25.768981,-80.204176,2019,Serious Injury
25.795454,-80.144436,2019,Serious Injury
25.716413,-80.358943,2019,Serious Injury
25.782681,-80.390852,2019,Serious Injury
25.74645,-80.375979,2019,Serious Injury
25.912673,-80.171451,2019,Serious Injury
25.534708,-80.387271,2019,Serious Injury
25.521179,-80.46147,2019,Serious Injury
25.564903,-80.494422,2019,Serious Injury
25.794392,-80.235693,2019,Serious Injury
25.776331,-80.222974,2019,Serious Injury
25.963231,-80.153568,2019,Serious Injury
25.927893,-80.352172,2019,Serious Injury
25.474846,-80.460088,2019,Serious Injury
25.564641,-80.537414,2019,Serious Injury
25.702844,-80.414621,2019,Serious Injury
25.800717,-80.223502,2019,Serious Injury
25.873102,-80.123913,2019,Serious Injury
25.857736,-80.233917,2019,Serious Injury
25.450356,-80.49341,2019,Serious Injury
25.87665,-80.358881,2019,Serious Injury
25.828434,-80.285568,2019,Serious Injury
25.834693,-80.227044,2019,Serious Injury
25.750341,-80.260431,2019,Serious Injury
25.925082,-80.170177,2019,Serious Injury
25.851249,-80.278929,2019,Serious Injury
25.830335,-80.232884,2019,Serious Injury
25.695041,-80.267144,2019,Serious Injury
25.790733,-80.296805,2019,Serious Injury
25.762697,-80.200661,2019,Serious Injury
25.650762,-80.387868,2019,Serious Injury
25.868225,-80.274666,2019,Serious Injury
25.573744,-80.494496,2019,Serious Injury
25.781776,-80.139589,2019,Serious Injury
25.912552,-80.318279,2019,Serious Injury
25.796144,-80.231535,2019,Serious Injury
25.936323,-80.285309,2019,Serious Injury
25.845535,-80.312104,2019,Serious Injury
25.746235,-80.177132,2019,Serious Injury
25.847884,-80.383359,2019,Serious Injury
25.922883,-80.183971,2019,Serious Injury
25.583532,-80.387801,2019,Serious Injury
25.688768,-80.333043,2019,Serious Injury
25.654899,-80.383429,2019,Serious Injury
25.418449,-80.499509,2019,Serious Injury
25.636226,-80.37776,2019,Serious Injury
25.744479,-80.174621,2019,Serious Injury
25.794123,-80.194809,2019,Serious Injury
25.887459,-80.166144,2019,Serious Injury
25.791544,-80.206631,2019,Serious Injury
25.922574,-80.236183,2019,Serious Injury
25.727699,-80.253125,2019,Serious Injury
25.884128,-80.30756,2019,Serious Injury
25.785156,-80.142119,2019,Serious Injury
25.972876,-80.134016,2019,Serious Injury
25.829998,-80.279484,2019,Serious Injury
25.613551,-80.356956,2019,Serious Injury
25.776526,-80.210659,2019,Serious Injury
25.786759,-80.243474,2019,Serious Injury
25.87337,-80.331073,2019,Serious Injury
25.803134,-80.227011,2019,Serious Injury
25.834492,-80.366159,2019,Serious Injury
25.751803,-80.39288,2019,Serious Injury
25.847219,-80.298242,2019,Serious Injury
25.848083,-80.306265,2020,Fatality
25.753679,-80.203872,2020,Serious Injury
25.537669,-80.478034,2020,Fatality
25.828227,-80.224794,2020,Fatality
25.537182,-80.37206,2020,Serious Injury
25.94218,-80.350716,2020,Serious Injury
25.880462,-80.208998,2020,Serious Injury
25.806562,-80.205701,2020,Serious Injury
25.877154,-80.272967,2020,Serious Injury
25.808949,-80.2058,2020,Serious Injury
25.846757,-80.217129,2020,Serious Injury
25.625333,-80.447085,2020,Serious Injury
25.957115,-80.205787,2020,Serious Injury
25.868574,-80.242594,2020,Serious Injury
25.812293,-80.243833,2020,Fatality
25.926824,-80.208879,2020,Fatality
25.781227,-80.335913,2020,Serious Injury
25.8198,-80.206134,2020,Serious Injury
25.84508,-80.207023,2020,Serious Injury
25.927832,-80.350067,2020,Fatality
25.940643,-80.190505,2020,Serious Injury
25.788102,-80.20895,2020,Serious Injury
25.94207,-80.189194,2020,Serious Injury
25.891108,-80.323906,2020,Serious Injury
25.910001,-80.292475,2020,Serious Injury
25.953535,-80.294388,2020,Serious Injury
25.926706,-80.244544,2020,Serious Injury
25.808528,-80.321168,2020,Serious Injury
25.922755,-80.244445,2020,Fatality
25.824651,-80.32154,2020,Fatality
25.916707,-80.325038,2020,Serious Injury
25.858629,-80.208046,2020,Serious Injury
25.762055,-80.336097,2020,Serious Injury
25.796636,-80.224366,2020,Serious Injury
25.345334,-80.45688,2020,Serious Injury
25.580366,-80.449115,2020,Serious Injury
25.881467,-80.212515,2020,Fatality
25.797071,-80.190815,2020,Serious Injury
25.802021,-80.239906,2020,Fatality
25.846208,-80.233967,2020,Serious Injury
25.800537,-80.264368,2020,Serious Injury
25.74746,-80.262631,2020,Serious Injury
25.920607,-80.210335,2020,Serious Injury
25.909485,-80.292474,2020,Serious Injury
25.737016,-80.351689,2020,Serious Injury
25.898206,-80.235171,2020,Fatality
25.888879,-80.210768,2020,Serious Injury
25.906571,-80.388966,2020,Serious Injury
25.780634,-80.136155,2020,Fatality
25.840768,-80.209079,2020,Serious Injury
25.812653,-80.264742,2020,Serious Injury
25.60433,-80.413788,2020,Serious Injury
25.928184,-80.196389,2020,Serious Injury
25.876358,-80.210247,2020,Serious Injury
25.668433,-80.416373,2020,Fatality
25.51808,-80.404217,2020,Serious Injury
25.877106,-80.242758,2020,Fatality
25.84158,-80.26202,2020,Serious Injury
25.954726,-80.262109,2020,Serious Injury
25.714523,-80.415723,2020,Fatality
25.939446,-80.285698,2020,Serious Injury
25.782701,-80.384603,2020,Fatality
25.790812,-80.214962,2020,Serious Injury
25.939962,-80.149387,2020,Serious Injury
25.92537,-80.29313,2020,Serious Injury
25.750196,-80.240595,2020,Fatality
25.853501,-80.184856,2020,Fatality
25.777311,-80.217141,2020,Serious Injury
25.440472,-80.489347,2020,Serious Injury
25.810453,-80.1949,2020,Fatality
25.734638,-80.264135,2020,Serious Injury
25.795232,-80.207012,2020,Serious Injury
25.868176,-80.238385,2020,Fatality
25.602915,-80.364857,2020,Fatality
25.491324,-80.454273,2020,Serious Injury
25.88446,-80.194379,2020,Serious Injury
25.669971,-80.441764,2020,Fatality
25.914201,-80.210202,2020,Serious Injury
25.831601,-80.231008,2020,Fatality
25.891516,-80.350997,2020,Serious Injury
25.62767,-80.373568,2020,Serious Injury
25.886177,-80.243116,2020,Fatality
25.865188,-80.208214,2020,Serious Injury
25.845792,-80.246619,2020,Serious Injury
25.882757,-80.243084,2020,Fatality
25.953758,-80.17794,2020,Serious Injury
25.804273,-80.254394,2020,Serious Injury
25.701477,-80.35304,2020,Serious Injury
25.970773,-80.24668,2020,Serious Injury
25.702884,-80.318861,2020,Fatality
25.761624,-80.348489,2020,Serious Injury
25.944765,-80.148617,2020,Serious Injury
25.945927,-80.164827,2020,Serious Injury
25.77227,-80.239034,2020,Fatality
25.794812,-80.215259,2020,Serious Injury
25.772299,-80.239035,2020,Serious Injury
25.963986,-80.262322,2020,Serious Injury
25.72646,-80.28619,2020,Serious Injury
25.896817,-80.298512,2020,Serious Injury
25.694714,-80.301097,2020,Serious Injury
25.478326,-80.43857,2020,Serious Injury
25.910076,-80.349269,2020,Serious Injury
25.716929,-80.273817,2020,Serious Injury
25.715013,-80.276175,2020,Serious Injury
25.625693,-80.430767,2020,Serious Injury
25.904223,-80.242657,2020,Fatality
25.808745,-80.38642,2020,Fatality
25.813466,-80.205919,2020,Fatality
25.853318,-80.250189,2020,Serious Injury
25.766316,-80.23087,2020,Serious Injury
25.742965,-80.216808,2020,Serious Injury
25.77021,-80.310145,2020,Serious Injury
25.811613,-80.39351,2020,Fatality
25.747989,-80.311897,2020,Serious Injury
25.607541,-80.354662,2020,Serious Injury
25.830865,-80.224838,2020,Serious Injury
25.81868,-80.199732,2020,Serious Injury
25.787649,-80.189131,2020,Serious Injury
25.825933,-80.234482,2020,Serious Injury
25.816146,-80.12356,2020,Serious Injury
25.86221,-80.338894,2020,Serious Injury
25.947334,-80.145375,2020,Serious Injury
25.808597,-80.257756,2020,Serious Injury
25.663128,-80.392852,2020,Serious Injury
25.618018,-80.441661,2020,Serious Injury
25.815568,-80.121183,2020,Serious Injury
25.886907,-80.122717,2020,Serious Injury
25.886907,-80.122717,2020,Serious Injury
25.751193,-80.284964,2020,Serious Injury
25.765342,-80.233027,2020,Serious Injury
25.624122,-80.343198,2020,Serious Injury
25.883244,-80.388422,2020,Serious Injury
25.868394,-80.230232,2020,Serious Injury
25.769584,-80.229361,2020,Serious Injury
25.580827,-80.397667,2020,Serious Injury
25.579775,-80.368337,2020,Serious Injury
25.729579,-80.257557,2020,Serious Injury
25.898975,-80.160776,2020,Serious Injury
25.925656,-80.252661,2020,Serious Injury
25.447297,-80.475036,2020,Serious Injury
25.791164,-80.153991,2020,Serious Injury
25.837496,-80.196482,2020,Serious Injury
25.737914,-80.167296,2020,Serious Injury
25.824424,-80.224706,2020,Serious Injury
25.780645,-80.201266,2020,Serious Injury
25.695715,-80.317562,2020,Serious Injury
25.745928,-80.36771,2020,Serious Injury
25.811574,-80.186636,2020,Serious Injury
25.945005,-80.186704,2020,Serious Injury
25.498706,-80.510077,2020,Serious Injury
25.795472,-80.199398,2020,Serious Injury
25.780907,-80.132181,2020,Serious Injury
25.794981,-80.215064,2020,Serious Injury
25.789446,-80.20693,2020,Serious Injury
25.837999,-80.261818,2020,Serious Injury
25.771178,-80.207628,2020,Fatality
25.847896,-80.182756,2020,Fatality
25.739786,-80.238096,2020,Serious Injury
25.778718,-80.199541,2020,Serious Injury
25.943333,-80.162678,2020,Serious Injury
25.736703,-80.335709,2020,Fatality
25.619181,-80.345495,2020,Serious Injury
25.732631,-80.357203,2020,Serious Injury
25.735062,-80.254297,2020,Serious Injury
25.914192,-80.156668,2020,Serious Injury
25.90596,-80.203432,2020,Serious Injury
25.794194,-80.188989,2020,Serious Injury
25.766101,-80.237235,2020,Serious Injury
25.791539,-80.206963,2020,Fatality
25.795556,-80.189016,2020,Fatality
25.803497,-80.207304,2020,Serious Injury
25.85971,-80.250434,2020,Fatality
25.648607,-80.38637,2020,Fatality
25.769727,-80.323093,2020,Serious Injury
25.971325,-80.262549,2020,Serious Injury
25.795151,-80.231497,2020,Serious Injury
25.769636,-80.328061,2020,Serious Injury
25.844148,-80.208969,2020,Serious Injury
25.946613,-80.353671,2020,Serious Injury
25.866572,-80.298931,2020,Serious Injury
25.873277,-80.210183,2020,Serious Injury
25.878062,-80.121776,2020,Serious Injury
25.719988,-80.271091,2020,Serious Injury
25.787189,-80.206865,2020,Serious Injury
25.761114,-80.434251,2020,Serious Injury
25.761071,-80.372204,2020,Serious Injury
25.942195,-80.293872,2020,Serious Injury
25.77056,-80.304329,2020,Serious Injury
25.923552,-80.209946,2020,Serious Injury
25.506782,-80.425695,2020,Serious Injury
25.754219,-80.420651,2020,Serious Injury
25.796113,-80.136611,2020,Serious Injury
25.83227,-80.20749,2020,Serious Injury
25.745623,-80.432381,2020,Serious Injury
25.808475,-80.227895,2020,Serious Injury
25.949198,-80.142478,2020,Serious Injury
25.718996,-80.387127,2020,Serious Injury
25.929791,-80.205258,2020,Serious Injury
25.886959,-80.127365,2020,Serious Injury
25.492755,-80.453103,2020,Serious Injury
25.884016,-80.321859,2020,Serious Injury
25.697284,-80.446435,2020,Serious Injury
25.747418,-80.346085,2020,Serious Injury
25.875449,-80.334258,2020,Serious Injury
25.83219,-80.210049,2020,Serious Injury
25.858972,-80.233949,2020,Serious Injury
25.926123,-80.178737,2020,Serious Injury
25.700588,-80.382105,2020,Serious Injury
25.885948,-80.251515,2020,Serious Injury
25.606065,-80.413995,2020,Serious Injury
25.740871,-80.286847,2020,Serious Injury
25.813823,-80.127877,2020,Serious Injury
25.580814,-80.405072,2020,Serious Injury
25.715858,-80.358872,2020,Serious Injury
25.816853,-80.230346,2020,Serious Injury
25.832279,-80.206962,2020,Serious Injury
25.780814,-80.31779,2020,Serious Injury
25.845879,-80.249733,2020,Serious Injury
25.846147,-80.241905,2020,Serious Injury
25.760905,-80.387392,2020,Serious Injury
25.763729,-80.283137,2020,Serious Injury
25.794485,-80.231481,2020,Serious Injury
25.575797,-80.510796,2020,Serious Injury
25.719469,-80.27092,2020,Serious Injury
25.780401,-80.131725,2020,Serious Injury
25.887656,-80.1333,2020,Serious Injury
25.76524,-80.236453,2020,Serious Injury
25.68834,-80.318865,2020,Serious Injury
25.8609,-80.236074,2020,Serious Injury
25.808041,-80.19932,2020,Serious Injury
25.771935,-80.251836,2020,Serious Injury
25.696071,-80.309103,2020,Serious Injury
25.831526,-80.230217,2020,Serious Injury
25.591162,-80.380504,2020,Serious Injury
25.829796,-80.28558,2020,Serious Injury
25.747663,-80.26266,2020,Serious Injury
25.571479,-80.376619,2020,Serious Injury
25.759084,-80.255206,2020,Serious Injury
25.821965,-80.125837,2020,Serious Injury
25.790416,-80.142443,2021,Serious Injury
25.887202,-80.209042,2021,Fatality
25.603725,-80.377831,2021,Fatality
25.50015,-80.417219,2021,Serious Injury
25.769949,-80.316326,2021,Serious Injury
25.942296,-80.307604,2021,Fatality
25.728449,-80.318286,2021,Serious Injury
25.491948,-80.45375,2021,Serious Injury
25.757889,-80.320685,2021,Serious Injury
25.941207,-80.237238,2021,Serious Injury
25.702968,-80.316698,2021,Serious Injury
25.951734,-80.146633,2021,Serious Injury
25.816234,-80.248526,2021,Serious Injury
25.849207,-80.205139,2021,Fatality
25.739786,-80.238096,2021,Serious Injury
25.946419,-80.14717,2021,Serious Injury
25.7856,-80.131861,2021,Serious Injury
25.831448,-80.234994,2021,Serious Injury
25.690814,-80.348296,2021,Serious Injury
25.860921,-80.234072,2021,Serious Injury
25.772693,-80.146609,2021,Serious Injury
25.790886,-80.223156,2021,Serious Injury
25.642125,-80.382837,2021,Serious Injury
25.85483,-80.129797,2021,Serious Injury
25.894569,-80.243434,2021,Serious Injury
25.613486,-80.357107,2021,Serious Injury
25.686004,-80.393647,2021,Serious Injury
25.462175,-80.517775,2021,Serious Injury
25.842801,-80.283529,2021,Serious Injury
25.840711,-80.31413,2021,Fatality
25.925919,-80.161905,2021,Serious Injury
25.928399,-80.188269,2021,Fatality
25.793382,-80.141294,2021,Serious Injury
25.964568,-80.170623,2021,Serious Injury
25.534217,-80.371989,2021,Serious Injury
25.702327,-80.334063,2021,Serious Injury
25.914403,-80.258592,2021,Serious Injury
25.88412,-80.340171,2021,Serious Injury
25.775724,-80.231071,2021,Fatality
25.883936,-80.324364,2021,Serious Injury
25.79555,-80.194721,2021,Serious Injury
25.719788,-80.271371,2021,Serious Injury
25.671403,-80.400211,2021,Serious Injury
25.824165,-80.232691,2021,Fatality
25.672753,-80.400287,2021,Serious Injury
25.665792,-80.356528,2021,Serious Injury
25.684616,-80.436865,2021,Serious Injury
25.77423,-80.318698,2021,Serious Injury
25.775486,-80.213046,2021,Serious Injury
25.829664,-80.230898,2021,Serious Injury
25.636585,-80.382453,2021,Serious Injury
25.719871,-80.271283,2021,Serious Injury
25.704292,-80.261442,2021,Serious Injury
25.611592,-80.310275,2021,Serious Injury
25.677263,-80.443556,2021,Serious Injury
25.536569,-80.403847,2021,Serious Injury
25.735479,-80.27021,2021,Serious Injury
25.784661,-80.241636,2021,Serious Injury
25.968294,-80.165248,2021,Serious Injury
25.78194,-80.190458,2021,Serious Injury
25.882392,-80.242962,2021,Serious Injury
25.80099,-80.190995,2021,Serious Injury
25.598607,-80.354102,2021,Serious Injury
25.787297,-80.141115,2021,Fatality
25.706942,-80.29074,2021,Serious Injury
25.954868,-80.262058,2021,Serious Injury
25.788096,-80.199918,2021,Serious Injury
25.733286,-80.431923,2021,Serious Injury
25.78984,-80.413078,2021,Serious Injury
25.924075,-80.262207,2021,Serious Injury
25.941999,-80.182222,2021,Fatality
25.459301,-80.489423,2021,Serious Injury
25.58136,-80.337928,2021,Serious Injury
25.680775,-80.397049,2021,Serious Injury
25.891861,-80.19363,2021,Serious Injury
25.771875,-80.253427,2021,Fatality
25.937147,-80.204829,2021,Serious Injury
25.787467,-80.336736,2021,Serious Injury
25.714962,-80.402141,2021,Serious Injury
25.782999,-80.23939,2021,Serious Injury
25.855017,-80.209437,2021,Serious Injury
25.941577,-80.359862,2021,Fatality
25.873524,-80.339105,2021,Serious Injury
25.89974,-80.322287,2021,Serious Injury
25.760892,-80.417146,2021,Serious Injury
25.760884,-80.409904,2021,Serious Injury
25.824353,-80.321621,2021,Serious Injury
25.761707,-80.344354,2021,Serious Injury
25.478262,-80.464549,2021,Serious Injury
25.594525,-80.376205,2021,Serious Injury
25.767391,-80.192781,2021,Serious Injury
25.809831,-80.124723,2021,Fatality
25.780949,-80.255718,2021,Serious Injury
25.648294,-80.415499,2021,Fatality
25.484786,-80.460739,2021,Serious Injury
25.855895,-80.127788,2021,Serious Injury
25.796712,-80.392463,2021,Serious Injury
25.761544,-80.352574,2021,Fatality
25.669784,-80.444848,2021,Serious Injury
25.590914,-80.380837,2021,Serious Injury
25.899529,-80.184582,2021,Serious Injury
25.685053,-80.353221,2021,Serious Injury
25.785463,-80.289707,2021,Serious Injury
25.732647,-80.351635,2021,Fatality
25.816182,-80.206002,2021,Serious Injury
25.876953,-80.210275,2021,Fatality
25.809275,-80.313412,2021,Serious Injury
25.696957,-80.333821,2021,Serious Injury
25.693324,-80.30325,2021,Serious Injury
25.771444,-80.271833,2021,Fatality
25.888629,-80.188963,2021,Serious Injury
25.967555,-80.192357,2021,Serious Injury
25.6863,-80.384249,2021,Serious Injury
25.580272,-80.453318,2021,Serious Injury
25.7232,-80.266077,2021,Serious Injury
25.808397,-80.127618,2021,Fatality
25.760883,-80.406153,2021,Serious Injury
25.972119,-80.231918,2021,Serious Injury
25.948195,-80.184252,2021,Serious Injury
25.82931,-80.321762,2021,Serious Injury
25.784548,-80.286016,2021,Serious Injury
25.923393,-80.276602,2021,Serious Injury
25.804224,-80.13825,2021,Fatality
25.84671,-80.21966,2021,Serious Injury
25.930692,-80.211314,2021,Serious Injury
25.825105,-80.202032,2021,Serious Injury
25.455124,-80.487375,2021,Serious Injury
25.849713,-80.195938,2021,Serious Injury
25.297101,-80.385702,2021,Fatality
25.477797,-80.412084,2021,Serious Injury
25.781691,-80.320944,2021,Serious Injury
25.926897,-80.227465,2021,Serious Injury
25.670745,-80.362527,2021,Fatality
25.936621,-80.176469,2021,Fatality
25.603679,-80.35032,2021,Serious Injury
25.439221,-80.486077,2021,Serious Injury
25.877958,-80.121827,2021,Serious Injury
25.700631,-80.38234,2021,Serious Injury
25.651307,-80.334392,2021,Serious Injury
25.695627,-80.332844,2021,Serious Injury
25.799556,-80.321065,2021,Serious Injury
25.825511,-80.186989,2021,Serious Injury
25.868041,-80.122298,2021,Fatality
25.512149,-80.410277,2021,Serious Injury
25.761587,-80.674479,2021,Serious Injury
25.809768,-80.215714,2021,Serious Injury
25.406644,-80.47022,2021,Serious Injury
25.783995,-80.291202,2021,Serious Injury
25.779284,-80.214801,2021,Serious Injury
25.956897,-80.305955,2021,Serious Injury
25.933897,-80.121693,2021,Serious Injury
25.834215,-80.222977,2021,Serious Injury
25.607279,-80.414024,2021,Serious Injury
25.787823,-80.207819,2021,Serious Injury
25.957884,-80.17134,2021,Serious Injury
25.76086,-80.442514,2021,Serious Injury
25.890784,-80.163253,2021,Serious Injury
25.929665,-80.122031,2021,Serious Injury
25.76618,-80.200122,2021,Serious Injury
25.925354,-80.122266,2021,Serious Injury
25.903979,-80.174508,2023,Serious Injury
25.825716,-80.273431,2023,Serious Injury
25.74212,-80.262397,2023,Serious Injury
25.847943,-80.303688,2022,Fatality
25.810047,-80.207559,2023,Serious Injury
25.897915,-80.308158,2023,Serious Injury
25.745978,-80.273611,2023,Serious Injury
25.716989,-80.273685,2023,Serious Injury
25.740503,-80.396528,2023,Fatality
25.77524,-80.364413,2023,Serious Injury
25.825644,-80.27342,2023,Serious Injury
25.899834,-80.164546,2023,Serious Injury
25.869531,-80.199758,2023,Fatality
25.952975,-80.178367,2023,Fatality
25.925198,-80.180062,2023,Serious Injury
25.855253,-80.290709,2023,Fatality
25.597975,-80.374459,2021,Fatality
25.756611,-80.287608,2023,Serious Injury
25.706928,-80.282867,2023,Serious Injury
25.781729,-80.197913,2023,Serious Injury
25.7827,-80.328476,2023,Serious Injury
25.930098,-80.185555,2023,Fatality
25.787643,-80.216046,2023,Serious Injury
25.613605,-80.353048,2023,Fatality
25.804328,-80.257462,2023,Serious Injury
25.754548,-80.347926,2023,Serious Injury
25.84781,-80.196877,2023,Fatality
25.951005,-80.43059,2023,Serious Injury
25.840075,-80.388732,2023,Fatality
25.877645,-80.185927,2023,Serious Injury
25.725523,-80.253461,2023,Fatality
25.855888,-80.124971,2023,Serious Injury
25.896143,-80.37902,2023,Serious Injury
25.790052,-80.385982,2023,Serious Injury
25.796125,-80.239826,2023,Serious Injury
25.463875,-80.452564,2023,Serious Injury
25.478236,-80.477447,2023,Serious Injury
25.869798,-80.266965,2023,Fatality
25.873428,-80.315131,2023,Serious Injury
25.847187,-80.2066,2023,Serious Injury
25.794439,-80.205506,2023,Serious Injury
25.808608,-80.256687,2023,Serious Injury
25.77134,-80.255501,2023,Serious Injury
25.846291,-80.235643,2023,Serious Injury
25.70003,-80.3172,2023,Serious Injury
25.798992,-80.190891,2023,Serious Injury
25.742924,-80.216811,2023,Serious Injury
25.772723,-80.255507,2023,Serious Injury
25.558988,-80.374384,2023,Serious Injury
25.914918,-80.187653,2023,Serious Injury
25.808762,-80.248473,2023,Serious Injury
25.847325,-80.192793,2023,Serious Injury
25.506737,-80.431806,2023,Serious Injury
25.581072,-80.367382,2023,Fatality
25.847884,-80.182735,2023,Serious Injury
25.525405,-80.421697,2023,Serious Injury
25.636425,-80.447547,2023,Serious Injury
25.72458,-80.445371,2023,Serious Injury
25.641118,-80.414814,2023,Serious Injury
25.563954,-80.336138,2023,Fatality
25.929063,-80.134357,2023,Fatality
25.688832,-80.365875,2023,Serious Injury
25.687425,-80.349707,2023,Serious Injury
25.731472,-80.237683,2023,Serious Injury
25.949379,-80.227736,2023,Serious Injury
25.906387,-80.172097,2023,Serious Injury
25.757681,-80.238601,2023,Fatality
25.868265,-80.240457,2023,Serious Injury
25.748411,-80.291051,2023,Fatality
25.492105,-80.437528,2023,Fatality
25.871645,-80.266992,2023,Serious Injury
25.687051,-80.350976,2023,Serious Injury
25.747315,-80.319816,2023,Serious Injury
25.863927,-80.306762,2023,Fatality
25.633839,-80.384896,2023,Serious Injury
25.537172,-80.372052,2023,Serious Injury
25.946536,-80.294122,2023,Serious Injury
25.963404,-80.16606,2023,Serious Injury
25.854033,-80.201228,2023,Serious Injury
25.862681,-80.20836,2023,Serious Injury
25.961663,-80.229618,2023,Serious Injury
25.843891,-80.206425,2023,Serious Injury
25.811438,-80.196029,2023,Serious Injury
25.880655,-80.209277,2023,Serious Injury
25.735304,-80.2711,2023,Serious Injury
25.578492,-80.396989,2023,Serious Injury
25.875285,-80.274897,2023,Fatality
25.859225,-80.290497,2023,Serious Injury
25.686967,-80.362534,2023,Serious Injury
25.702791,-80.285346,2023,Serious Injury
25.499565,-80.429363,2023,Fatality
25.573197,-80.363831,2023,Serious Injury
25.869793,-80.125183,2023,Serious Injury
25.750237,-80.234136,2023,Serious Injury
25.738948,-80.240316,2023,Serious Injury
25.843791,-80.206445,2023,Serious Injury
25.887535,-80.251594,2023,Serious Injury
25.704261,-80.287383,2023,Fatality
25.796891,-80.32891,2023,Serious Injury
25.786357,-80.388222,2023,Serious Injury
25.9226,-80.416262,2023,Serious Injury
25.692925,-80.454419,2023,Fatality
25.733771,-80.384929,2023,Fatality
25.944866,-80.170902,2023,Fatality
25.844611,-80.266075,2023,Fatality
25.879774,-80.307364,2023,Serious Injury
25.813817,-80.129107,2023,Serious Injury
25.78183,-80.137734,2023,Serious Injury
25.651712,-80.330568,2023,Serious Injury
25.590477,-80.358528,2023,Serious Injury
25.869116,-80.213918,2023,Fatality
25.702201,-80.337457,2023,Serious Injury
25.757703,-80.24062,2023,Serious Injury
25.955983,-80.127383,2023,Serious Injury
25.78419,-80.130995,2023,Serious Injury
25.811753,-80.231547,2023,Serious Injury
25.898019,-80.335183,2023,Serious Injury
25.770021,-80.377211,2023,Serious Injury
25.804355,-80.329167,2023,Serious Injury
25.515631,-80.430486,2023,Fatality
25.832958,-80.212617,2023,Serious Injury
25.67937,-80.274427,2023,Serious Injury
25.734163,-80.281235,2023,Serious Injury
25.711087,-80.280935,2023,Serious Injury
25.753127,-80.266942,2023,Fatality
25.764544,-80.259217,2023,Serious Injury
25.700494,-80.263688,2023,Serious Injury
25.554965,-80.392607,2023,Serious Injury
25.734839,-80.26208,2023,Serious Injury
25.726691,-80.280956,2023,Serious Injury
25.746205,-80.260547,2023,Serious Injury
25.722578,-80.267039,2023,Serious Injury
25.723357,-80.265757,2023,Serious Injury
25.726929,-80.26103,2023,Serious Injury
25.968543,-80.295099,2023,Fatality
25.713724,-80.277759,2023,Serious Injury
25.855061,-80.129121,2023,Serious Injury
25.649508,-80.479943,2023,Serious Injury
25.952311,-80.142962,2023,Serious Injury
25.897344,-80.238942,2023,Serious Injury
25.889165,-80.323967,2023,Serious Injury
25.799395,-80.130217,2023,Serious Injury
25.85708,-80.122354,2023,Serious Injury
25.815276,-80.313512,2023,Serious Injury
25.855776,-80.129359,2023,Serious Injury
25.766612,-80.219679,2023,Fatality
25.847873,-80.184716,2023,Serious Injury
25.807578,-80.297774,2023,Serious Injury
25.550801,-80.478084,2023,Serious Injury
25.859303,-80.322575,2023,Serious Injury
25.650209,-80.480438,2023,Serious Injury
25.902029,-80.475486,2023,Serious Injury
25.810441,-80.195411,2023,Fatality
25.773288,-80.140105,2023,Serious Injury
25.798033,-80.19896,2023,Serious Injury
25.771167,-80.22276,2023,Fatality
25.774013,-80.195572,2023,Serious Injury
25.950435,-80.431057,2023,Fatality
25.930257,-80.210019,2023,Serious Injury
25.908694,-80.258269,2023,Serious Injury
25.908202,-80.243785,2023,Serious Injury
25.848038,-80.248122,2023,Serious Injury
25.72168,-80.351153,2023,Serious Injury
25.899584,-80.243594,2023,Serious Injury
25.889396,-80.323833,2023,Serious Injury
25.942325,-80.308024,2023,Serious Injury
25.7619,-80.752416,2023,Fatality
25.945476,-80.350628,2023,Serious Injury
25.941519,-80.342254,2023,Serious Injury
25.891094,-80.277021,2023,Serious Injury
25.809753,-80.217712,2023,Serious Injury
25.71891,-80.271595,2023,Serious Injury
25.839583,-80.210876,2023,Serious Injury
25.429804,-80.47078,2023,Serious Injury
25.966034,-80.294622,2023,Fatality
25.5953,-80.372833,2023,Serious Injury
25.809689,-80.22138,2023,Fatality
25.721716,-80.261476,2023,Serious Injury
25.803445,-80.264258,2023,Serious Injury
25.82856,-80.206289,2023,Serious Injury
25.786331,-80.188465,2023,Serious Injury
25.946904,-80.14347,2023,Serious Injury
25.84058,-80.304399,2023,Serious Injury
25.919581,-80.210423,2023,Serious Injury
25.822725,-80.279337,2023,Serious Injury
25.832913,-80.273705,2023,Serious Injury
25.880448,-80.315494,2023,Serious Injury
25.858107,-80.282726,2023,Serious Injury
25.740864,-80.319757,2023,Serious Injury
25.773341,-80.221026,2023,Serious Injury
25.822526,-80.122411,2023,Serious Injury
25.798136,-80.128088,2023,Serious Injury
25.803609,-80.129151,2023,Serious Injury
25.779472,-80.132823,2023,Serious Injury
25.856244,-80.120489,2023,Serious Injury
25.805377,-80.128977,2023,Serious Injury
25.789296,-80.136548,2023,Serious Injury
25.782795,-80.140076,2023,Serious Injury
25.775526,-80.159548,2023,Serious Injury
25.790098,-80.141232,2023,Serious Injury
25.953101,-80.178336,2023,Fatality
25.672764,-80.364641,2023,Serious Injury
25.87913,-80.355977,2023,Serious Injury
25.898003,-80.243557,2023,Serious Injury
25.86843,-80.208622,2023,Serious Injury
25.550752,-80.372107,2023,Serious Injury
25.500555,-80.445009,2023,Serious Injury
25.331065,-80.453924,2023,Serious Injury
25.533379,-80.413872,2023,Serious Injury
25.573483,-80.385079,2023,Fatality
25.897082,-80.247458,2023,Serious Injury
25.890162,-80.243427,2023,Serious Injury
25.957446,-80.171931,2023,Serious Injury
25.957362,-80.171982,2023,Serious Injury
25.810535,-80.143302,2023,Serious Injury
25.784926,-80.23838,2023,Serious Injury
25.867172,-80.323044,2023,Serious Injury
25.84065,-80.29031,2023,Fatality
25.810162,-80.205854,2023,Serious Injury
25.887256,-80.339714,2023,Serious Injury
25.967637,-80.145194,2023,Serious Injury
25.851183,-80.314419,2023,Serious Injury
25.715164,-80.391057,2023,Serious Injury
25.682416,-80.368099,2023,Serious Injury
25.867514,-80.290791,2023,Serious Injury
25.823975,-80.282002,2023,Serious Injury
25.797926,-80.205641,2023,Serious Injury
25.808555,-80.261508,2023,Fatality
25.920272,-80.211164,2023,Serious Injury
25.670714,-80.416486,2023,Fatality
25.81147,-80.196266,2023,Serious Injury
25.882336,-80.25124,2023,Serious Injury
25.810567,-80.256361,2023,Serious Injury
25.655283,-80.383299,2023,Serious Injury
25.874591,-80.242929,2023,Fatality
25.786089,-80.188948,2023,Serious Injury
25.860944,-80.322895,2023,Serious Injury
25.687975,-80.333537,2023,Serious Injury
25.634205,-80.350027,2023,Serious Injury
25.670013,-80.361625,2023,Serious Injury
25.772371,-80.237511,2023,Serious Injury
25.773868,-80.207711,2023,Fatality
25.829189,-80.185522,2023,Serious Injury
25.79491,-80.219226,2023,Serious Injury
25.69882,-80.446645,2023,Fatality
25.832527,-80.202247,2023,Serious Injury
25.808434,-80.232015,2023,Serious Injury
25.95452,-80.205522,2023,Serious Injury
25.784132,-80.214644,2023,Serious Injury
25.76517,-80.23875,2023,Fatality
25.834557,-80.193094,2023,Serious Injury
25.791613,-80.207026,2023,Serious Injury
25.931009,-80.276432,2023,Fatality
25.725211,-80.383628,2023,Serious Injury
25.87701,-80.30719,2023,Serious Injury
25.848044,-80.241884,2023,Serious Injury
25.771941,-80.252484,2023,Serious Injury
25.78188,-80.19209,2023,Serious Injury
25.724057,-80.249525,2023,Serious Injury
25.848256,-80.168779,2023,Fatality
25.795591,-80.198893,2023,Serious Injury
25.787052,-80.231433,2023,Serious Injury
25.798349,-80.225981,2023,Serious Injury
25.791129,-80.24219,2023,Fatality
25.860854,-80.23812,2023,Serious Injury
25.810422,-80.19722,2023,Fatality
25.789951,-80.200007,2023,Serious Injury
25.96902,-80.206121,2023,Fatality
25.783405,-80.206832,2023,Serious Injury
25.81903,-80.224398,2023,Serious Injury
25.847448,-80.196194,2023,Fatality
25.784164,-80.23949,2023,Serious Injury
25.477651,-80.428187,2023,Fatality
25.518105,-80.412428,2023,Serious Injury
25.760909,-80.448919,2023,Fatality
25.732985,-80.315027,2023,Serious Injury
25.925366,-80.273375,2023,Serious Injury
25.750459,-80.320097,2023,Serious Injury
25.684666,-80.429872,2023,Serious Injury
25.636514,-80.385141,2023,Serious Injury
25.623521,-80.379208,2023,Fatality
25.778229,-80.336729,2023,Serious Injury
25.761717,-80.34204,2023,Serious Injury
25.899919,-80.156662,2023,Fatality
25.772106,-80.249052,2023,Serious Injury
25.665835,-80.342967,2023,Serious Injury
25.447792,-80.490922,2023,Fatality
25.921254,-80.260494,2023,Serious Injury
25.832999,-80.191566,2023,Serious Injury
25.954974,-80.213734,2023,Serious Injury
25.929072,-80.268888,2023,Serious Injury
25.924521,-80.312704,2023,Serious Injury
25.954452,-80.238065,2023,Serious Injury
25.897432,-80.211338,2023,Fatality
25.813359,-80.224044,2023,Serious Injury
25.792825,-80.215037,2023,Serious Injury
25.810626,-80.189489,2023,Serious Injury
25.933726,-80.26102,2023,Serious Injury
25.933956,-80.237044,2023,Serious Injury
25.935517,-80.245011,2023,Serious Injury
25.928156,-80.276811,2023,Serious Injury
25.820904,-80.206137,2023,Serious Injury
25.964475,-80.249165,2023,Fatality
25.971131,-80.267196,2023,Serious Injury
25.955032,-80.246068,2023,Fatality
25.962767,-80.205731,2023,Serious Injury
25.95604,-80.262126,2023,Serious Injury
25.957336,-80.20365,2023,Serious Injury
25.942008,-80.219018,2023,Serious Injury
25.940473,-80.253461,2023,Serious Injury
25.923294,-80.29298,2023,Fatality
25.756314,-80.287617,2023,Fatality
25.922558,-80.237384,2023,Serious Injury
25.926722,-80.244699,2023,Serious Injury
25.941219,-80.238301,2023,Serious Injury
25.926728,-80.231057,2023,Fatality
25.847298,-80.201088,2023,Serious Injury
25.733588,-80.351659,2023,Serious Injury
25.967709,-80.262371,2023,Fatality
25.957715,-80.171609,2023,Serious Injury
25.839319,-80.233235,2023,Serious Injury
25.681475,-80.435777,2023,Serious Injury
25.634529,-80.338336,2023,Serious Injury
25.723045,-80.359277,2023,Serious Injury
25.924467,-80.309492,2023,Serious Injury
25.754293,-80.366709,2023,Serious Injury
25.74804,-80.303866,2023,Serious Injury
25.598382,-80.36054,2023,Serious Injury
25.874348,-80.307098,2023,Serious Injury
25.643483,-80.350354,2023,Serious Injury
25.918803,-80.219611,2023,Serious Injury
25.566209,-80.386647,2023,Serious Injury
25.477103,-80.468918,2023,Serious Injury
25.807343,-80.303337,2023,Fatality
25.549733,-80.346796,2023,Fatality
25.869636,-80.209883,2023,Serious Injury
25.849445,-80.201978,2023,Serious Injury
25.751025,-80.410327,2023,Serious Injury
25.736652,-80.342464,2023,Fatality
25.816294,-80.246588,2023,Serious Injury
25.464184,-80.507718,2023,Serious Injury
25.7517,-80.390486,2023,Serious Injury
25.692364,-80.446437,2023,Serious Injury
25.745392,-80.295304,2023,Serious Injury
25.584296,-80.364232,2023,Fatality
25.597465,-80.384967,2023,Serious Injury
25.74971,-80.343729,2023,Fatality
25.805313,-80.205614,2023,Serious Injury
25.741153,-80.171008,2023,Fatality
25.703228,-80.368386,2023,Serious Injury
25.909339,-80.21028,2023,Fatality
25.877676,-80.210408,2023,Serious Injury
25.579644,-80.478723,2023,Serious Injury
25.640785,-80.42297,2023,Serious Injury
25.865362,-80.214257,2023,Serious Injury
25.812424,-80.213541,2023,Serious Injury
25.926739,-80.207111,2023,Serious Injury
25.829843,-80.283496,2023,Serious Injury
25.660568,-80.334731,2023,Serious Injury
25.748882,-80.297406,2023,Serious Injury
25.924372,-80.204173,2023,Serious Injury
25.773261,-80.252494,2023,Serious Injury
25.818313,-80.221677,2023,Serious Injury
25.746596,-80.219765,2023,Fatality
25.724225,-80.341484,2023,Serious Injury
25.784899,-80.303718,2023,Serious Injury
25.476687,-80.493735,2023,Serious Injury
25.874875,-80.214222,2023,Fatality
25.846697,-80.218693,2023,Fatality
25.826269,-80.249011,2023,Serious Injury
25.491963,-80.453209,2023,Serious Injury
25.542693,-80.52679,2023,Serious Injury
25.86723,-80.323018,2023,Serious Injury
25.890373,-80.227076,2023,Serious Injury
25.592659,-80.378557,2023,Serious Injury
25.81745,-80.240646,2023,Serious Injury
25.900097,-80.169876,2023,Serious Injury
25.857407,-80.370856,2023,Serious Injury
25.732397,-80.368516,2023,Serious Injury
25.761448,-80.367082,2023,Serious Injury
25.917867,-80.175688,2023,Serious Injury
25.824755,-80.20665,2023,Fatality
25.781553,-80.334678,2023,Fatality
25.760884,-80.448961,2023,Serious Injury
25.953447,-80.294377,2023,Serious Injury
25.760883,-80.417332,2023,Serious Injury
25.881551,-80.323309,2023,Serious Injury
25.586937,-80.493971,2022,Serious Injury
25.942394,-80.188395,2022,Serious Injury
25.867298,-80.26448,2022,Serious Injury
25.811262,-80.139672,2022,Serious Injury
25.729489,-80.403375,2022,Serious Injury
25.893575,-80.257739,2022,Fatality
25.890854,-80.209723,2023,Serious Injury
25.77537,-80.400911,2022,Fatality
25.797226,-80.321215,2022,Serious Injury
25.950391,-80.431245,2022,Serious Injury
25.924794,-80.293289,2022,Fatality
25.943223,-80.187597,2022,Serious Injury
25.762254,-80.326962,2022,Fatality
25.929306,-80.293315,2022,Serious Injury
25.872808,-80.210114,2022,Fatality
25.942275,-80.333994,2022,Serious Injury
25.598727,-80.354046,2022,Serious Injury
25.684616,-80.436865,2021,Serious Injury
25.933145,-80.239326,2022,Serious Injury
25.777202,-80.163014,2022,Fatality
25.810801,-80.24023,2022,Serious Injury
25.8547,-80.130833,2022,Serious Injury
25.462463,-80.493487,2022,Serious Injury
25.470881,-80.477374,2022,Fatality
25.810561,-80.264409,2022,Serious Injury
25.884175,-80.35109,2022,Serious Injury
25.477569,-80.436109,2022,Fatality
25.856104,-80.122335,2022,Serious Injury
25.774781,-80.138302,2022,Serious Injury
25.835376,-80.241248,2022,Serious Injury
25.849036,-80.325836,2022,Serious Injury
25.731619,-80.245671,2022,Serious Injury
25.595059,-80.361249,2022,Serious Injury
25.593011,-80.320252,2022,Serious Injury
25.875425,-80.352554,2022,Serious Injury
25.681443,-80.47938,2022,Serious Injury
25.782503,-80.311914,2022,Fatality
25.875356,-80.32286,2022,Serious Injury
25.551202,-80.4225,2022,Serious Injury
25.849374,-80.184682,2022,Fatality
25.78437,-80.201357,2022,Serious Injury
25.879516,-80.323307,2022,Serious Injury
25.733807,-80.290612,2022,Serious Injury
25.825312,-80.208153,2022,Serious Injury
25.769757,-80.210265,2022,Serious Injury
25.757768,-80.320427,2022,Serious Injury
25.797683,-80.377125,2022,Serious Injury
25.732096,-80.375733,2022,Serious Injury
25.477117,-80.485651,2022,Serious Injury
25.963082,-80.185549,2022,Serious Injury
25.716987,-80.367242,2022,Serious Injury
25.580287,-80.453906,2022,Fatality
25.816698,-80.234648,2022,Fatality
25.866532,-80.339169,2022,Serious Injury
25.713742,-80.439093,2022,Serious Injury
25.705066,-80.270073,2022,Serious Injury
25.69868,-80.454641,2022,Fatality
25.91888,-80.175726,2022,Serious Injury
25.929847,-80.122214,2022,Serious Injury
25.931315,-80.20464,2022,Serious Injury
25.672231,-80.365288,2022,Fatality
25.895712,-80.124215,2022,Serious Injury
25.823771,-80.240671,2022,Serious Injury
25.760519,-80.481297,2022,Serious Injury
25.897051,-80.249421,2022,Serious Injury
25.768424,-80.320269,2022,Fatality
25.693408,-80.345926,2022,Serious Injury
25.94878,-80.120902,2022,Serious Injury
25.941906,-80.121191,2022,Serious Injury
25.572047,-80.376633,2022,Serious Injury
25.928378,-80.194609,2022,Serious Injury
25.874812,-80.246505,2022,Serious Injury
25.945596,-80.120962,2022,Fatality
25.773014,-80.223046,2022,Serious Injury
25.941514,-80.314826,2022,Serious Injury
25.938919,-80.363411,2022,Serious Injury
25.809275,-80.314051,2022,Fatality
25.958109,-80.14805,2022,Serious Injury
25.811632,-80.393588,2022,Serious Injury
25.906753,-80.158385,2022,Serious Injury
25.809191,-80.207508,2022,Serious Injury
25.746571,-80.219802,2022,Serious Injury
25.597666,-80.378895,2022,Serious Injury
25.784976,-80.197055,2022,Serious Injury
25.831074,-80.242948,2022,Serious Injury
25.810339,-80.143854,2022,Fatality
25.659331,-80.350872,2022,Serious Injury
25.782589,-80.312595,2022,Serious Injury
25.774403,-80.214723,2022,Fatality
25.766612,-80.2058,2022,Serious Injury
25.871264,-80.208677,2022,Serious Injury
25.930565,-80.135629,2022,Serious Injury
25.924706,-80.297679,2022,Serious Injury
25.768554,-80.214533,2022,Fatality
25.750912,-80.21482,2022,Serious Injury
25.643478,-80.350332,2022,Serious Injury
25.766677,-80.216123,2022,Serious Injury
25.657814,-80.383557,2022,Serious Injury
25.803678,-80.264372,2022,Serious Injury
25.739853,-80.416015,2022,Serious Injury
25.957755,-80.195267,2022,Fatality
25.59575,-80.380915,2022,Fatality
25.896792,-80.351263,2022,Serious Injury
25.714729,-80.407865,2022,Fatality
25.855446,-80.325367,2022,Serious Injury
25.795751,-80.266125,2022,Serious Injury
25.850906,-80.289039,2022,Fatality
25.750249,-80.20621,2022,Fatality
25.763513,-80.289335,2022,Serious Injury
25.831735,-80.223153,2022,Fatality
25.657255,-80.383515,2022,Serious Injury
25.476166,-80.45255,2022,Fatality
25.833113,-80.191566,2022,Serious Injury
25.918624,-80.187792,2022,Fatality
25.913043,-80.211981,2022,Serious Injury
25.827562,-80.124883,2022,Serious Injury
25.846487,-80.224326,2022,Fatality
25.799177,-80.211192,2022,Serious Injury
25.926795,-80.242355,2022,Serious Injury
25.97097,-80.273499,2022,Serious Injury
25.847038,-80.121319,2022,Serious Injury
25.926317,-80.236503,2022,Serious Injury
25.783775,-80.141108,2022,Serious Injury
25.850803,-80.120313,2022,Fatality
25.47531,-80.481528,2022,Fatality
25.927333,-80.212566,2022,Serious Injury
25.543351,-80.40417,2022,Serious Injury
25.7477,-80.33604,2022,Serious Injury
25.845743,-80.370426,2022,Serious Injury
25.809733,-80.331269,2022,Serious Injury
25.80207,-80.32128,2022,Serious Injury
25.781949,-80.360959,2022,Serious Injury
25.515005,-80.432399,2022,Serious Injury
25.784074,-80.289,2022,Serious Injury
25.794463,-80.231484,2022,Serious Injury
25.82301,-80.240828,2022,Serious Injury
25.795002,-80.131989,2022,Serious Injury
25.713605,-80.443477,2022,Fatality
25.955222,-80.262075,2022,Serious Injury
25.888445,-80.323924,2022,Serious Injury
25.80354,-80.337091,2022,Fatality
25.790723,-80.332382,2022,Serious Injury
25.794769,-80.188948,2022,Serious Injury
25.477342,-80.44912,2022,Fatality
25.477157,-80.47866,2022,Fatality
25.855105,-80.129056,2022,Fatality
25.765026,-80.298925,2022,Serious Injury
25.825036,-80.204044,2022,Serious Injury
25.89501,-80.209417,2022,Fatality
25.534318,-80.372141,2022,Serious Injury
25.790193,-80.137665,2022,Serious Injury
25.947777,-80.146836,2022,Serious Injury
25.780534,-80.140954,2022,Serious Injury
25.870433,-80.250938,2022,Fatality
25.817668,-80.353493,2022,Serious Injury
25.791544,-80.206784,2022,Serious Injury
25.813552,-80.321007,2022,Serious Injury
25.796136,-80.239787,2022,Fatality
25.786707,-80.203512,2022,Fatality
25.76597,-80.241902,2022,Serious Injury
25.782865,-80.173825,2022,Serious Injury
25.807845,-80.280503,2022,Serious Injury
25.883398,-80.217559,2022,Fatality
25.9102,-80.231063,2022,Fatality
25.856386,-80.242033,2022,Fatality
25.77242,-80.217844,2022,Serious Injury
25.513693,-80.432346,2022,Serious Injury
25.876314,-80.20908,2022,Serious Injury
25.733409,-80.447854,2022,Serious Injury
25.846749,-80.218794,2022,Serious Injury
25.858923,-80.183299,2022,Serious Injury
25.948468,-80.184255,2022,Serious Injury
25.840747,-80.196561,2022,Serious Injury
25.955393,-80.175788,2022,Serious Injury
25.706565,-80.342389,2022,Fatality
25.769045,-80.349959,2022,Fatality
25.846645,-80.233833,2022,Serious Injury
25.896961,-80.251444,2022,Serious Injury
25.782499,-80.261398,2022,Serious Injury
25.806955,-80.248301,2022,Serious Injury
25.514012,-80.445123,2022,Serious Injury
25.776755,-80.328387,2022,Serious Injury
25.87587,-80.242724,2022,Fatality
25.840257,-80.317783,2022,Serious Injury
25.747449,-80.335584,2022,Fatality
25.814601,-80.24248,2022,Serious Injury
25.777803,-80.298013,2022,Serious Injury
25.723168,-80.3592,2022,Fatality
25.669862,-80.36167,2022,Serious Injury
25.925236,-80.236463,2022,Fatality
25.90784,-80.244126,2022,Fatality
25.768411,-80.368929,2022,Serious Injury
25.856034,-80.322514,2022,Serious Injury
25.76165,-80.336198,2022,Serious Injury
25.787847,-80.206921,2022,Serious Injury
25.776469,-80.213034,2022,Fatality
25.770764,-80.289265,2022,Fatality
25.847805,-80.306358,2022,Serious Injury
25.845958,-80.311805,2022,Serious Injury
25.863945,-80.31485,2022,Serious Injury
25.766185,-80.200831,2022,Serious Injury
25.969062,-80.119436,2022,Serious Injury
25.895016,-80.34064,2022,Serious Injury
25.82567,-80.265248,2022,Fatality
25.840761,-80.262046,2022,Serious Injury
25.841287,-80.29827,2022,Serious Injury
25.916847,-80.362407,2022,Serious Injury
25.873307,-80.315113,2022,Serious Injury
25.773205,-80.389379,2022,Serious Injury
25.881727,-80.166364,2022,Serious Injury
25.872218,-80.331099,2022,Serious Injury
25.877059,-80.315273,2022,Serious Injury
25.861244,-80.282844,2022,Serious Injury
25.89853,-80.351495,2022,Serious Injury
25.874627,-80.315175,2022,Serious Injury
25.884162,-80.331421,2022,Serious Injury
25.870944,-80.266809,2022,Serious Injury
25.969829,-80.144034,2022,Serious Injury
25.887885,-80.35096,2022,Serious Injury
25.831178,-80.239331,2022,Fatality
25.744855,-80.390802,2022,Serious Injury
25.881385,-80.283855,2022,Serious Injury
25.864577,-80.320195,2022,Serious Injury
25.865179,-80.322776,2022,Serious Injury
25.899283,-80.222448,2022,Serious Injury
25.711057,-80.431063,2022,Serious Injury
25.767296,-80.195784,2022,Serious Injury
25.879784,-80.274973,2022,Serious Injury
25.769603,-80.332333,2022,Serious Injury
25.732963,-80.338958,2022,Serious Injury
25.953407,-80.137901,2022,Serious Injury
25.955395,-80.146647,2022,Serious Injury
25.948386,-80.146702,2022,Serious Injury
25.960135,-80.145371,2022,Serious Injury
25.955388,-80.131817,2022,Serious Injury
25.76097,-80.48133,2022,Serious Injury
25.915056,-80.156681,2022,Fatality
25.897503,-80.345637,2022,Serious Injury
25.82292,-80.273184,2022,Serious Injury
25.876996,-80.337408,2022,Serious Injury
25.857091,-80.30657,2022,Serious Injury
25.724133,-80.479938,2022,Serious Injury
25.870811,-80.242537,2022,Serious Injury
25.74973,-80.25607,2022,Serious Injury
25.496756,-80.448813,2022,Serious Injury
25.764807,-80.320702,2022,Serious Injury
25.706035,-80.317539,2022,Serious Injury
25.845337,-80.207128,2022,Serious Injury
25.565058,-80.372199,2022,Serious Injury
25.743977,-80.259728,2022,Serious Injury
25.670418,-80.366314,2022,Serious Injury
25.620909,-80.479413,2022,Serious Injury
25.927209,-80.20673,2022,Serious Injury
25.537728,-80.372014,2022,Serious Injury
25.795374,-80.204348,2022,Serious Injury
25.740275,-80.335649,2022,Serious Injury
25.569061,-80.378807,2022,Serious Injury
25.830506,-80.205779,2022,Serious Injury
25.611982,-80.348072,2022,Serious Injury
25.566386,-80.381427,2022,Fatality
25.688823,-80.365893,2022,Serious Injury
25.691366,-80.388989,2022,Serious Injury
25.898193,-80.324199,2022,Serious Injury
25.810238,-80.2019,2022,Serious Injury
25.925612,-80.170062,2022,Serious Injury
25.925696,-80.258602,2022,Serious Injury
25.870608,-80.2084,2022,Serious Injury
25.82009,-80.244697,2022,Serious Injury
25.890523,-80.180357,2022,Serious Injury
25.912461,-80.324844,2022,Serious Injury
25.93236,-80.203061,2022,Serious Injury
25.764605,-80.257516,2022,Serious Injury
25.863375,-80.208175,2022,Serious Injury
25.780057,-80.317011,2022,Serious Injury
25.791604,-80.204931,2022,Serious Injury
25.706666,-80.260882,2022,Serious Injury
25.686537,-80.376589,2022,Serious Injury
25.672275,-80.367612,2022,Serious Injury
25.814158,-80.224103,2022,Serious Injury
25.616343,-80.479263,2022,Fatality
25.897752,-80.479097,2022,Fatality
25.899436,-80.218548,2022,Serious Injury
25.942275,-80.325417,2022,Serious Injury
25.749379,-80.262722,2022,Serious Injury
25.861036,-80.230952,2022,Serious Injury
25.794276,-80.238092,2022,Fatality
25.789623,-80.188058,2022,Fatality
25.899166,-80.344138,2022,Serious Injury
25.772101,-80.190182,2022,Serious Injury
25.955468,-80.233722,2022,Serious Injury
25.800688,-80.242002,2022,Serious Injury
25.784119,-80.28837,2022,Serious Injury
25.784057,-80.289168,2022,Serious Injury
25.926167,-80.244531,2022,Serious Injury
25.759286,-80.26307,2022,Serious Injury
25.868901,-80.34254,2022,Serious Injury
25.940839,-80.245768,2022,Serious Injury
25.964013,-80.262331,2022,Serious Injury
25.865729,-80.322792,2022,Serious Injury
25.934628,-80.293571,2022,Serious Injury
25.799736,-80.239869,2022,Fatality
25.94301,-80.350754,2022,Serious Injury
25.787835,-80.321239,2022,Serious Injury
25.36077,-80.425743,2022,Serious Injury
25.911988,-80.21161,2022,Serious Injury
25.798848,-80.189161,2022,Fatality
25.898942,-80.383016,2022,Serious Injury
25.92479,-80.293281,2022,Serious Injury
25.957959,-80.171748,2022,Serious Injury
25.9305,-80.293359,2022,Serious Injury
25.922755,-80.244445,2022,Serious Injury
25.966025,-80.205869,2022,Serious Injury
25.833433,-80.483,2022,Fatality
25.940913,-80.300632,2022,Serious Injury
25.733249,-80.310872,2022,Fatality
25.840916,-80.387164,2022,Fatality
25.499053,-80.446425,2022,Serious Injury
25.70893,-80.418288,2022,Serious Injury
25.716714,-80.334896,2022,Serious Injury
25.919333,-80.210946,2022,Serious Injury
25.934721,-80.430215,2022,Serious Injury
25.826657,-80.321675,2022,Serious Injury
25.68525,-80.422011,2022,Serious Injury
25.698208,-80.469774,2022,Fatality
25.873328,-80.208889,2022,Serious Injury
25.733446,-80.335677,2022,Fatality
25.918535,-80.219631,2022,Fatality
25.530773,-80.477971,2022,Fatality
25.748968,-80.213608,2022,Serious Injury
25.936976,-80.331744,2022,Fatality
25.761964,-80.725267,2022,Serious Injury
25.896779,-80.291968,2022,Serious Injury
25.757562,-80.384633,2022,Serious Injury
25.940536,-80.254043,2022,Serious Injury
25.630214,-80.397047,2022,Fatality
25.838774,-80.241519,2022,Fatality
25.69456,-80.305742,2022,Serious Injury
25.683798,-80.461803,2022,Serious Injury
25.718951,-80.28592,2022,Serious Injury
25.769778,-80.222775,2022,Serious Injury
25.773857,-80.239068,2022,Serious Injury
25.899934,-80.29212,2022,Serious Injury
25.804733,-80.199224,2022,Serious Injury
25.826219,-80.325699,2022,Serious Injury
25.780696,-80.206669,2022,Serious Injury
25.78577,-80.201859,2022,Serious Injury
25.810002,-80.321175,2022,Serious Injury
25.912995,-80.211601,2022,Serious Injury
25.761921,-80.343925,2022,Fatality
25.790588,-80.239731,2022,Serious Injury
25.758763,-80.222371,2022,Fatality
25.896139,-80.288679,2022,Fatality
25.917465,-80.211971,2022,Serious Injury
25.777269,-80.19947,2022,Serious Injury
25.869849,-80.209928,2022,Serious Injury
25.816394,-80.240415,2022,Serious Injury
25.791084,-80.223282,2022,Serious Injury
25.944326,-80.156608,2022,Fatality
25.751073,-80.217039,2022,Serious Injury
25.954495,-80.239158,2022,Serious Injury
25.525408,-80.419134,2022,Serious Injury
25.941534,-80.188667,2022,Serious Injury
25.92816,-80.20728,2022,Serious Injury
25.797083,-80.190812,2022,Serious Injury
25.755812,-80.232346,2022,Serious Injury
25.89875,-80.385943,2022,Serious Injury
25.867739,-80.250824,2022,Fatality
25.846208,-80.233967,2022,Serious Injury
25.791849,-80.208893,2022,Fatality
25.782179,-80.338317,2022,Serious Injury
25.880406,-80.16694,2022,Fatality
25.477733,-80.41643,2022,Serious Injury
25.896863,-80.181246,2022,Serious Injury
25.575912,-80.429472,2022,Serious Injury
25.748136,-80.310795,2022,Serious Injury
25.479806,-80.493737,2022,Serious Injury
25.847395,-80.197897,2022,Fatality
25.681512,-80.351574,2022,Serious Injury
25.92647,-80.18825,2022,Fatality
25.728614,-80.433536,2022,Fatality
25.644132,-80.304091,2022,Fatality
25.68465,-80.435427,2022,Serious Injury
25.536607,-80.398557,2022,Serious Injury
25.864074,-80.123871,2022,Serious Injury
25.645005,-80.293429,2022,Serious Injury
25.897727,-80.225215,2022,Serious Injury
25.77904,-80.251073,2022,Serious Injury
25.832963,-80.241127,2022,Serious Injury
25.835377,-80.241396,2022,Serious Injury
25.970755,-80.278426,2022,Serious Injury
25.866523,-80.320413,2022,Serious Injury
25.785925,-80.256141,2022,Serious Injury
25.772153,-80.244563,2022,Serious Injury
25.807041,-80.207431,2022,Fatality
25.882835,-80.234817,2022,Fatality
25.848022,-80.302316,2022,Serious Injury
25.761313,-80.265212,2022,Serious Injury
25.556321,-80.372169,2022,Fatality
25.596112,-80.355257,2022,Serious Injury
25.84796,-80.308726,2022,Serious Injury
25.731116,-80.318341,2022,Serious Injury
25.777133,-80.214743,2022,Serious Injury
25.891506,-80.347763,2022,Serious Injury
25.940532,-80.277494,2022,Serious Injury
25.825276,-80.195938,2022,Fatality
25.942925,-80.196957,2023,Serious Injury
25.447799,-80.490801,2021,Serious Injury
25.896525,-80.267424,2022,Serious Injury
25.647903,-80.383188,2021,Serious Injury
25.760889,-80.400939,2022,Serious Injury
25.765868,-80.336219,2022,Serious Injury
25.768409,-80.320306,2022,Serious Injury
25.959134,-80.254472,2022,Serious Injury
25.761339,-80.481355,2022,Serious Injury
25.955008,-80.258357,2022,Fatality
25.734381,-80.318597,2022,Serious Injury
25.895418,-80.124465,2022,Serious Injury
25.44376,-80.493354,2022,Fatality
25.716194,-80.350826,2022,Fatality
25.92049,-80.217601,2023,Serious Injury
25.772168,-80.33948,2022,Serious Injury
25.692408,-80.439171,2022,Serious Injury
25.777841,-80.301353,2022,Fatality
25.714667,-80.415203,2022,Serious Injury
25.889279,-80.16621,2022,Serious Injury
25.595091,-80.454667,2022,Serious Injury
25.8212,-80.232496,2022,Serious Injury
25.920917,-80.212409,2022,Serious Injury
25.527647,-80.494185,2022,Fatality
25.914946,-80.159608,2022,Serious Injury
25.671218,-80.400199,2022,Serious Injury
25.944511,-80.213305,2022,Serious Injury
25.769586,-80.338869,2022,Serious Injury
25.939477,-80.327439,2022,Serious Injury
25.562195,-80.37218,2022,Fatality
25.875909,-80.209228,2022,Fatality
25.970501,-80.205989,2022,Serious Injury
25.940736,-80.245221,2022,Serious Injury
25.750265,-80.30534,2022,Serious Injury
25.888991,-80.170254,2022,Serious Injury
25.890527,-80.180452,2022,Serious Injury
25.777276,-80.310859,2022,Serious Injury
25.687613,-80.348709,2022,Serious Injury
25.793807,-80.298985,2022,Fatality
25.80098,-80.23151,2022,Serious Injury
25.633955,-80.33862,2022,Serious Injury
25.783896,-80.142239,2022,Serious Injury
25.787453,-80.135236,2022,Serious Injury
25.763945,-80.277294,2022,Serious Injury
25.859686,-80.266581,2022,Serious Injury
25.841243,-80.255063,2022,Serious Injury
25.538248,-80.331283,2022,Fatality
25.59469,-80.380871,2022,Serious Injury
25.767647,-80.216052,2022,Serious Injury
25.825007,-80.2061,2022,Serious Injury
25.762997,-80.307296,2022,Serious Injury
25.79431,-80.240278,2022,Serious Injury
25.866607,-80.244616,2022,Serious Injury
25.811616,-80.248448,2022,Serious Injury
25.782693,-80.388454,2022,Serious Injury
25.518251,-80.391559,2022,Serious Injury
25.495726,-80.424682,2022,Serious Injury
25.789689,-80.223109,2022,Serious Injury
25.663001,-80.432387,2022,Serious Injury
25.800601,-80.189116,2022,Serious Injury
25.859938,-80.248392,2022,Serious Injury
25.764212,-80.271341,2022,Fatality
25.581722,-80.392355,2022,Serious Injury
25.868888,-80.220015,2022,Fatality
25.771302,-80.275523,2022,Serious Injury
25.739772,-80.238197,2022,Serious Injury
25.447762,-80.463257,2022,Serious Injury
25.790394,-80.18914,2022,Serious Injury
25.778386,-80.214789,2022,Serious Injury
25.447753,-80.480268,2022,Serious Injury
25.447773,-80.493629,2022,Serious Injury
25.957367,-80.20562,2022,Serious Injury
25.462137,-80.478651,2022,Fatality
25.76672,-80.215518,2022,Serious Injury
25.447918,-80.475002,2022,Serious Injury
25.447756,-80.479235,2022,Serious Injury
25.939933,-80.273127,2022,Fatality
25.455129,-80.485316,2022,Serious Injury
25.447873,-80.479624,2022,Serious Injury
25.960485,-80.246434,2022,Fatality
25.923327,-80.27659,2022,Serious Injury
25.761313,-80.372342,2022,Serious Injury
25.956571,-80.218179,2022,Serious Injury
25.595303,-80.371515,2022,Fatality
25.685202,-80.353332,2022,Serious Injury
25.695592,-80.34397,2022,Serious Injury
25.946174,-80.205781,2022,Fatality
25.70856,-80.317674,2022,Serious Injury
25.628898,-80.341806,2022,Serious Injury
25.931787,-80.212441,2022,Serious Injury
25.76667,-80.369047,2022,Serious Injury
25.869824,-80.208661,2022,Serious Injury
25.800007,-80.12735,2022,Serious Injury
25.948647,-80.184087,2022,Serious Injury
25.790694,-80.163429,2022,Serious Injury
25.813565,-80.134358,2022,Serious Injury
25.810877,-80.136448,2022,Serious Injury
25.733546,-80.258501,2022,Serious Injury
25.726552,-80.284112,2022,Serious Injury
25.763539,-80.28786,2022,Serious Injury
25.763952,-80.276814,2022,Serious Injury
25.764662,-80.258918,2022,Serious Injury
25.765604,-80.258085,2022,Serious Injury
25.750496,-80.258387,2022,Serious Injury
25.734087,-80.286454,2022,Serious Injury
25.755391,-80.258807,2022,Serious Injury
25.734346,-80.27367,2022,Serious Injury
25.720867,-80.268967,2022,Serious Injury
25.76134,-80.36874,2022,Fatality
25.811471,-80.187,2022,Fatality
25.913355,-80.33298,2022,Fatality
25.784016,-80.25572,2022,Fatality
25.796867,-80.356515,2022,Fatality
25.901335,-80.24163,2022,Fatality
25.818664,-80.224317,2022,Fatality
25.794491,-80.231486,2022,Serious Injury
25.599416,-80.429776,2022,Fatality
25.951066,-80.18121,2023,Serious Injury
25.760881,-80.420926,2023,Serious Injury
25.951602,-80.140808,2023,Serious Injury
25.941951,-80.221228,2023,Serious Injury
25.908456,-80.324836,2023,Serious Injury
25.891505,-80.335624,2023,Serious Injury
25.899585,-80.215412,2023,Fatality
25.672904,-80.367721,2023,Fatality
25.632711,-80.384497,2023,Serious Injury
25.595849,-80.369181,2023,Fatality
25.628477,-80.354647,2023,Fatality
25.762407,-80.319947,2023,Serious Injury
25.924847,-80.308687,2023,Serious Injury
25.862503,-80.315513,2023,Serious Injury
25.911879,-80.325283,2023,Serious Injury
25.912955,-80.209668,2023,Serious Injury
25.946532,-80.294122,2023,Serious Injury
25.580924,-80.380489,2023,Serious Injury
25.911842,-80.325364,2023,Serious Injury
25.750286,-80.303581,2023,Serious Injury
25.883044,-80.267425,2023,Fatality
25.689711,-80.415915,2023,Serious Injury
25.64204,-80.382966,2023,Fatality
25.933055,-80.293632,2023,Serious Injury
25.790851,-80.296905,2023,Serious Injury
25.884735,-80.388515,2023,Serious Injury
25.590984,-80.380772,2023,Serious Injury
25.509291,-80.414357,2023,Serious Injury
25.870925,-80.290794,2023,Serious Injury
25.860166,-80.244315,2023,Serious Injury
25.744596,-80.392037,2023,Fatality
25.965552,-80.165581,2023,Serious Injury
25.761501,-80.352714,2023,Serious Injury
25.878554,-80.226489,2023,Serious Injury
25.957284,-80.201608,2023,Serious Injury
25.96114,-80.141959,2023,Fatality
25.955,-80.146051,2023,Serious Injury
25.717219,-80.32708,2023,Fatality
25.846462,-80.225115,2023,Serious Injury
25.74314,-80.424214,2023,Serious Injury
25.846393,-80.233787,2023,Fatality
25.756733,-80.320602,2023,Serious Injury
25.725532,-80.271328,2023,Serious Injury
25.944005,-80.180475,2023,Serious Injury
25.963841,-80.171142,2023,Serious Injury
25.654886,-80.448667,2023,Fatality
25.867269,-80.208293,2023,Serious Injury
25.826187,-80.36987,2023,Fatality
25.87644,-80.323188,2023,Serious Injury
25.469565,-80.522029,2023,Serious Injury
25.718382,-80.285913,2023,Serious Injury
25.932978,-80.357933,2023,Serious Injury
25.807924,-80.244271,2023,Serious Injury
25.719386,-80.270793,2023,Serious Injury
25.91222,-80.209927,2023,Serious Injury
25.711955,-80.280152,2023,Serious Injury
25.7321,-80.375747,2023,Serious Injury
25.714405,-80.273436,2023,Serious Injury
25.645077,-80.480133,2023,Serious Injury
25.784071,-80.368494,2023,Serious Injury
25.778713,-80.262991,2023,Serious Injury
25.945275,-80.186652,2023,Serious Injury
25.942303,-80.307068,2023,Serious Injury
25.885837,-80.122598,2023,Serious Injury
25.700444,-80.339796,2023,Fatality
25.509449,-80.436286,2023,Serious Injury
25.683706,-80.354756,2023,Serious Injury
25.81229,-80.238885,2023,Serious Injury
25.732315,-80.371701,2023,Serious Injury
25.748579,-80.238213,2023,Serious Injury
25.896267,-80.294302,2023,Serious Injury
25.884541,-80.321929,2023,Serious Injury
25.819937,-80.122738,2023,Serious Injury
25.774382,-80.140631,2023,Serious Injury
25.785175,-80.14227,2023,Serious Injury
25.939491,-80.289822,2023,Serious Injury
25.855839,-80.128611,2023,Serious Injury
25.796842,-80.128644,2023,Serious Injury
25.847998,-80.30433,2023,Serious Injury
25.846633,-80.219265,2023,Fatality
25.76634,-80.19574,2023,Serious Injury
25.782505,-80.19052,2023,Serious Injury
25.841205,-80.184377,2023,Serious Injury
25.762935,-80.309851,2023,Fatality
25.839175,-80.275967,2023,Serious Injury
25.708223,-80.366544,2023,Serious Injury
25.785107,-80.130288,2023,Serious Injury
25.804236,-80.207316,2023,Serious Injury
25.806385,-80.231902,2023,Fatality
25.598317,-80.362237,2023,Fatality
25.49184,-80.412118,2023,Fatality
25.846192,-80.2337,2023,Serious Injury
25.941918,-80.359504,2023,Serious Injury
25.849522,-80.196947,2023,Fatality
25.866555,-80.290722,2023,Fatality
25.846616,-80.309066,2023,Serious Injury
25.81761,-80.188028,2023,Serious Injury
25.683512,-80.351677,2023,Serious Injury
25.925255,-80.283306,2023,Serious Injury
25.807832,-80.281088,2023,Serious Injury
25.726812,-80.318125,2023,Serious Injury
25.636414,-80.47975,2023,Serious Injury
25.781568,-80.353516,2023,Serious Injury
25.777488,-80.336616,2023,Fatality
25.855265,-80.314862,2023,Serious Injury
25.849154,-80.208207,2023,Serious Injury
25.877018,-80.327071,2023,Fatality
25.826448,-80.23271,2023,Serious Injury
25.884321,-80.292955,2023,Serious Injury
25.76956,-80.263486,2023,Serious Injury
25.883912,-80.295702,2023,Serious Injury
25.898579,-80.323866,2023,Serious Injury
25.870907,-80.31498,2023,Serious Injury
25.837763,-80.265881,2023,Serious Injury
25.772494,-80.197749,2023,Fatality
25.766567,-80.217814,2023,Serious Injury
25.896152,-80.27823,2023,Fatality
25.826205,-80.333338,2023,Serious Injury
25.884309,-80.299566,2023,Serious Injury
25.776503,-80.214753,2023,Serious Injury
25.86972,-80.19298,2023,Serious Injury
25.884023,-80.32439,2023,Serious Injury
25.847145,-80.264247,2023,Serious Injury
25.477092,-80.471748,2023,Serious Injury
25.757252,-80.416901,2023,Serious Injury
25.889233,-80.167,2023,Serious Injury
25.899165,-80.191915,2023,Serious Injury
25.845718,-80.249521,2023,Fatality
25.466357,-80.474236,2023,Fatality
25.835038,-80.205862,2023,Serious Injury
25.851733,-80.282482,2023,Fatality
25.842192,-80.306519,2023,Fatality
25.829958,-80.281607,2023,Serious Injury
25.826925,-80.202118,2023,Fatality
25.801715,-80.237911,2023,Fatality
25.830188,-80.224753,2023,Serious Injury
25.805033,-80.215492,2023,Fatality
25.827997,-80.226747,2023,Serious Injury
25.920887,-80.260447,2023,Serious Injury
25.923429,-80.236532,2023,Serious Injury
25.451983,-80.476161,2023,Serious Injury
25.943461,-80.245357,2023,Serious Injury
25.97094,-80.273743,2023,Fatality
25.735929,-80.165064,2023,Serious Injury
25.957667,-80.194748,2023,Fatality
25.80919,-80.207017,2023,Serious Injury
25.957379,-80.246114,2023,Fatality
25.551819,-80.372095,2023,Serious Injury
25.957313,-80.201904,2023,Fatality
25.794293,-80.205276,2023,Serious Injury
25.761035,-80.474864,2023,Serious Injury
25.908474,-80.187297,2023,Serious Injury
25.76678,-80.255221,2023,Serious Injury
25.808366,-80.263105,2023,Serious Injury
25.704816,-80.414844,2023,Serious Injury
25.942262,-80.21348,2023,Serious Injury
25.869184,-80.209816,2023,Fatality
25.899916,-80.174766,2023,Fatality
25.773755,-80.206045,2023,Serious Injury
25.801733,-80.126264,2023,Serious Injury
25.48451,-80.469138,2023,Serious Injury
25.853642,-80.233937,2023,Serious Injury
25.790241,-80.206909,2023,Serious Injury
25.924788,-80.295653,2023,Serious Injury
25.791711,-80.205315,2023,Serious Injury
25.968608,-80.165182,2023,Serious Injury
25.763532,-80.19972,2023,Serious Injury
25.784279,-80.302954,2023,Fatality
25.785275,-80.130817,2023,Serious Injury
25.941653,-80.186004,2023,Serious Injury
25.853468,-80.318641,2023,Serious Injury
25.791348,-80.148793,2023,Serious Injury
25.847752,-80.21927,2023,Serious Injury
25.868688,-80.226154,2023,Serious Injury
25.581065,-80.39307,2023,Fatality
25.921326,-80.185795,2023,Fatality
25.771505,-80.271656,2023,Fatality
25.476962,-80.509799,2023,Serious Injury
25.761905,-80.344157,2023,Serious Injury
25.740848,-80.266406,2023,Serious Injury
25.716585,-80.274212,2023,Serious Injury
25.953269,-80.139654,2023,Fatality
25.942211,-80.359506,2023,Serious Injury
25.784055,-80.28925,2023,Serious Injury
25.713749,-80.435431,2023,Serious Injury
25.795154,-80.320938,2023,Serious Injury
25.939565,-80.285757,2023,Serious Injury
25.605892,-80.361164,2023,Fatality
25.849879,-80.120287,2023,Serious Injury
25.945821,-80.351449,2023,Fatality
25.887766,-80.273106,2023,Serious Injury
25.879475,-80.185738,2023,Serious Injury
25.688061,-80.330412,2023,Serious Injury
25.899925,-80.174789,2023,Serious Injury
25.964572,-80.171188,2023,Fatality
25.677069,-80.469381,2023,Serious Injury
25.525091,-80.445322,2023,Fatality
25.732626,-80.254023,2023,Fatality
25.912693,-80.324987,2023,Serious Injury
25.771848,-80.254627,2023,Serious Injury
25.704927,-80.358337,2023,Serious Injury
25.80096,-80.26389,2023,Serious Injury
25.566509,-80.362509,2023,Serious Injury
25.641127,-80.414822,2023,Serious Injury
25.838401,-80.249644,2023,Serious Injury
25.765102,-80.240533,2023,Fatality
25.939249,-80.293595,2023,Fatality
25.717525,-80.274117,2023,Serious Injury
25.751044,-80.25461,2023,Serious Injury
25.761078,-80.464072,2023,Fatality
25.787574,-80.214961,2023,Fatality
25.867137,-80.273467,2023,Serious Injury
25.928665,-80.321489,2023,Serious Injury
25.743846,-80.403712,2023,Serious Injury
25.832749,-80.206078,2023,Serious Injury
25.865555,-80.262917,2023,Serious Injury
25.787438,-80.239569,2023,Fatality
25.967496,-80.22937,2023,Fatality
25.711514,-80.38354,2023,Serious Injury
25.896021,-80.379208,2023,Serious Injury
25.811779,-80.194667,2023,Serious Injury
25.82481,-80.209278,2023,Serious Injury
25.925121,-80.309903,2023,Serious Injury
25.842859,-80.224281,2023,Fatality
25.78028,-80.213182,2023,Serious Injury
25.868857,-80.218042,2023,Serious Injury
25.919304,-80.212208,2023,Serious Injury
25.61174,-80.381796,2023,Serious Injury
25.778689,-80.130781,2023,Serious Injury
25.890626,-80.227106,2023,Serious Injury
25.74711,-80.210913,2023,Serious Injury
25.848203,-80.322232,2023,Serious Injury
25.869135,-80.213992,2023,Fatality
25.916381,-80.187654,2023,Fatality
25.614524,-80.326647,2023,Serious Injury
25.677409,-80.384304,2023,Serious Injury
25.907279,-80.324581,2023,Fatality
25.5161,-80.430003,2023,Serious Injury
25.76968,-80.335491,2023,Serious Injury
25.565808,-80.381967,2023,Serious Injury
25.92643,-80.24524,2023,Serious Injury
25.84725,-80.207124,2023,Fatality
25.596034,-80.348092,2023,Fatality
25.564355,-80.386617,2023,Serious Injury
25.748439,-80.281756,2023,Serious Injury
25.901117,-80.386123,2023,Serious Injury
25.882828,-80.236252,2023,Serious Injury
25.62116,-80.351983,2023,Fatality
25.882577,-80.166154,2023,Serious Injury
25.874815,-80.170254,2023,Serious Injury
25.908701,-80.219568,2023,Fatality
25.521798,-80.408636,2023,Serious Injury
25.388276,-80.443778,2023,Serious Injury
25.937733,-80.188628,2023,Serious Injury
25.924657,-80.188156,2023,Fatality
25.514008,-80.445624,2023,Serious Injury
25.706463,-80.443129,2023,Serious Injury
25.772655,-80.211395,2023,Serious Injury
25.89859,-80.199058,2023,Serious Injury
25.550281,-80.506607,2023,Fatality
25.862563,-80.290663,2023,Serious Injury
25.550523,-80.478436,2023,Serious Injury
25.715105,-80.276287,2023,Serious Injury
25.908966,-80.187286,2023,Fatality
25.889087,-80.210723,2023,Serious Injury
25.930636,-80.127444,2023,Serious Injury
25.66032,-80.326867,2023,Serious Injury
25.780798,-80.369017,2023,Serious Injury
25.769902,-80.321932,2023,Serious Injury
25.890836,-80.372209,2023,Fatality
25.902727,-80.166848,2023,Serious Injury
25.769711,-80.325276,2023,Serious Injury
25.721083,-80.431335,2023,Fatality
25.847945,-80.314357,2023,Serious Injury
25.78807,-80.1411,2023,Serious Injury
25.803494,-80.25636,2023,Serious Injury
25.842739,-80.233378,2023,Serious Injury
25.726605,-80.261486,2023,Serious Injury
25.584534,-80.367104,2023,Fatality
25.926586,-80.232122,2023,Fatality
25.832588,-80.206063,2023,Serious Injury
25.88155,-80.321156,2023,Serious Injury
25.815626,-80.27083,2023,Serious Injury
25.830232,-80.273559,2023,Fatality
25.245804,-80.43557,2023,Fatality
25.863934,-80.179075,2023,Serious Injury
25.863634,-80.187201,2023,Serious Injury
25.882626,-80.360419,2023,Serious Injury
25.918942,-80.15609,2023,Fatality
25.848622,-80.153228,2023,Fatality
25.848717,-80.151012,2023,Serious Injury
25.533063,-80.371036,2023,Fatality
25.869839,-80.331149,2023,Serious Injury
25.890674,-80.299827,2023,Serious Injury
25.863901,-80.31486,2023,Fatality
25.884277,-80.299816,2023,Serious Injury
25.763519,-80.28854,2023,Serious Injury
25.76308,-80.303925,2023,Serious Injury
25.781647,-80.200625,2023,Serious Injury
25.761254,-80.365406,2023,Serious Injury
25.757786,-80.238487,2023,Serious Injury
25.772262,-80.241359,2023,Serious Injury
25.803716,-80.231819,2023,Serious Injury
25.684579,-80.438778,2023,Serious Injury
25.732539,-80.355835,2023,Serious Injury
25.905795,-80.187394,2023,Serious Injury
25.761029,-80.480925,2023,Serious Injury
25.833188,-80.206083,2023,Serious Injury
25.855751,-80.207915,2023,Serious Injury
25.927227,-80.222951,2023,Serious Injury
25.907648,-80.211672,2023,Serious Injury
25.852941,-80.284472,2023,Serious Injury
25.686621,-80.373494,2023,Serious Injury
25.760862,-80.424701,2023,Fatality
25.783661,-80.267655,2023,Serious Injury
25.733016,-80.318956,2023,Serious Injury
25.507274,-80.415725,2023,Fatality
25.646847,-80.480312,2023,Serious Injury
25.953478,-80.294553,2023,Fatality
25.571428,-80.376501,2023,Serious Injury
25.761796,-80.338746,2023,Serious Injury
25.761222,-80.376758,2023,Serious Injury
25.7646,-80.336284,2023,Serious Injury
25.823252,-80.263168,2023,Serious Injury
25.684222,-80.449304,2023,Fatality
25.468729,-80.453411,2023,Serious Injury
25.66211,-80.388494,2023,Fatality
25.926799,-80.227772,2023,Fatality
25.828708,-80.206469,2023,Serious Injury
25.806975,-80.32134,2023,Serious Injury
25.810968,-80.264708,2023,Serious Injury
25.540036,-80.372018,2023,Serious Injury
25.873553,-80.323295,2023,Serious Injury
25.9271,-80.221243,2023,Serious Injury
25.565388,-80.382398,2023,Serious Injury
25.670923,-80.362855,2023,Serious Injury
25.521065,-80.477897,2023,Serious Injury
25.447892,-80.47715,2023,Serious Injury
25.45332,-80.475085,2023,Fatality
25.900934,-80.235701,2023,Serious Injury
25.912451,-80.24426,2023,Serious Injury
25.681445,-80.416507,2023,Serious Injury
25.955327,-80.233607,2023,Serious Injury
25.952962,-80.264207,2023,Serious Injury
25.972309,-80.214792,2023,Serious Injury
25.957016,-80.206215,2023,Fatality
25.938328,-80.265999,2023,Serious Injury
25.963168,-80.205738,2023,Serious Injury
25.94937,-80.201405,2023,Serious Injury
25.926129,-80.259664,2023,Serious Injury
25.912151,-80.244142,2023,Serious Injury
25.940041,-80.269598,2023,Fatality
25.939908,-80.245311,2023,Serious Injury
25.940825,-80.245238,2023,Fatality
25.971954,-80.234347,2023,Serious Injury
25.965062,-80.219003,2023,Serious Injury
25.948224,-80.245745,2023,Serious Injury
25.928851,-80.244629,2023,Serious Injury
25.772071,-80.239029,2024,Fatality
25.748116,-80.309137,2024,Fatality
25.704577,-80.289341,2024,Serious Injury
25.701549,-80.293289,2024,Serious Injury
25.580876,-80.367251,2024,Serious Injury
25.723134,-80.412766,2024,Serious Injury
25.729309,-80.413332,2024,Serious Injury
25.922395,-80.158937,2024,Fatality
25.760128,-80.385229,2024,Serious Injury
25.72336,-80.265745,2024,Serious Injury
25.778325,-80.133297,2024,Serious Injury
25.898598,-80.250873,2024,Serious Injury
25.963243,-80.147069,2024,Serious Injury
25.669857,-80.442184,2024,Serious Injury
25.82444,-80.232653,2024,Fatality
25.964714,-80.170937,2024,Serious Injury
25.740417,-80.367728,2024,Serious Injury
25.506434,-80.477752,2024,Serious Injury
25.849704,-80.196446,2024,Serious Injury
25.506847,-80.421549,2024,Serious Injury
25.749589,-80.259857,2024,Serious Injury
25.956977,-80.205628,2024,Serious Injury
25.95738,-80.202431,2024,Serious Injury
25.798055,-80.26429,2024,Serious Injury
25.771513,-80.229394,2024,Serious Injury
25.702867,-80.318871,2024,Serious Injury
25.751264,-80.400354,2024,Fatality
25.868755,-80.387855,2024,Serious Injury
25.807529,-80.207451,2024,Fatality
25.905137,-80.243823,2024,Fatality
25.858089,-80.231939,2024,Serious Injury
25.792369,-80.12822,2024,Serious Injury
25.907473,-80.167077,2024,Serious Injury
25.894001,-80.166475,2024,Serious Injury
25.599113,-80.381073,2024,Serious Injury
25.962744,-80.205768,2024,Serious Injury
25.776173,-80.170785,2024,Serious Injury
25.587514,-80.367947,2024,Serious Injury
25.552438,-80.395077,2024,Serious Injury
25.903672,-80.324849,2024,Fatality
25.847944,-80.181105,2024,Fatality
25.843811,-80.192701,2024,Fatality
25.939698,-80.275298,2024,Fatality
25.603135,-80.378048,2024,Serious Injury
25.695195,-80.300781,2024,Serious Injury
25.841132,-80.298048,2024,Serious Injury
25.898978,-80.386183,2024,Serious Injury
25.638079,-80.479835,2024,Serious Injury
25.825677,-80.273446,2024,Serious Injury
25.808758,-80.248325,2024,Serious Injury
25.824492,-80.220458,2024,Fatality
25.466139,-80.483968,2024,Fatality
25.373855,-80.462974,2024,Serious Injury
25.825938,-80.369877,2024,Serious Injury
25.967855,-80.145727,2024,Serious Injury
25.954831,-80.262072,2024,Fatality
25.925044,-80.244621,2024,Serious Injury
25.447664,-80.508592,2024,Serious Injury
25.882116,-80.243008,2024,Serious Injury
25.85951,-80.231982,2024,Serious Injury
25.792288,-80.132251,2024,Serious Injury
25.942445,-80.162817,2024,Serious Injury
25.46607,-80.49288,2024,Serious Injury
25.470472,-80.470787,2024,Serious Injury
25.481943,-80.463051,2024,Serious Injury
25.905442,-80.158716,2024,Serious Injury
25.933773,-80.151056,2024,Serious Injury
25.670936,-80.416593,2024,Fatality
25.748875,-80.254618,2024,Serious Injury
25.794697,-80.205544,2024,Serious Injury
25.794857,-80.205558,2024,Serious Injury
25.940939,-80.243608,2024,Serious Injury
25.666302,-80.327034,2024,Serious Injury
25.794769,-80.190855,2024,Serious Injury
25.69954,-80.30947,2024,Serious Injury
25.88952,-80.209466,2024,Serious Injury
25.886623,-80.134798,2024,Serious Injury
25.928939,-80.13421,2024,Serious Injury
25.955077,-80.120431,2024,Serious Injury
25.926231,-80.141117,2024,Serious Injury
25.772529,-80.193546,2024,Serious Injury
25.793143,-80.206996,2024,Serious Injury
25.783504,-80.220654,2024,Serious Injury
25.723923,-80.383029,2024,Serious Injury
25.902276,-80.387279,2024,Serious Injury
25.761749,-80.351778,2024,Serious Injury
25.844588,-80.206802,2024,Serious Injury
25.881515,-80.283507,2024,Serious Injury
25.840573,-80.382399,2024,Serious Injury
25.748241,-80.335772,2024,Serious Injury
25.761815,-80.348267,2024,Serious Injury
25.924372,-80.321432,2024,Serious Injury
25.926723,-80.235102,2024,Serious Injury
25.688052,-80.333572,2024,Serious Injury
25.787332,-80.218947,2024,Fatality
25.770521,-80.304446,2024,Serious Injury
25.750561,-80.258577,2024,Serious Injury
25.829003,-80.206058,2024,Fatality
25.836328,-80.483231,2024,Serious Injury
25.486777,-80.459015,2024,Serious Injury
25.847479,-80.192696,2024,Serious Injury
25.826185,-80.385676,2024,Serious Injury
25.572771,-80.478091,2024,Serious Injury
25.942359,-80.207647,2024,Serious Injury
25.846098,-80.241484,2024,Serious Injury
25.477645,-80.433633,2024,Serious Injury
25.926096,-80.153249,2024,Serious Injury
25.785536,-80.14105,2024,Serious Injury
25.883666,-80.210343,2024,Serious Injury
25.580048,-80.368822,2021,Serious Injury
25.538986,-80.408405,2024,Serious Injury
25.927137,-80.20654,2024,Serious Injury
25.808611,-80.321357,2024,Serious Injury
25.84659,-80.251312,2024,Serious Injury
25.685538,-80.411208,2024,Serious Injury
25.805406,-80.313041,2024,Serious Injury
25.942869,-80.197935,2024,Serious Injury
25.762149,-80.323815,2024,Serious Injury
25.924778,-80.350609,2024,Serious Injury
25.776778,-80.197823,2024,Serious Injury
25.911917,-80.187499,2024,Fatality
25.862591,-80.242254,2024,Fatality
25.824447,-80.224794,2024,Serious Injury
25.812744,-80.192342,2024,Serious Injury
25.960177,-80.230159,2024,Fatality
25.760842,-80.52567,2024,Serious Injury
25.572125,-80.506717,2024,Fatality
25.772812,-80.221302,2024,Serious Injury
25.820841,-80.2062,2024,Serious Injury
25.681186,-80.388821,2024,Serious Injury
25.926608,-80.204305,2024,Serious Injury
25.896781,-80.291965,2024,Serious Injury
25.789836,-80.181458,2024,Serious Injury
25.898018,-80.334102,2024,Serious Injury
25.865391,-80.208482,2024,Serious Injury
25.952139,-80.294524,2024,Serious Injury
25.772403,-80.385229,2024,Serious Injury
25.763811,-80.385598,2024,Serious Injury
25.793167,-80.205485,2024,Serious Injury
25.786977,-80.194096,2024,Fatality
25.802212,-80.219484,2024,Serious Injury
25.774802,-80.197728,2024,Serious Injury
25.603713,-80.478951,2024,Serious Injury
25.769009,-80.385769,2024,Serious Injury
25.807867,-80.285087,2024,Serious Injury
25.83172,-80.205695,2024,Serious Injury
25.867209,-80.2746,2024,Serious Injury
25.951467,-80.245928,2024,Serious Injury
25.794784,-80.269216,2024,Serious Injury
25.528881,-80.390365,2024,Serious Injury
25.81502,-80.313353,2024,Serious Injury
25.696145,-80.299734,2024,Serious Injury
25.95632,-80.352013,2024,Serious Injury
25.762242,-80.329219,2024,Serious Injury
25.969143,-80.165588,2024,Serious Injury
25.897275,-80.356221,2024,Serious Injury
25.934067,-80.232889,2024,Serious Injury
25.837495,-80.232059,2024,Serious Injury
25.967911,-80.145187,2024,Serious Injury
25.754027,-80.277164,2024,Serious Injury
25.84889,-80.241912,2024,Serious Injury
25.643445,-80.350374,2024,Serious Injury
25.762675,-80.315828,2024,Serious Injury
25.637737,-80.491976,2024,Serious Injury
25.565556,-80.453704,2024,Serious Injury
25.782727,-80.322318,2024,Serious Injury
25.803947,-80.195286,2024,Serious Injury
25.813997,-80.206143,2024,Serious Injury
25.824587,-80.220811,2024,Serious Injury
25.910099,-80.16826,2024,Serious Injury
25.925021,-80.268714,2024,Serious Injury
25.786009,-80.220103,2024,Serious Injury
25.746426,-80.233383,2024,Serious Injury
25.847491,-80.196441,2024,Serious Injury
25.770017,-80.318566,2024,Serious Injury
25.930688,-80.123573,2024,Serious Injury
25.876362,-80.210202,2024,Serious Injury
25.933202,-80.429855,2024,Fatality
25.893996,-80.16647,2024,Serious Injury
25.781603,-80.33327,2024,Serious Injury
25.75202,-80.260906,2024,Serious Injury
25.792801,-80.143674,2024,Serious Injury
25.680409,-80.388684,2024,Serious Injury
25.761033,-80.481288,2024,Serious Injury
25.955741,-80.175063,2024,Serious Injury
25.812853,-80.212914,2024,Serious Injury
25.879824,-80.267199,2024,Serious Injury
25.732994,-80.262051,2024,Fatality
25.800039,-80.321198,2024,Serious Injury
25.760875,-80.424278,2024,Serious Injury
25.880006,-80.20907,2024,Serious Injury
25.579734,-80.478346,2024,Serious Injury
25.873684,-80.209033,2024,Serious Injury
25.883217,-80.243202,2024,Serious Injury
25.761636,-80.194108,2024,Serious Injury
25.896254,-80.161586,2024,Serious Injury
25.939939,-80.269844,2024,Serious Injury
25.742545,-80.448197,2024,Serious Injury
25.810713,-80.178296,2024,Serious Injury
25.584975,-80.388215,2024,Serious Injury
25.849512,-80.233811,2024,Fatality
25.848727,-80.21492,2024,Serious Injury
25.82462,-80.216133,2024,Fatality
25.867733,-80.242389,2024,Fatality
25.939734,-80.274803,2024,Fatality
25.813081,-80.135703,2024,Serious Injury
25.929026,-80.252771,2024,Serious Injury
25.914956,-80.187616,2024,Fatality
25.707784,-80.279328,2024,Serious Injury
25.82092,-80.240805,2024,Serious Injury
25.724063,-80.399394,2024,Serious Injury
25.5796,-80.486832,2024,Serious Injury
25.849525,-80.200672,2024,Serious Injury
25.868125,-80.240457,2024,Fatality
25.779263,-80.24591,2024,Serious Injury
25.738891,-80.240414,2024,Serious Injury
25.784465,-80.301392,2024,Serious Injury
25.911891,-80.236054,2024,Serious Injury
25.824223,-80.232592,2024,Fatality
25.868626,-80.224676,2024,Fatality
25.942194,-80.215107,2024,Fatality
25.956892,-80.310656,2024,Fatality
25.558845,-80.386887,2024,Fatality
25.774734,-80.132937,2024,Serious Injury
25.71252,-80.382446,2024,Serious Injury
25.763294,-80.295907,2024,Serious Injury
25.904182,-80.174226,2024,Serious Injury
25.462453,-80.484888,2024,Serious Injury
25.767649,-80.216201,2024,Serious Injury
25.762276,-80.327572,2024,Serious Injury
25.8088,-80.248539,2024,Serious Injury
25.788134,-80.198015,2024,Serious Injury
25.860508,-80.226104,2024,Serious Injury
25.517772,-80.428137,2024,Serious Injury
25.636131,-80.447499,2024,Serious Injury
25.850245,-80.225444,2024,Fatality
25.805153,-80.258559,2024,Serious Injury
25.631398,-80.418102,2024,Serious Injury
25.883584,-80.212835,2024,Serious Injury
25.636283,-80.341985,2024,Serious Injury
25.860007,-80.205521,2024,Serious Injury
25.64507,-80.336144,2024,Serious Injury
25.619864,-80.32486,2024,Serious Injury
25.525247,-80.437113,2024,Serious Injury
25.786983,-80.194303,2024,Serious Injury
25.605348,-80.478875,2024,Serious Injury
25.852414,-80.274724,2024,Serious Injury
25.837449,-80.241352,2024,Serious Injury
25.938881,-80.312026,2024,Serious Injury
25.90835,-80.209867,2024,Serious Injury
25.899453,-80.323758,2024,Serious Injury
25.9226,-80.416262,2024,Serious Injury
25.685428,-80.416439,2024,Serious Injury
25.902148,-80.387427,2024,Serious Injury
25.898679,-80.325242,2024,Serious Injury
25.881922,-80.267345,2024,Serious Injury
25.881934,-80.264138,2024,Serious Injury
25.537161,-80.372061,2024,Serious Injury
25.795356,-80.200384,2024,Serious Injury
25.848056,-80.176891,2024,Serious Injury
25.583837,-80.367001,2024,Serious Injury
25.7869,-80.239659,2024,Serious Injury
25.794644,-80.22702,2024,Serious Injury
25.779433,-80.241196,2024,Serious Injury
25.72891,-80.42437,2024,Serious Injury
25.813591,-80.126546,2024,Serious Injury
25.781915,-80.13346,2024,Serious Injury
25.791037,-80.157087,2024,Serious Injury
25.799322,-80.130193,2024,Serious Injury
25.790658,-80.163523,2024,Serious Injury
25.807237,-80.137365,2024,Serious Injury
25.769,-80.134796,2024,Serious Injury
25.491383,-80.414472,2024,Serious Injury
25.819312,-80.271142,2024,Fatality
25.900689,-80.227521,2024,Serious Injury
25.748155,-80.267251,2024,Serious Injury
25.777963,-80.271908,2024,Serious Injury
25.77083,-80.289249,2024,Fatality
25.75718,-80.254913,2024,Serious Injury
25.869607,-80.19786,2024,Serious Injury
25.905224,-80.173302,2024,Serious Injury
25.588937,-80.380555,2024,Serious Injury
25.736716,-80.335623,2024,Serious Injury
25.772376,-80.231226,2024,Fatality
25.76431,-80.216504,2024,Serious Injury
25.901726,-80.321956,2024,Serious Injury
25.957892,-80.20558,2024,Serious Injury
25.826252,-80.373054,2024,Serious Injury
25.964382,-80.24386,2024,Serious Injury
25.936013,-80.27809,2024,Serious Injury
25.847928,-80.369122,2024,Serious Injury
25.82183,-80.369928,2024,Serious Injury
25.851837,-80.142819,2024,Serious Injury
25.911789,-80.23607,2024,Serious Injury
25.9454,-80.147372,2024,Serious Injury
25.956152,-80.130046,2024,Serious Injury
25.752833,-80.260715,2024,Serious Injury
25.748795,-80.275483,2024,Serious Injury
25.828817,-80.289712,2024,Serious Injury
25.97025,-80.198345,2024,Serious Injury
25.944616,-80.253438,2024,Serious Injury
25.947039,-80.201185,2024,Serious Injury
25.768311,-80.376431,2024,Fatality
25.731957,-80.38457,2024,Fatality
25.62619,-80.41491,2024,Fatality
25.784183,-80.288083,2024,Serious Injury
25.763033,-80.2551,2024,Serious Injury
25.853497,-80.184887,2024,Serious Injury
25.809472,-80.224046,2024,Serious Injury
25.455089,-80.489431,2024,Serious Injury
25.639995,-80.46372,2024,Serious Injury
25.494331,-80.45138,2024,Serious Injury
25.831266,-80.241233,2024,Serious Injury
25.715155,-80.392367,2024,Serious Injury
25.772655,-80.230973,2024,Serious Injury
25.955298,-80.175891,2024,Serious Injury
25.948432,-80.145669,2024,Serious Injury
25.850108,-80.184649,2024,Fatality
25.595235,-80.37206,2024,Serious Injury
25.492404,-80.477557,2024,Fatality
25.87787,-80.279013,2021,Serious Injury
25.846777,-80.217558,2021,Serious Injury
25.872124,-80.208516,2021,Serious Injury
25.839504,-80.205929,2021,Serious Injury
25.673574,-80.481271,2021,Serious Injury
25.791554,-80.205987,2021,Fatality
25.869863,-80.306912,2021,Serious Injury
25.674469,-80.362636,2021,Serious Injury
25.732451,-80.35979,2021,Serious Injury
25.817032,-80.240438,2021,Fatality
25.884088,-80.202582,2021,Serious Injury
25.882495,-80.251353,2021,Serious Injury
25.953845,-80.13733,2021,Serious Injury
25.835692,-80.231022,2021,Serious Injury
25.866582,-80.300927,2021,Fatality
25.797542,-80.207094,2021,Serious Injury
25.942008,-80.216445,2021,Serious Injury
25.965429,-80.205852,2021,Serious Injury
25.686224,-80.38675,2021,Serious Injury
25.911824,-80.244102,2021,Serious Injury
25.927414,-80.213756,2021,Serious Injury
25.757142,-80.214231,2021,Serious Injury
25.786949,-80.141104,2021,Fatality
25.779266,-80.140855,2021,Serious Injury
25.783463,-80.2682,2021,Fatality
25.826202,-80.38629,2021,Fatality
25.77661,-80.214728,2021,Fatality
25.768358,-80.19008,2021,Serious Injury
25.755047,-80.368082,2021,Serious Injury
25.524919,-80.437112,2021,Serious Injury
25.837995,-80.297979,2021,Fatality
25.838014,-80.29801,2021,Fatality
25.858506,-80.208022,2021,Fatality
25.954932,-80.243225,2021,Fatality
25.453941,-80.433269,2021,Fatality
25.769603,-80.332333,2021,Serious Injury
25.75197,-80.203614,2021,Fatality
25.781871,-80.193869,2021,Serious Injury
25.76449,-80.261216,2021,Serious Injury
25.805725,-80.124631,2021,Serious Injury
25.77361,-80.135874,2021,Serious Injury
25.747371,-80.319846,2021,Serious Injury
25.808771,-80.260098,2021,Fatality
25.960619,-80.246429,2021,Serious Injury
25.772427,-80.234922,2021,Serious Injury
25.972428,-80.21083,2021,Fatality
25.772385,-80.288167,2021,Fatality
25.830878,-80.208427,2021,Serious Injury
25.866538,-80.31055,2021,Serious Injury
25.511117,-80.41154,2021,Serious Injury
25.913206,-80.34941,2021,Serious Injury
25.943207,-80.181082,2021,Serious Injury
25.810391,-80.151464,2021,Serious Injury
25.937147,-80.204829,2021,Serious Injury
25.780253,-80.318679,2021,Serious Injury
25.946618,-80.253644,2021,Serious Injury
25.741513,-80.361523,2021,Fatality
25.749753,-80.20353,2021,Serious Injury
25.854217,-80.122257,2021,Serious Injury
25.923829,-80.210108,2021,Serious Injury
25.833266,-80.321869,2021,Serious Injury
25.733345,-80.302906,2021,Serious Injury
25.957884,-80.17134,2021,Serious Injury
25.826846,-80.321681,2021,Serious Injury
25.897998,-80.243329,2021,Serious Injury
25.896975,-80.291832,2021,Serious Injury
25.779442,-80.13394,2021,Serious Injury
25.883946,-80.324,2021,Serious Injury
25.845291,-80.262193,2021,Serious Injury
25.845343,-80.260589,2021,Fatality
25.483235,-80.452859,2021,Serious Injury
25.495105,-80.436794,2021,Fatality
25.48176,-80.477472,2021,Serious Injury
25.57346,-80.385086,2021,Serious Injury
25.891309,-80.235336,2021,Serious Injury
25.805048,-80.193494,2021,Serious Injury
25.751693,-80.210675,2021,Serious Injury
25.518477,-80.371962,2021,Serious Injury
25.442631,-80.485299,2021,Serious Injury
25.949162,-80.142605,2021,Serious Injury
25.832346,-80.224902,2021,Serious Injury
25.870647,-80.315078,2021,Serious Injury
25.848618,-80.233594,2021,Fatality
25.549869,-80.37603,2021,Serious Injury
25.879442,-80.194123,2021,Fatality
25.717982,-80.310459,2021,Fatality
25.830305,-80.241197,2021,Fatality
25.831491,-80.23099,2021,Fatality
25.499419,-80.444707,2021,Fatality
25.84926,-80.205249,2021,Fatality
25.587081,-80.475039,2021,Fatality
25.873612,-80.226281,2021,Fatality
25.833307,-80.232995,2021,Fatality
25.860182,-80.306626,2021,Fatality
25.749036,-80.284964,2021,Fatality
25.948506,-80.201315,2021,Fatality
25.764111,-80.271994,2021,Serious Injury
25.530597,-80.445303,2021,Fatality
25.553386,-80.364052,2021,Serious Injury
25.932597,-80.269002,2021,Fatality
25.463852,-80.493501,2021,Fatality
25.81141,-80.191251,2021,Fatality
25.797415,-80.223351,2021,Fatality
25.795415,-80.196728,2021,Fatality
25.831268,-80.192208,2021,Serious Injury
25.86386,-80.314587,2021,Serious Injury
25.802032,-80.231749,2021,Serious Injury
25.926442,-80.319497,2021,Fatality
25.859635,-80.278666,2021,Serious Injury
25.87885,-80.251175,2021,Serious Injury
25.462483,-80.483345,2021,Serious Injury
25.834732,-80.233047,2021,Serious Injury
25.833799,-80.233377,2021,Serious Injury
25.560378,-80.356691,2021,Serious Injury
25.809276,-80.317579,2021,Serious Injury
25.818426,-80.248702,2021,Serious Injury
25.849665,-80.250057,2021,Serious Injury
25.876747,-80.202917,2021,Serious Injury
25.887678,-80.304114,2021,Serious Injury
25.832408,-80.232956,2021,Serious Injury
25.459729,-80.485356,2021,Serious Injury
25.876864,-80.315256,2021,Serious Injury
25.840189,-80.125304,2021,Serious Injury
25.941571,-80.221843,2021,Serious Injury
25.484552,-80.444848,2021,Serious Injury
25.761391,-80.370962,2021,Serious Injury
25.884604,-80.24113,2021,Serious Injury
25.963555,-80.164684,2021,Serious Injury
25.834047,-80.187508,2021,Serious Injury
25.518601,-80.45336,2021,Serious Injury
25.726879,-80.265173,2021,Serious Injury
25.484535,-80.467834,2021,Serious Injury
25.931572,-80.35084,2021,Fatality
25.539572,-80.380113,2021,Serious Injury
25.923421,-80.262199,2021,Serious Injury
25.861636,-80.215224,2021,Serious Injury
25.802069,-80.231761,2021,Serious Injury
25.462334,-80.501546,2021,Serious Injury
25.84067,-80.338624,2021,Serious Injury
25.630209,-80.340855,2021,Serious Injury
25.790353,-80.170877,2021,Serious Injury
25.507201,-80.420815,2021,Serious Injury
25.80802,-80.244276,2021,Serious Injury
25.807657,-80.226157,2021,Serious Injury
25.597073,-80.397092,2021,Serious Injury
25.817764,-80.24869,2021,Serious Injury
25.758415,-80.397324,2021,Serious Injury
25.83552,-80.196348,2021,Serious Injury
25.882928,-80.352975,2021,Serious Injury
25.746452,-80.375981,2021,Fatality
25.637162,-80.308343,2021,Serious Injury
25.700009,-80.414597,2021,Serious Injury
25.710911,-80.282299,2021,Serious Injury
25.78276,-80.375088,2021,Serious Injury
25.80503,-80.342091,2021,Serious Injury
25.856754,-80.274641,2021,Serious Injury
29.018968,-81.315581,2021,Serious Injury
25.830667,-80.224833,2021,Serious Injury
25.754563,-80.347884,2021,Serious Injury
25.927469,-80.169922,2021,Serious Injury
25.847492,-80.233559,2021,Serious Injury
25.905655,-80.209446,2021,Serious Injury
25.728051,-80.447703,2021,Serious Injury
25.634304,-80.389292,2021,Serious Injury
25.963122,-80.161671,2021,Serious Injury
25.950703,-80.43107,2021,Serious Injury
25.713611,-80.154224,2021,Serious Injury
25.830436,-80.267398,2021,Serious Injury
25.891619,-80.307918,2021,Serious Injury
25.729812,-80.260373,2021,Serious Injury
25.958166,-80.19255,2021,Serious Injury
25.748899,-80.254528,2021,Serious Injury
25.521013,-80.477888,2021,Serious Injury
25.562039,-80.365672,2021,Serious Injury
25.812592,-80.297227,2022,Serious Injury
25.732125,-80.375669,2022,Serious Injury
25.732125,-80.375669,2022,Serious Injury
25.656406,-80.385638,2022,Fatality
25.896283,-80.379535,2022,Fatality
25.808225,-80.27274,2022,Serious Injury
25.808013,-80.275679,2022,Serious Injury
25.890513,-80.209191,2022,Fatality
25.738942,-80.262275,2022,Serious Injury
25.824353,-80.321621,2022,Serious Injury
25.687117,-80.363692,2022,Serious Injury
25.880059,-80.35641,2022,Serious Injury
25.668236,-80.322708,2022,Serious Injury
25.772265,-80.222607,2022,Serious Injury
25.831571,-80.187085,2022,Serious Injury
25.884395,-80.20894,2022,Serious Injury
25.863362,-80.298741,2022,Serious Injury
25.964468,-80.165468,2022,Serious Injury
25.656767,-80.397647,2022,Serious Injury
25.899323,-80.209708,2022,Serious Injury
25.693416,-80.303516,2022,Serious Injury
25.890406,-80.184401,2022,Fatality
25.764451,-80.255124,2022,Serious Injury
25.728381,-80.260698,2022,Serious Injury
25.925455,-80.267171,2022,Serious Injury
25.823401,-80.281455,2022,Serious Injury
25.68498,-80.42986,2022,Serious Injury
25.589606,-80.368555,2022,Fatality
25.925281,-80.272774,2022,Serious Injury
25.860813,-80.208109,2022,Serious Injury
25.571606,-80.478259,2022,Serious Injury
25.731691,-80.310904,2022,Serious Injury
25.855747,-80.129748,2022,Serious Injury
25.787649,-80.189131,2022,Fatality
25.625384,-80.444149,2022,Serious Injury
25.883042,-80.323512,2022,Serious Injury
25.930015,-80.293483,2022,Serious Injury
25.939546,-80.293778,2022,Serious Injury
25.906067,-80.392681,2022,Fatality
25.933155,-80.293488,2022,Serious Injury
25.680661,-80.31607,2022,Serious Injury
25.690576,-80.306177,2022,Serious Injury
25.843914,-80.206499,2022,Fatality
25.814965,-80.215885,2022,Serious Injury
25.830434,-80.122051,2022,Serious Injury
25.809808,-80.257712,2022,Serious Injury
25.841049,-80.322072,2022,Serious Injury
25.867135,-80.322831,2022,Serious Injury
25.967232,-80.205903,2022,Serious Injury
25.942006,-80.216493,2022,Serious Injury
25.86591,-80.121111,2022,Serious Injury
25.868235,-80.242445,2022,Serious Injury
25.859794,-80.272629,2022,Serious Injury
25.896642,-80.243515,2022,Serious Injury
25.775082,-80.239128,2022,Serious Injury
25.914287,-80.3251,2022,Serious Injury
25.722927,-80.266429,2022,Serious Injury
25.757368,-80.238464,2022,Fatality
25.94216,-80.182129,2022,Serious Injury
25.80944,-80.317409,2022,Serious Injury
25.716073,-80.275917,2022,Serious Injury
25.709399,-80.283082,2022,Serious Injury
25.964278,-80.246537,2022,Fatality
25.917168,-80.228186,2022,Fatality
25.481789,-80.477473,2022,Serious Injury
25.882959,-80.243169,2022,Serious Injury
25.761219,-80.303828,2022,Serious Injury
25.698801,-80.296293,2022,Serious Injury
25.860692,-80.181759,2022,Fatality
25.773202,-80.197577,2022,Fatality
25.771451,-80.271576,2022,Fatality
25.832365,-80.206924,2022,Serious Injury
25.521325,-80.423544,2022,Serious Injury
25.761971,-80.244641,2022,Serious Injury
25.57137,-80.372303,2022,Serious Injury
25.768824,-80.360974,2022,Serious Injury
25.863029,-80.125528,2022,Serious Injury
25.899913,-80.207289,2022,Serious Injury
25.847198,-80.252184,2022,Serious Injury
25.831512,-80.321819,2022,Serious Injury
25.889538,-80.202745,2022,Fatality
25.535643,-80.478012,2022,Serious Injury
25.886696,-80.186306,2022,Serious Injury
25.813666,-80.205941,2022,Serious Injury
25.812295,-80.243607,2022,Serious Injury
25.943389,-80.180908,2022,Serious Injury
25.786452,-80.206873,2022,Serious Injury
25.849776,-80.194176,2022,Fatality
25.792225,-80.14335,2022,Serious Injury
25.832199,-80.216604,2022,Serious Injury
25.843219,-80.12778,2022,Serious Injury
25.962012,-80.166426,2022,Serious Injury
25.887549,-80.209058,2022,Serious Injury
25.860538,-80.208102,2022,Serious Injury
25.59393,-80.384218,2022,Fatality
25.807996,-80.136635,2022,Serious Injury
25.855936,-80.325125,2022,Serious Injury
25.932247,-80.24482,2022,Serious Injury
25.824731,-80.214186,2022,Serious Injury
25.964761,-80.205833,2022,Serious Injury
25.803474,-80.191018,2022,Serious Injury
25.784698,-80.265091,2022,Serious Injury
25.954868,-80.234621,2022,Fatality
25.579715,-80.47743,2022,Serious Injury
25.830304,-80.200236,2022,Serious Injury
25.972303,-80.224812,2022,Serious Injury
25.941815,-80.221216,2022,Fatality
25.840613,-80.323074,2022,Serious Injury
25.46232,-80.468996,2022,Serious Injury
25.741972,-80.237914,2022,Serious Injury
25.775584,-80.134948,2022,Serious Injury
25.881727,-80.166364,2022,Serious Injury
25.751841,-80.26912,2022,Serious Injury
25.795846,-80.130185,2022,Serious Injury
25.566331,-80.38148,2022,Serious Injury
25.65723,-80.385895,2022,Serious Injury
25.890342,-80.227078,2022,Serious Injury
25.912793,-80.20994,2022,Serious Injury
25.932907,-80.265032,2022,Serious Injury
25.756012,-80.254793,2022,Serious Injury
25.905523,-80.242882,2022,Serious Injury
25.85064,-80.300167,2022,Fatality
25.533121,-80.414642,2022,Fatality
25.709165,-80.263181,2022,Fatality
25.774989,-80.187366,2022,Serious Injury
25.726987,-80.262465,2022,Serious Injury
25.847166,-80.205611,2022,Serious Injury
25.912962,-80.209596,2022,Serious Injury
25.897264,-80.327021,2022,Fatality
25.768886,-80.135531,2022,Fatality
25.858827,-80.2746,2022,Fatality
25.769728,-80.324508,2022,Serious Injury
25.829728,-80.281584,2022,Serious Injury
25.882757,-80.243084,2022,Serious Injury
25.938974,-80.180542,2022,Serious Injury
25.45422,-80.473872,2022,Fatality
25.722473,-80.391336,2022,Serious Injury
25.551833,-80.372083,2022,Serious Injury
25.815878,-80.353315,2022,Serious Injury
25.767354,-80.200187,2022,Serious Injury
25.896769,-80.291984,2022,Serious Injury
25.896919,-80.209513,2022,Serious Injury
25.964141,-80.164272,2022,Serious Injury
25.811906,-80.195383,2022,Serious Injury
25.941976,-80.321394,2022,Serious Injury
25.73697,-80.254057,2022,Serious Injury
25.562332,-80.385401,2022,Serious Injury
25.855248,-80.314486,2022,Serious Injury
25.765892,-80.212973,2022,Serious Injury
25.867396,-80.29884,2022,Fatality
25.845373,-80.259659,2022,Serious Injury
25.925288,-80.288939,2022,Serious Injury
25.804999,-80.385454,2022,Serious Injury
25.829565,-80.234935,2022,Serious Injury
25.772427,-80.234922,2022,Serious Injury
25.686819,-80.366834,2022,Fatality
25.941062,-80.245226,2022,Fatality
25.77187,-80.149605,2022,Serious Injury
25.80728,-80.301271,2022,Serious Injury
25.757487,-80.24901,2022,Fatality
25.94728,-80.350936,2022,Serious Injury
25.78924,-80.189093,2022,Serious Injury
25.843587,-80.200705,2022,Serious Injury
25.707315,-80.285717,2022,Serious Injury
25.84767,-80.207863,2022,Serious Injury
25.859399,-80.32971,2022,Serious Injury
25.71851,-80.298769,2022,Serious Injury
25.963171,-80.185674,2022,Serious Injury
25.534214,-80.371619,2022,Serious Injury
25.810737,-80.180745,2022,Fatality
25.96451,-80.236694,2022,Fatality
25.812174,-80.199474,2022,Serious Injury
25.562277,-80.331441,2022,Serious Injury
25.708144,-80.293574,2022,Serious Injury
25.778993,-80.255115,2022,Serious Injury
25.810343,-80.146328,2022,Serious Injury
25.950826,-80.14889,2022,Serious Injury
25.78591,-80.189116,2022,Serious Injury
25.599295,-80.332143,2022,Serious Injury
25.776065,-80.291855,2022,Serious Injury
25.825428,-80.264,2022,Serious Injury
25.762245,-80.327929,2022,Serious Injury
25.945183,-80.245598,2022,Serious Injury
25.571192,-80.37693,2022,Serious Injury
25.587086,-80.506778,2022,Fatality
25.794726,-80.223413,2022,Serious Injury
25.823738,-80.24674,2022,Serious Injury
25.842502,-80.233363,2022,Serious Injury
25.846208,-80.233967,2022,Fatality
25.809106,-80.239925,2022,Fatality
25.942266,-80.341975,2022,Serious Injury
25.900401,-80.163771,2022,Serious Injury
25.972317,-80.214902,2022,Serious Injury
25.765953,-80.211676,2022,Serious Injury
25.566418,-80.381395,2022,Serious Injury
25.835365,-80.225049,2022,Serious Injury
25.812025,-80.232471,2022,Serious Injury
25.45881,-80.493476,2022,Serious Injury
25.88413,-80.310418,2022,Serious Injury
25.947936,-80.252157,2022,Serious Injury
25.484395,-80.485822,2022,Serious Injury
25.764045,-80.274587,2022,Serious Injury
25.91916,-80.244499,2022,Fatality
25.931581,-80.309736,2022,Serious Injury
25.839037,-80.279957,2022,Serious Injury
25.904005,-80.29218,2022,Serious Injury
25.782889,-80.306114,2022,Serious Injury
25.811582,-80.187206,2022,Serious Injury
25.865047,-80.250699,2022,Fatality
25.763549,-80.288166,2022,Fatality
25.813716,-80.313316,2022,Serious Injury
25.862383,-80.322697,2022,Serious Injury
25.462502,-80.475141,2022,Serious Injury
25.655747,-80.44878,2022,Serious Injury
25.775456,-80.214559,2022,Serious Injury
25.636509,-80.385137,2022,Serious Injury
25.671778,-80.384179,2022,Serious Injury
25.94414,-80.350805,2022,Serious Injury
25.817275,-80.21022,2022,Serious Injury
25.63258,-80.365694,2022,Serious Injury
25.864482,-80.25269,2022,Serious Injury
25.507836,-80.438066,2019,Fatality
25.961716,-80.166594,2019,Serious Injury
25.963664,-80.148207,2019,Serious Injury
25.756354,-80.262952,2019,Serious Injury
25.88437,-80.351908,2019,Serious Injury
25.724521,-80.344304,2019,Serious Injury
25.829671,-80.289935,2019,Serious Injury
25.929841,-80.122384,2019,Serious Injury
25.762121,-80.400766,2019,Serious Injury
25.840746,-80.370551,2020,Fatality
25.812142,-80.21165,2020,Serious Injury
25.896411,-80.291034,2020,Fatality
25.845662,-80.250612,2020,Serious Injury
25.817165,-80.1893,2020,Fatality
25.686489,-80.388065,2020,Serious Injury
25.914328,-80.209988,2020,Serious Injury
25.935023,-80.293562,2020,Serious Injury
25.92601,-80.153675,2021,Serious Injury
25.724025,-80.335223,2021,Fatality
25.90061,-80.385315,2021,Serious Injury
25.518671,-80.364125,2021,Serious Injury
25.787175,-80.23953,2021,Fatality
25.942487,-80.188294,2021,Serious Injury
25.928523,-80.188361,2021,Serious Injury
25.925814,-80.168448,2021,Serious Injury
25.746101,-80.262582,2021,Serious Injury
25.898443,-80.334307,2021,Serious Injury
25.590914,-80.380837,2021,Fatality
25.86237,-80.308124,2022,Serious Injury
25.957424,-80.294643,2022,Serious Injury
25.733193,-80.30815,2022,Serious Injury
25.964556,-80.146596,2022,Serious Injury
25.795444,-80.23979,2022,Serious Injury
25.905359,-80.211561,2022,Serious Injury
25.848924,-80.208171,2022,Serious Injury
25.756736,-80.335942,2022,Serious Injury
25.506818,-80.422606,2022,Fatality
25.802632,-80.313167,2022,Serious Injury
25.899162,-80.22744,2022,Serious Injury
25.613992,-80.347111,2022,Serious Injury
25.924854,-80.305766,2023,Serious Injury
25.845049,-80.26629,2024,Serious Injury
25.874777,-80.290777,2023,Serious Injury
25.917252,-80.236318,2023,Serious Injury
25.956858,-80.213865,2023,Serious Injury
25.608585,-80.338557,2023,Serious Injury
25.890371,-80.227089,2023,Fatality
25.763491,-80.288286,2023,Serious Injury
25.857013,-80.322518,2023,Serious Injury
25.773549,-80.136043,2023,Serious Injury
25.864954,-80.208295,2023,Serious Injury
25.889356,-80.163729,2023,Serious Injury
25.51856,-80.427641,2023,Serious Injury
25.903804,-80.174668,2023,Fatality
25.748108,-80.252038,2023,Fatality
25.799309,-80.130168,2024,Serious Injury
25.722775,-80.367348,2024,Serious Injury
25.818284,-80.20791,2024,Serious Injury
25.93723,-80.247468,2024,Serious Injury
25.839484,-80.302833,2024,Serious Injury
25.944164,-80.213246,2024,Serious Injury
25.942255,-80.323716,2024,Serious Injury
25.766966,-80.207436,2024,Serious Injury
25.831074,-80.224876,2024,Serious Injury
25.946018,-80.162605,2019,Serious Injury
25.784761,-80.238251,2019,Serious Injury
25.824567,-80.219105,2019,Fatality
25.809877,-80.205797,2019,Serious Injury
25.614622,-80.373791,2019,Serious Injury
25.603929,-80.360843,2019,Serious Injury
25.506114,-80.477742,2019,Serious Injury
25.581716,-80.367187,2019,Serious Injury
25.525483,-80.421814,2019,Serious Injury
25.933951,-80.237011,2019,Serious Injury
25.853024,-80.274665,2019,Serious Injury
25.479121,-80.458874,2019,Serious Injury
25.764219,-80.400804,2019,Fatality
25.813841,-80.129382,2019,Serious Injury
25.766099,-80.832664,2019,Serious Injury
25.928089,-80.202367,2019,Serious Injury
25.924183,-80.209925,2020,Serious Injury
25.670237,-80.435755,2020,Fatality
25.869302,-80.209662,2020,Serious Injury
25.926044,-80.244808,2020,Serious Injury
25.765513,-80.227944,2020,Serious Injury
25.788965,-80.189109,2020,Fatality
25.91274,-80.401709,2020,Serious Injury
25.791539,-80.206963,2020,Serious Injury
25.708655,-80.284001,2021,Serious Injury
25.798463,-80.223432,2021,Serious Injury
25.78276,-80.379414,2021,Serious Injury
25.780322,-80.319283,2021,Serious Injury
25.867931,-80.314657,2021,Fatality
25.905861,-80.258106,2021,Serious Injury
25.926962,-80.225962,2022,Serious Injury
25.848594,-80.120263,2022,Serious Injury
25.899841,-80.176868,2022,Fatality
25.843691,-80.206679,2022,Serious Injury
25.899786,-80.209434,2022,Serious Injury
25.942992,-80.187855,2022,Serious Injury
25.867284,-80.226126,2022,Serious Injury
25.897677,-80.22739,2022,Serious Injury
25.863158,-80.208171,2023,Fatality
25.958086,-80.14682,2024,Serious Injury
25.932906,-80.293616,2023,Fatality
25.767154,-80.190363,2023,Serious Injury
25.866805,-80.283809,2023,Serious Injury
25.855114,-80.209444,2023,Serious Injury
25.851194,-80.314431,2023,Serious Injury
25.897276,-80.243532,2023,Serious Injury
25.820218,-80.206583,2023,Fatality
25.765998,-80.206531,2023,Serious Injury
25.812195,-80.231355,2023,Serious Injury
25.84085,-80.321305,2023,Serious Injury
25.95347,-80.294536,2023,Serious Injury
25.670713,-80.367361,2024,Fatality
25.966224,-80.133933,2024,Serious Injury
25.394317,-80.582442,2024,Serious Injury
25.59317,-80.382865,2024,Serious Injury
25.942245,-80.322337,2024,Fatality
25.939877,-80.298664,2024,Serious Injury
25.781892,-80.372684,2024,Serious Injury
25.6492,-80.39125,2024,Serious Injury
25.581435,-80.392871,2019,Serious Injury
25.51373,-80.477765,2019,Serious Injury
25.695331,-80.31832,2019,Fatality
25.927803,-80.206481,2019,Fatality
25.899039,-80.347163,2019,Fatality
25.535607,-80.478002,2019,Serious Injury
25.484126,-80.536627,2019,Serious Injury
25.791969,-80.13431,2019,Serious Injury
25.761318,-80.372105,2019,Serious Injury
25.910341,-80.187377,2019,Serious Injury
25.88039,-80.315396,2020,Fatality
25.769604,-80.332269,2020,Serious Injury
25.826077,-80.284846,2020,Serious Injury
25.894294,-80.243424,2020,Serious Injury
25.533776,-80.37214,2020,Fatality
25.842655,-80.24155,2020,Fatality
25.644297,-80.333826,2020,Serious Injury
25.730033,-80.415621,2020,Serious Injury
25.846194,-80.234416,2020,Serious Injury
25.770313,-80.238962,2021,Serious Injury
25.518265,-80.39676,2021,Serious Injury
25.939236,-80.293916,2021,Serious Injury
25.786578,-80.130616,2021,Serious Injury
25.846925,-80.213197,2021,Fatality
25.907992,-80.18727,2021,Fatality
25.927283,-80.21845,2021,Serious Injury
25.779098,-80.251142,2021,Serious Injury
25.83842,-80.248009,2021,Serious Injury
25.491984,-80.452822,2021,Serious Injury
25.817167,-80.242803,2022,Serious Injury
25.830477,-80.205782,2022,Serious Injury
25.883021,-80.230715,2022,Fatality
25.887799,-80.12383,2022,Serious Injury
25.957884,-80.17134,2022,Serious Injury
25.826661,-80.273446,2022,Serious Injury
25.882702,-80.234794,2022,Serious Injury
25.821844,-80.125948,2022,Serious Injury
25.46426,-80.491081,2022,Serious Injury
25.928576,-80.186366,2022,Serious Injury
25.810847,-80.168354,2022,Fatality
25.84657,-80.306272,2022,Serious Injury
25.869149,-80.209959,2022,Fatality
25.53723,-80.370752,2023,Serious Injury
25.580161,-80.462053,2023,Serious Injury
25.898597,-80.337774,2023,Fatality
25.757154,-80.263001,2023,Serious Injury
25.823167,-80.265197,2023,Serious Injury
25.73298,-80.315056,2023,Serious Injury
25.517964,-80.426663,2023,Serious Injury
25.956708,-80.146998,2023,Serious Injury
25.852114,-80.32235,2023,Serious Injury
25.455137,-80.487412,2024,Serious Injury
25.531758,-80.374032,2024,Serious Injury
25.734317,-80.274283,2024,Serious Injury
25.891603,-80.324151,2024,Fatality
25.801577,-80.244083,2024,Serious Injury
25.940971,-80.244044,2024,Fatality
25.764464,-80.263359,2024,Fatality
25.743551,-80.413234,2024,Serious Injury
25.917729,-80.210371,2019,Fatality
25.8987,-80.345189,2019,Serious Injury
25.934048,-80.245049,2019,Fatality
25.789724,-80.271083,2019,Serious Injury
25.491961,-80.455183,2019,Serious Injury
25.811398,-80.188175,2019,Serious Injury
25.881431,-80.287735,2019,Serious Injury
25.937518,-80.121628,2019,Serious Injury
25.807996,-80.320292,2019,Serious Injury
25.813986,-80.199544,2019,Serious Injury
25.881753,-80.288141,2019,Serious Injury
25.947368,-80.146883,2019,Serious Injury
25.810081,-80.263277,2019,Serious Injury
25.887788,-80.209053,2019,Serious Injury
25.897891,-80.199077,2019,Serious Injury
25.854519,-80.122258,2019,Serious Injury
25.808727,-80.250867,2020,Fatality
25.751106,-80.238206,2020,Serious Injury
25.780444,-80.235435,2020,Serious Injury
25.843662,-80.266236,2020,Fatality
25.773972,-80.143566,2020,Fatality
25.925436,-80.260756,2020,Serious Injury
25.856483,-80.290283,2020,Serious Injury
25.763309,-80.295626,2020,Serious Injury
25.76089,-80.419518,2020,Serious Injury
25.899687,-80.18058,2020,Fatality
25.866071,-80.121084,2020,Serious Injury
25.844074,-80.206572,2021,Serious Injury
25.957654,-80.197707,2021,Fatality
25.89165,-80.262466,2021,Fatality
25.782736,-80.400848,2021,Fatality
25.866748,-80.23734,2021,Fatality
25.796875,-80.189042,2021,Serious Injury
25.939398,-80.204953,2021,Serious Injury
25.921696,-80.176107,2021,Serious Injury
25.927218,-80.228616,2021,Serious Injury
25.964952,-80.178262,2021,Fatality
25.819827,-80.199766,2021,Serious Injury
25.847954,-80.304361,2022,Serious Injury
25.5213,-80.424754,2022,Serious Injury
25.787902,-80.209894,2022,Serious Injury
25.444135,-80.475147,2022,Fatality
25.887213,-80.291333,2022,Serious Injury
25.809415,-80.230055,2022,Serious Injury
25.784494,-80.239436,2022,Serious Injury
25.940121,-80.272833,2022,Serious Injury
25.926491,-80.242775,2022,Serious Injury
25.484526,-80.467118,2022,Serious Injury
25.801879,-80.231767,2022,Serious Injury
25.824715,-80.212696,2022,Fatality
25.950817,-80.348941,2022,Serious Injury
25.858943,-80.290308,2022,Fatality
25.831516,-80.196434,2023,Serious Injury
25.51772,-80.428193,2023,Serious Injury
25.900025,-80.160651,2023,Serious Injury
25.830742,-80.241203,2023,Serious Injury
25.865605,-80.242469,2023,Serious Injury
25.830794,-80.263373,2023,Serious Injury
25.823283,-80.293579,2023,Serious Injury
25.80988,-80.213973,2023,Serious Injury
25.813865,-80.130637,2023,Fatality
25.765015,-80.241814,2023,Fatality
25.860734,-80.240195,2023,Serious Injury
25.783634,-80.267777,2023,Serious Injury
25.627912,-80.325328,2024,Serious Injury
25.846728,-80.218178,2024,Fatality
25.629685,-80.311177,2024,Serious Injury
25.826487,-80.320461,2024,Fatality
25.765379,-80.232745,2024,Serious Injury
25.883222,-80.224469,2024,Serious Injury
25.792361,-80.231447,2024,Serious Injury
25.784292,-80.22452,2024,Serious Injury
25.699995,-80.199997,2024,Fatality
25.764404,-80.320558,2024,Serious Injury
25.758555,-80.194143,2024,Serious Injury
25.750054,-80.206717,2019,Serious Injury
25.917914,-80.210134,2019,Serious Injury
25.806956,-80.248559,2019,Serious Injury
25.81953,-80.216066,2019,Serious Injury
25.810387,-80.154351,2019,Serious Injury
25.643803,-80.350262,2019,Serious Injury
25.732555,-80.254099,2019,Serious Injury
25.847998,-80.304294,2019,Serious Injury
25.912024,-80.244242,2019,Serious Injury
25.760891,-80.456941,2019,Serious Injury
25.900942,-80.209846,2020,Serious Injury
25.810823,-80.1658,2020,Serious Injury
25.962253,-80.166281,2020,Serious Injury
25.521103,-80.477906,2020,Serious Injury
25.941537,-80.314668,2020,Serious Injury
25.820335,-80.283232,2020,Serious Injury
25.580814,-80.403234,2022,Serious Injury
25.838497,-80.241382,2020,Serious Injury
25.793382,-80.141294,2020,Serious Injury
25.869166,-80.209686,2020,Serious Injury
25.772342,-80.302548,2020,Serious Injury
25.732374,-80.286408,2020,Serious Injury
25.951461,-80.165387,2020,Serious Injury
25.844074,-80.206572,2020,Serious Injury
25.674136,-80.335185,2020,Serious Injury
25.835059,-80.213746,2020,Serious Injury
25.84109,-80.314134,2020,Serious Injury
25.641236,-80.385298,2021,Serious Injury
25.938651,-80.19345,2021,Serious Injury
25.813722,-80.126736,2021,Serious Injury
25.531501,-80.415741,2021,Fatality
25.873009,-80.171705,2021,Serious Injury
25.788881,-80.141165,2021,Serious Injury
25.778969,-80.255629,2021,Serious Injury
25.833644,-80.205794,2021,Serious Injury
25.790344,-80.170862,2021,Serious Injury
25.86803,-80.244319,2021,Serious Injury
25.48147,-80.477469,2021,Fatality
25.725515,-80.264295,2021,Serious Injury
25.796894,-80.353098,2021,Serious Injury
25.81005,-80.207773,2021,Serious Injury
25.803657,-80.205262,2021,Serious Injury
25.776567,-80.209522,2021,Serious Injury
25.850186,-80.225341,2021,Serious Injury
25.941671,-80.322453,2022,Serious Injury
25.95243,-80.146657,2022,Serious Injury
25.87662,-80.226441,2022,Fatality
25.939796,-80.121352,2022,Serious Injury
25.791837,-80.14426,2022,Fatality
25.638965,-80.336307,2022,Serious Injury
25.745867,-80.221731,2022,Serious Injury
25.782588,-80.328549,2022,Serious Injury
25.52919,-80.412673,2022,Fatality
25.726457,-80.284126,2022,Serious Injury
25.794481,-80.129484,2022,Serious Injury
25.777121,-80.223088,2023,Serious Injury
25.845162,-80.26609,2023,Serious Injury
25.846529,-80.120218,2023,Serious Injury
25.827185,-80.13119,2023,Serious Injury
25.956921,-80.206964,2023,Fatality
25.825226,-80.202064,2023,Serious Injury
25.921836,-80.252531,2023,Serious Injury
25.764978,-80.244471,2023,Serious Injury
25.584475,-80.3621,2023,Serious Injury
25.785632,-80.265083,2023,Fatality
25.836377,-80.219407,2024,Serious Injury
25.447801,-80.477183,2024,Serious Injury
25.814095,-80.195452,2024,Serious Injury
25.749843,-80.335834,2024,Serious Injury
25.7735,-80.21549,2024,Fatality
25.567056,-80.372218,2024,Serious Injury
25.482653,-80.462612,2024,Fatality
25.712723,-80.350696,2024,Serious Injury
25.942194,-80.216646,2024,Serious Injury
25.891266,-80.484579,2024,Serious Injury
25.779504,-80.231139,2024,Serious Injury
25.771919,-80.25295,2019,Fatality
25.848732,-80.266284,2019,Fatality
25.518014,-80.417522,2019,Serious Injury
25.899468,-80.209982,2019,Serious Injury
25.826175,-80.350735,2019,Fatality
25.596047,-80.355476,2019,Serious Injury
25.748811,-80.275005,2019,Serious Injury
25.924044,-80.154353,2019,Fatality
25.828887,-80.129996,2020,Serious Injury
25.785609,-80.206845,2020,Serious Injury
25.811791,-80.348641,2020,Serious Injury
25.762707,-80.320603,2020,Serious Injury
25.78548,-80.265289,2020,Serious Injury
25.848,-80.304263,2020,Serious Injury
25.839859,-80.200924,2020,Serious Injury
25.762976,-80.256155,2020,Serious Injury
25.930398,-80.373293,2021,Serious Injury
25.839504,-80.205929,2021,Serious Injury
25.82509,-80.20641,2021,Fatality
25.733915,-80.287836,2021,Serious Injury
25.801578,-80.239903,2021,Serious Injury
25.686767,-80.369607,2021,Serious Injury
25.592113,-80.379235,2021,Fatality
25.867284,-80.265236,2021,Serious Injury
25.451425,-80.498141,2021,Serious Injury
25.795466,-80.1967,2021,Serious Injury
25.801578,-80.239903,2021,Serious Injury
25.838446,-80.301693,2022,Fatality
25.807679,-80.285247,2022,Serious Injury
25.848412,-80.121446,2022,Serious Injury
25.704346,-80.377221,2022,Fatality
25.89715,-80.24547,2022,Serious Injury
25.925565,-80.264612,2022,Serious Injury
25.628506,-80.354141,2022,Serious Injury
25.574525,-80.363895,2022,Serious Injury
25.850393,-80.120324,2022,Serious Injury
25.868233,-80.234571,2022,Serious Injury
25.596604,-80.413467,2022,Fatality
25.846641,-80.219524,2022,Serious Injury
25.883829,-80.362326,2022,Serious Injury
25.919721,-80.210725,2022,Serious Injury
25.87158,-80.283203,2022,Serious Injury
25.770749,-80.410814,2023,Serious Injury
25.673066,-80.448858,2023,Serious Injury
25.809429,-80.225969,2023,Fatality
25.765373,-80.481732,2023,Serious Injury
25.842295,-80.205985,2023,Serious Injury
25.811717,-80.417855,2023,Fatality
25.964922,-80.177999,2023,Fatality
25.857078,-80.122134,2023,Serious Injury
25.946602,-80.294102,2023,Serious Injury
25.747382,-80.26375,2023,Serious Injury
25.897246,-80.241987,2023,Serious Injury
25.743354,-80.384509,2023,Serious Injury
25.842539,-80.250059,2023,Serious Injury
25.848856,-80.152682,2023,Fatality
25.787094,-80.233068,2023,Serious Injury
25.812565,-80.24845,2024,Serious Injury
25.948656,-80.247057,2024,Serious Injury
25.942232,-80.322277,2024,Serious Injury
25.859362,-80.274671,2024,Serious Injury
25.828609,-80.20826,2024,Serious Injury
25.859683,-80.274597,2024,Serious Injury
25.808362,-80.261111,2024,Serious Injury
25.813251,-80.199515,2019,Serious Injury
25.605107,-80.478882,2019,Fatality
25.793942,-80.205535,2019,Serious Injury
25.794481,-80.231487,2019,Serious Injury
25.926995,-80.236361,2019,Serious Injury
25.857323,-80.184558,2019,Serious Injury
25.815841,-80.261851,2019,Serious Injury
25.855299,-80.256375,2023,Serious Injury
25.814908,-80.191517,2023,Serious Injury
25.898221,-80.210039,2024,Fatality
25.844854,-80.258047,2023,Serious Injury
25.842995,-80.237606,2022,Serious Injury
25.910168,-80.211731,2023,Fatality
25.761076,-80.374243,2023,Serious Injury
25.842826,-80.24171,2023,Fatality
25.727998,-80.245462,2023,Serious Injury
25.721811,-80.319308,2023,Fatality
25.786715,-80.243841,2023,Serious Injury
25.898026,-80.243697,2023,Serious Injury
25.790284,-80.378239,2023,Serious Injury
25.498732,-80.446746,2023,Serious Injury
25.939631,-80.192126,2023,Serious Injury
25.760977,-80.400783,2024,Serious Injury
25.798401,-80.128111,2024,Serious Injury
25.786135,-80.375296,2024,Serious Injury
25.761075,-80.475452,2024,Serious Injury
25.934715,-80.198627,2024,Fatality
25.840814,-80.333638,2024,Fatality
25.56574,-80.437579,2024,Serious Injury
25.687411,-80.352349,2024,Serious Injury
25.758419,-80.262908,2024,Fatality
25.898272,-80.21002,2024,Serious Injury
25.633998,-80.398553,2024,Serious Injury
25.580295,-80.453947,2024,Fatality
25.89627,-80.209785,2024,Serious Injury
25.948197,-80.14469,2024,Serious Injury
25.785917,-80.197737,2024,Serious Injury
25.942872,-80.194975,2019,Serious Injury
25.762608,-80.318639,2019,Serious Injury
25.964056,-80.166303,2019,Serious Injury
25.884212,-80.324015,2019,Fatality
25.535652,-80.490276,2019,Serious Injury
25.536637,-80.396421,2019,Serious Injury
25.761051,-80.392875,2019,Serious Injury
25.776101,-80.417295,2019,Serious Injury
25.859116,-80.314651,2019,Fatality
25.780363,-80.418717,2019,Serious Injury
25.776995,-80.309469,2019,Serious Injury
25.775369,-80.312281,2019,Serious Injury
25.771181,-80.320265,2019,Serious Injury
25.518468,-80.427677,2019,Serious Injury
25.497976,-80.47766,2019,Fatality
25.800764,-80.199996,2020,Fatality
25.665302,-80.441169,2020,Fatality
25.857195,-80.231898,2020,Serious Injury
25.79222,-80.223196,2020,Serious Injury
25.780387,-80.132296,2020,Serious Injury
25.735921,-80.310969,2020,Fatality
25.928523,-80.188361,2020,Fatality
25.925224,-80.285627,2020,Fatality
25.892135,-80.235126,2020,Fatality
25.596821,-80.40525,2020,Serious Injury
25.688146,-80.350649,2020,Serious Injury
25.784048,-80.289775,2021,Serious Injury
25.715759,-80.275258,2021,Serious Injury
25.597327,-80.3889,2021,Serious Injury
25.822407,-80.199983,2021,Serious Injury
25.684891,-80.42851,2021,Serious Injury
25.928102,-80.19838,2021,Serious Injury
25.579717,-80.368372,2021,Serious Injury
25.963189,-80.18565,2021,Serious Injury
25.797141,-80.312861,2021,Serious Injury
25.665453,-80.386628,2021,Serious Injury
25.492102,-80.453595,2022,Fatality
25.922617,-80.247811,2022,Serious Injury
25.912752,-80.401287,2022,Fatality
25.939572,-80.2857,2022,Serious Injury
25.666266,-80.326725,2022,Serious Injury
25.888527,-80.314567,2022,Serious Injury
25.921185,-80.187925,2022,Serious Injury
25.792303,-80.13202,2023,Serious Injury
25.864528,-80.320164,2023,Serious Injury
25.807496,-80.293917,2023,Serious Injury
25.939417,-80.292541,2023,Serious Injury
25.884135,-80.32809,2023,Serious Injury
25.768534,-80.370655,2023,Serious Injury
25.799746,-80.189117,2023,Serious Injury
25.791818,-80.205532,2023,Serious Injury
25.899113,-80.19395,2024,Serious Injury
25.783768,-80.214598,2024,Serious Injury
25.778368,-80.278956,2024,Fatality
25.812831,-80.240095,2024,Serious Injury
25.969951,-80.144222,2024,Serious Injury
25.761506,-80.197181,2024,Serious Injury
25.751437,-80.230179,2024,Serious Injury
25.791029,-80.157034,2024,Fatality
25.647756,-80.415458,2024,Serious Injury
25.910036,-80.24415,2024,Serious Injury
25.963699,-80.144746,2024,Serious Injury
25.690105,-80.306978,2024,Serious Injury
25.792051,-80.223138,2024,Serious Injury
25.945305,-80.354952,2024,Serious Injury
25.500793,-80.444925,2024,Serious Injury
25.750405,-80.238403,2024,Fatality
25.689995,-80.478388,2024,Serious Injury
25.819303,-80.216115,2024,Serious Injury
25.5516,-80.377197,2019,Serious Injury
25.860097,-80.322876,2019,Serious Injury
25.934208,-80.429376,2019,Fatality
25.89909,-80.38612,2019,Serious Injury
25.888729,-80.178355,2019,Serious Injury
25.684983,-80.424737,2019,Fatality
25.732632,-80.351681,2019,Serious Injury
25.471571,-80.493614,2019,Serious Injury
25.868547,-80.226164,2020,Serious Injury
25.68829,-80.350556,2020,Serious Injury
25.778149,-80.140829,2020,Serious Injury
25.866544,-80.208258,2020,Serious Injury
25.788716,-80.202633,2020,Serious Injury
25.97265,-80.147988,2020,Serious Injury
25.566037,-80.478228,2020,Fatality
25.832552,-80.206255,2021,Serious Injury
25.971563,-80.205985,2021,Serious Injury
25.687321,-80.353009,2021,Serious Injury
25.896374,-80.288134,2021,Fatality
25.779859,-80.224172,2021,Serious Injury
25.868838,-80.123649,2021,Serious Injury
25.815455,-80.270798,2021,Fatality
25.81267,-80.240305,2021,Fatality
25.74426,-80.3919,2021,Serious Injury
25.824979,-80.206973,2021,Serious Injury
25.841115,-80.265997,2021,Serious Injury
25.643447,-80.385372,2021,Fatality
25.579895,-80.318821,2021,Serious Injury
25.562637,-80.385104,2022,Fatality
25.790653,-80.239648,2022,Fatality
25.589083,-80.359388,2022,Serious Injury
25.896358,-80.27286,2022,Serious Injury
25.812237,-80.215799,2022,Serious Injury
25.87641,-80.285077,2022,Serious Injury
25.828458,-80.212354,2022,Serious Injury
25.60241,-80.372942,2022,Fatality
25.807647,-80.123845,2022,Serious Injury
25.734844,-80.262043,2022,Serious Injury
25.898279,-80.231874,2022,Serious Injury
25.855255,-80.310532,2022,Serious Injury
25.517964,-80.420008,2022,Serious Injury
25.717525,-80.274117,2022,Serious Injury
25.898735,-80.30033,2022,Fatality
25.723427,-80.26566,2023,Serious Injury
25.753656,-80.256517,2023,Serious Injury
25.607818,-80.378297,2023,Serious Injury
25.848019,-80.171615,2023,Fatality
25.778413,-80.370958,2023,Serious Injury
25.925947,-80.293144,2023,Serious Injury
25.971237,-80.262503,2023,Serious Injury
25.924704,-80.311351,2023,Serious Injury
25.72171,-80.319531,2023,Serious Injury
25.608554,-80.378296,2023,Fatality
25.848955,-80.207207,2023,Serious Injury
25.910979,-80.244058,2023,Serious Injury
25.621068,-80.355154,2023,Fatality
25.776523,-80.324288,2023,Serious Injury
25.916586,-80.210409,2023,Serious Injury
25.813026,-80.232132,2024,Serious Injury
25.926115,-80.158677,2024,Fatality
25.77807,-80.286226,2024,Serious Injury
25.71234,-80.2797,2024,Serious Injury
25.801625,-80.190995,2024,Serious Injury
25.791616,-80.129895,2024,Serious Injury
25.82919,-80.206338,2024,Serious Injury
25.772498,-80.21502,2024,Serious Injury
25.869204,-80.211887,2024,Serious Injury
25.844281,-80.249745,2024,Serious Injury
25.913272,-80.187459,2024,Serious Injury
25.769497,-80.214522,2019,Serious Injury
25.823271,-80.261526,2019,Serious Injury
25.684989,-80.424577,2019,Fatality
25.85407,-80.225653,2019,Fatality
25.734079,-80.284624,2019,Serious Injury
25.750921,-80.221955,2019,Serious Injury
25.773547,-80.224322,2019,Serious Injury
25.831768,-80.224979,2019,Fatality
25.96461,-80.172554,2019,Serious Injury
25.651934,-80.385515,2019,Serious Injury
25.758768,-80.287689,2019,Serious Injury
25.873329,-80.290871,2019,Serious Injury
25.972301,-80.225116,2019,Serious Injury
25.693637,-80.382075,2019,Serious Injury
25.5211,-80.472664,2020,Serious Injury
25.748894,-80.270899,2020,Serious Injury
25.913748,-80.164519,2020,Serious Injury
25.939759,-80.274367,2020,Serious Injury
25.652269,-80.415612,2020,Serious Injury
25.77844,-80.214778,2021,Serious Injury
25.803381,-80.2073,2021,Fatality
25.672458,-80.364484,2021,Serious Injury
25.770112,-80.319091,2021,Serious Injury
25.899333,-80.188612,2021,Serious Injury
25.743009,-80.373836,2021,Serious Injury
25.946788,-80.20528,2022,Serious Injury
25.854708,-80.233861,2022,Serious Injury
25.644547,-80.302996,2022,Serious Injury
25.685988,-80.352356,2022,Serious Injury
25.776966,-80.205137,2022,Serious Injury
25.784969,-80.26575,2022,Fatality
25.890219,-80.169362,2022,Serious Injury
25.688475,-80.320771,2022,Serious Injury
25.784661,-80.20677,2022,Fatality
25.725124,-80.263456,2022,Serious Injury
25.934937,-80.325903,2022,Fatality
25.955473,-80.221928,2022,Fatality
25.890184,-80.3241,2022,Serious Injury
25.796857,-80.369123,2022,Serious Injury
25.840759,-80.367424,2022,Serious Injury
25.834283,-80.120667,2023,Serious Injury
25.404024,-80.529489,2023,Serious Injury
25.727826,-80.261767,2023,Serious Injury
25.748963,-80.253803,2023,Serious Injury
25.491784,-80.483552,2023,Serious Injury
25.899745,-80.211427,2023,Serious Injury
25.757375,-80.205371,2023,Fatality
25.942887,-80.175541,2023,Fatality
25.876112,-80.194,2023,Serious Injury
25.804842,-80.386316,2023,Fatality
25.778,-80.288291,2023,Serious Injury
25.766946,-80.288011,2023,Serious Injury
25.958767,-80.170445,2023,Serious Injury
25.57705,-80.365114,2024,Serious Injury
25.940335,-80.312561,2024,Serious Injury
25.746139,-80.287147,2024,Serious Injury
25.687114,-80.433719,2024,Serious Injury
25.692634,-80.388123,2024,Serious Injury
25.78873,-80.205021,2024,Serious Injury
25.8552,-80.370811,2024,Serious Injury
25.704296,-80.289985,2024,Serious Injury
25.927527,-80.207776,2024,Serious Injury
25.963194,-80.154277,2024,Serious Injury
25.877966,-80.194049,2024,Serious Injury
25.614387,-80.331731,2024,Serious Injury
25.898424,-80.209902,2019,Serious Injury
25.784062,-80.287164,2019,Serious Injury
25.942271,-80.321882,2019,Serious Injury
25.696371,-80.301124,2019,Serious Injury
25.69548,-80.335929,2019,Serious Injury
25.823671,-80.248889,2019,Serious Injury
25.909211,-80.209868,2019,Serious Injury
25.598624,-80.376524,2019,Serious Injury
25.746121,-80.32459,2019,Serious Injury
25.912751,-80.236155,2019,Serious Injury
25.889328,-80.165318,2019,Serious Injury
25.848034,-80.173552,2019,Serious Injury
25.898289,-80.231392,2019,Serious Injury
25.637804,-80.317545,2020,Serious Injury
25.551684,-80.371215,2020,Fatality
25.647406,-80.386247,2020,Fatality
25.763062,-80.320951,2020,Serious Injury
25.758522,-80.194273,2020,Serious Injury
25.701193,-80.293353,2020,Serious Injury
25.813084,-80.24073,2020,Serious Injury
25.766271,-80.197834,2020,Serious Injury
25.882702,-80.234794,2020,Serious Injury
25.9581,-80.192776,2020,Fatality
25.858629,-80.208046,2020,Serious Injury
25.930833,-80.244731,2020,Serious Injury
25.809417,-80.229325,2021,Serious Injury
25.471231,-80.477363,2021,Serious Injury
25.761329,-80.363309,2021,Serious Injury
25.580551,-80.429521,2021,Serious Injury
25.82502,-80.240739,2021,Serious Injury
25.501564,-80.443926,2021,Serious Injury
25.785659,-80.219465,2021,Fatality
25.967747,-80.294776,2021,Serious Injury
25.772282,-80.22232,2021,Serious Injury
25.683819,-80.461161,2021,Fatality
25.801855,-80.233809,2021,Fatality
25.898432,-80.207031,2021,Fatality
25.943442,-80.187414,2021,Serious Injury
25.747085,-80.351693,2021,Serious Injury
25.847819,-80.266236,2021,Serious Injury
25.857166,-80.122353,2021,Serious Injury
25.930734,-80.2649,2022,Fatality
25.770217,-80.313164,2022,Serious Injury
25.826657,-80.224659,2022,Serious Injury
25.705353,-80.262471,2022,Serious Injury
25.899273,-80.386027,2022,Fatality
25.671612,-80.393934,2022,Serious Injury
25.864593,-80.233411,2022,Fatality
25.925118,-80.309271,2022,Serious Injury
25.92583,-80.312859,2023,Serious Injury
25.76452,-80.259843,2023,Serious Injury
25.846938,-80.212492,2023,Serious Injury
25.855639,-80.324956,2023,Fatality
25.784049,-80.132117,2023,Serious Injury
25.780402,-80.213353,2023,Serious Injury
25.923933,-80.265142,2023,Serious Injury
25.882929,-80.243158,2023,Serious Injury
25.684203,-80.354326,2023,Serious Injury
25.684695,-80.439613,2024,Serious Injury
25.761008,-80.440471,2024,Serious Injury
25.652287,-80.415561,2024,Fatality
25.907763,-80.187354,2024,Serious Injury
25.790008,-80.239812,2024,Serious Injury
25.695958,-80.333904,2024,Serious Injury
25.791322,-80.149929,2024,Serious Injury
25.477106,-80.475815,2019,Fatality
25.911551,-80.209901,2019,Serious Injury
25.932194,-80.203287,2019,Serious Injury
25.862735,-80.208134,2019,Fatality
25.906913,-80.152509,2019,Serious Injury
25.669028,-80.457359,2019,Fatality
25.895149,-80.349229,2019,Serious Injury
25.670981,-80.408496,2019,Fatality
25.764754,-80.252251,2019,Fatality
25.593736,-80.389172,2019,Serious Injury
25.716986,-80.273944,2019,Serious Injury
25.608702,-80.478974,2019,Serious Injury
25.343132,-80.456384,2019,Serious Injury
25.773082,-80.336644,2019,Serious Injury
25.772777,-80.225361,2020,Serious Injury
25.75236,-80.385151,2020,Fatality
25.837425,-80.321989,2020,Serious Injury
25.954668,-80.176332,2020,Fatality
25.771386,-80.273112,2020,Serious Injury
25.765561,-80.224874,2020,Fatality
25.468125,-80.481395,2020,Fatality
25.8563,-80.325607,2020,Serious Injury
25.868257,-80.23388,2020,Fatality
25.670514,-80.481309,2020,Fatality
25.824297,-80.228603,2020,Fatality
25.782678,-80.317806,2020,Serious Injury
25.821967,-80.244374,2020,Serious Injury
25.954426,-80.238857,2021,Serious Injury
25.954842,-80.261981,2021,Serious Injury
25.717789,-80.32347,2021,Serious Injury
25.96268,-80.24649,2021,Serious Injury
25.868547,-80.226164,2021,Fatality
25.772593,-80.189369,2021,Serious Injury
25.897583,-80.229518,2021,Serious Injury
25.834613,-80.225006,2021,Fatality
25.79391,-80.206989,2021,Serious Injury
25.845107,-80.207034,2022,Serious Injury
25.785575,-80.231341,2022,Fatality
25.824924,-80.283525,2022,Serious Injury
25.512808,-80.409551,2022,Fatality
25.879855,-80.122024,2022,Serious Injury
25.944231,-80.237436,2022,Serious Injury
25.704686,-80.261116,2022,Serious Injury
25.939663,-80.281577,2023,Serious Injury
25.898124,-80.210128,2023,Fatality
25.885739,-80.131214,2023,Serious Injury
25.926444,-80.156011,2023,Serious Injury
25.748525,-80.284947,2023,Serious Injury
30.325112,-81.680014,2023,Serious Injury
25.811801,-80.251095,2023,Fatality
25.715206,-80.384003,2023,Fatality
25.804107,-80.191124,2023,Serious Injury
25.945085,-80.351054,2023,Serious Injury
25.786108,-80.254644,2024,Serious Injury
25.869871,-80.331296,2024,Serious Injury
25.824349,-80.226624,2024,Serious Injury
25.784135,-80.210489,2024,Serious Injury
25.717399,-80.326249,2024,Serious Injury
25.678047,-80.384353,2024,Serious Injury
25.761086,-80.481338,2024,Serious Injury
25.528425,-80.477957,2024,Fatality
25.847175,-80.203439,2024,Fatality
25.647431,-80.334231,2024,Fatality
25.790126,-80.131786,2024,Serious Injury
25.801668,-80.239884,2019,Fatality
25.908121,-80.235643,2019,Serious Injury
25.685314,-80.419509,2019,Serious Injury
25.831521,-80.128871,2019,Serious Injury
25.906372,-80.244026,2019,Serious Injury
25.672242,-80.367627,2019,Serious Injury
25.600684,-80.353029,2019,Serious Injury
25.971187,-80.265969,2019,Fatality
25.848328,-80.14635,2019,Serious Injury
25.637354,-80.301291,2019,Serious Injury
25.8102,-80.203485,2019,Serious Injury
25.681804,-80.384508,2019,Serious Injury
25.462299,-80.509867,2019,Serious Injury
25.848001,-80.296275,2019,Fatality
25.848058,-80.26429,2019,Serious Injury
25.899103,-80.227355,2019,Serious Injury
25.837263,-80.192618,2020,Serious Injury
25.938802,-80.350562,2020,Serious Injury
25.868361,-80.243246,2020,Serious Injury
25.584228,-80.389053,2020,Serious Injury
25.713492,-80.447008,2020,Serious Injury
25.537278,-80.36796,2020,Serious Injury
25.574202,-80.363793,2020,Serious Injury
25.596093,-80.361633,2020,Serious Injury
25.614067,-80.378325,2020,Serious Injury
25.808548,-80.255724,2020,Serious Injury
25.891954,-80.339941,2020,Serious Injury
25.804326,-80.22364,2020,Fatality
25.956875,-80.210564,2020,Serious Injury
25.92887,-80.2097,2021,Serious Injury
25.7705,-80.304209,2021,Serious Injury
25.761027,-80.49737,2021,Serious Injury
25.477657,-80.426614,2021,Fatality
25.847158,-80.184592,2021,Serious Injury
25.801937,-80.231779,2021,Serious Injury
25.559083,-80.365429,2021,Serious Injury
25.842019,-80.241511,2021,Fatality
25.780552,-80.200376,2021,Fatality
25.816846,-80.23245,2021,Serious Injury
25.908683,-80.318876,2021,Fatality
25.785279,-80.24211,2024,Serious Injury
25.800613,-80.12982,2024,Serious Injury
25.448041,-80.475031,2024,Fatality
25.885099,-80.186183,2024,Serious Injury
25.748059,-80.3036,2024,Serious Injury
25.587851,-80.429577,2024,Serious Injury
25.734342,-80.271016,2024,Serious Injury
25.793876,-80.142573,2024,Serious Injury
25.862868,-80.322554,2024,Serious Injury
25.58086,-80.386505,2024,Serious Injury
25.673955,-80.349467,2024,Fatality
25.738845,-80.399958,2024,Fatality
25.760899,-80.409756,2024,Fatality
25.616789,-80.310492,2024,Serious Injury
25.790184,-80.206897,2024,Fatality
25.769169,-80.255371,2024,Fatality
25.796753,-80.401319,2024,Serious Injury
25.751478,-80.320035,2024,Fatality
25.849846,-80.120307,2024,Serious Injury
25.853741,-80.322218,2024,Serious Injury
25.868528,-80.226208,2024,Fatality
25.831624,-80.200366,2024,Fatality
25.791451,-80.206943,2024,Serious Injury
25.518,-80.420678,2024,Fatality
25.633023,-80.384711,2024,Serious Injury
25.533997,-80.368893,2024,Fatality
25.792806,-80.239726,2024,Serious Injury
25.850902,-80.387288,2024,Serious Injury
25.691165,-80.45425,2024,Fatality
25.913277,-80.235979,2024,Fatality
25.31639,-80.450703,2024,Serious Injury
25.950675,-80.431067,2024,Fatality
25.843919,-80.249854,2024,Serious Injury
25.731612,-80.38804,2024,Serious Injury
25.705594,-80.418113,2024,Serious Injury
25.733483,-80.302859,2024,Fatality
25.649263,-80.415766,2024,Serious Injury
25.840044,-80.313494,2024,Serious Injury
25.809954,-80.215785,2024,Serious Injury
25.848521,-80.196926,2024,Fatality
25.80374,-80.256732,2024,Serious Injury
25.956449,-80.221988,2024,Serious Injury
25.95058,-80.187542,2024,Serious Injury
25.820606,-80.321599,2024,Fatality
25.569069,-80.378832,2024,Fatality
25.507161,-80.396072,2019,Serious Injury
25.628638,-80.353846,2019,Fatality
25.927402,-80.350722,2019,Serious Injury
25.912553,-80.210235,2019,Serious Injury
25.935013,-80.341891,2019,Serious Injury
25.84897,-80.206683,2019,Serious Injury
25.89805,-80.341049,2019,Serious Injury
25.846819,-80.216027,2019,Fatality
25.628506,-80.354141,2020,Fatality
25.86963,-80.24153,2020,Serious Injury
25.847287,-80.201456,2020,Serious Injury
25.944775,-80.225247,2020,Serious Injury
25.70104,-80.368943,2020,Fatality
25.431993,-80.474094,2020,Fatality
25.55866,-80.388962,2020,Fatality
25.777975,-80.165178,2021,Serious Injury
25.845666,-80.250468,2021,Serious Injury
25.70287,-80.31923,2021,Serious Injury
25.871453,-80.121455,2021,Serious Injury
25.701912,-80.342149,2021,Serious Injury
25.847581,-80.207542,2021,Serious Injury
25.544551,-80.372068,2021,Serious Injury
25.950603,-80.245676,2021,Fatality
25.862402,-80.242242,2021,Serious Injury
25.822793,-80.13548,2021,Serious Injury
25.761181,-80.246879,2021,Serious Injury
25.909801,-80.373287,2021,Fatality
25.884173,-80.311936,2022,Serious Injury
25.808274,-80.264267,2022,Serious Injury
25.577012,-80.364489,2022,Serious Injury
25.757297,-80.384847,2022,Fatality
25.881307,-80.214497,2022,Fatality
25.770645,-80.295979,2022,Serious Injury
25.762203,-80.323062,2022,Serious Injury
25.898534,-80.315831,2022,Serious Injury
25.750392,-80.209054,2022,Serious Injury
25.839648,-80.205928,2022,Serious Injury
25.903742,-80.15944,2022,Serious Injury
25.942018,-80.303488,2022,Serious Injury
25.586627,-80.478385,2022,Serious Injury
25.50633,-80.439504,2023,Serious Injury
25.784263,-80.336756,2023,Serious Injury
25.787195,-80.181217,2023,Fatality
25.906839,-80.324758,2023,Serious Injury
25.879076,-80.26908,2023,Serious Injury
25.898683,-80.316309,2023,Fatality
25.770085,-80.316201,2023,Serious Injury
25.939854,-80.274025,2023,Serious Injury
25.605955,-80.3582,2023,Serious Injury
25.971268,-80.165763,2023,Serious Injury
25.834229,-80.267669,2023,Serious Injury
25.504981,-80.417069,2024,Serious Injury
25.591144,-80.380554,2024,Serious Injury
25.927032,-80.268625,2024,Serious Injury
25.822634,-80.232535,2024,Serious Injury
25.847991,-80.310353,2024,Serious Injury
25.841297,-80.306548,2024,Serious Injury
25.929134,-80.423877,2019,Serious Injury
25.933632,-80.244883,2019,Serious Injury
25.853247,-80.121335,2019,Serious Injury
25.840979,-80.278094,2019,Serious Injury
25.580161,-80.461998,2019,Serious Injury
25.784162,-80.267135,2019,Serious Injury
25.742945,-80.251801,2019,Fatality
25.683796,-80.461772,2019,Serious Injury
25.860837,-80.238507,2019,Serious Injury
25.617774,-80.362559,2019,Serious Injury
25.484906,-80.460799,2019,Serious Injury
25.540538,-80.372045,2019,Serious Injury
25.640128,-80.444323,2020,Serious Injury
25.66028,-80.375424,2020,Serious Injury
25.879123,-80.356352,2020,Fatality
25.565008,-80.486215,2020,Fatality
25.785063,-80.142304,2020,Serious Injury
25.931332,-80.210401,2020,Serious Injury
25.912146,-80.185808,2020,Serious Injury
25.746074,-80.196568,2021,Serious Injury
25.780043,-80.190459,2021,Fatality
25.766082,-80.325384,2021,Serious Injury
25.761708,-80.199091,2021,Fatality
25.833716,-80.205797,2021,Serious Injury
25.811446,-80.187676,2021,Serious Injury
25.779397,-80.243153,2021,Fatality
25.803627,-80.207309,2021,Serious Injury
25.469649,-80.503767,2021,Fatality
25.733535,-80.303965,2022,Fatality
25.932004,-80.271745,2022,Serious Injury
25.801868,-80.215408,2022,Fatality
25.855732,-80.197204,2022,Serious Injury
25.94138,-80.188552,2022,Serious Injury
25.77797,-80.287032,2022,Fatality
25.927119,-80.205391,2022,Serious Injury
25.807616,-80.226785,2022,Serious Injury
25.823682,-80.248488,2022,Serious Injury
25.795438,-80.197697,2022,Serious Injury
25.778284,-80.280016,2023,Fatality
25.816979,-80.226283,2023,Serious Injury
25.634149,-80.338532,2023,Serious Injury
25.758976,-80.383868,2023,Fatality
25.750463,-80.2083,2024,Fatality
25.782505,-80.317654,2024,Serious Injury
25.712367,-80.279694,2024,Fatality
25.777852,-80.193794,2024,Serious Injury
25.953847,-80.282926,2024,Serious Injury
25.890108,-80.243418,2024,Serious Injury
25.746627,-80.374098,2024,Serious Injury
25.914414,-80.171515,2024,Serious Injury
25.745812,-80.319811,2024,Serious Injury
25.745864,-80.221766,2024,Fatality
25.499119,-80.477676,2024,Fatality
25.876245,-80.185864,2019,Serious Injury
25.798905,-80.239835,2019,Fatality
25.778967,-80.130924,2019,Serious Injury
25.869311,-80.330979,2019,Serious Injury
25.884309,-80.295715,2019,Serious Injury
25.6311,-80.384256,2019,Fatality
25.870291,-80.208683,2019,Serious Injury
25.722316,-80.444922,2019,Serious Injury
25.715684,-80.438226,2019,Serious Injury
25.964229,-80.19812,2019,Serious Injury
25.964868,-80.139725,2019,Serious Injury
25.851686,-80.290181,2019,Serious Injury
25.812584,-80.206227,2019,Serious Injury
25.733368,-80.327429,2019,Fatality
25.707812,-80.285245,2020,Serious Injury
25.804794,-80.332774,2020,Serious Injury
25.846954,-80.209149,2020,Serious Injury
25.951634,-80.139871,2020,Serious Injury
25.869639,-80.208365,2020,Serious Injury
25.808107,-80.272915,2020,Fatality
25.405431,-80.469855,2020,Serious Injury
25.827436,-80.216401,2020,Fatality
25.484292,-80.461382,2020,Serious Injury
25.802735,-80.369341,2020,Serious Injury
25.892694,-80.174425,2020,Fatality
25.900398,-80.325608,2020,Serious Injury
25.735021,-80.255909,2020,Fatality
25.89511,-80.351572,2020,Serious Injury
25.778923,-80.316587,2020,Serious Injury
25.795449,-80.196819,2020,Serious Injury
25.799482,-80.247934,2022,Serious Injury
25.750538,-80.258671,2024,Serious Injury
25.720904,-80.352075,2020,Serious Injury
25.811233,-80.32177,2021,Serious Injury
25.776139,-80.383304,2021,Serious Injury
25.925981,-80.252969,2021,Serious Injury
25.782398,-80.264001,2021,Fatality
25.552182,-80.396488,2021,Fatality
25.947837,-80.184602,2021,Serious Injury
25.575584,-80.364187,2021,Fatality
25.518384,-80.376506,2021,Fatality
25.788881,-80.141165,2021,Serious Injury
25.785481,-80.289779,2021,Serious Injury
25.848925,-80.207685,2021,Serious Injury
25.918849,-80.187808,2021,Serious Injury
25.601887,-80.377416,2021,Fatality
25.536821,-80.389011,2021,Fatality
25.894942,-80.34032,2022,Serious Injury
25.813815,-80.129311,2022,Serious Injury
25.935383,-80.430337,2022,Fatality
25.797606,-80.128308,2022,Serious Injury
25.517838,-80.428295,2022,Serious Injury
25.684982,-80.429968,2022,Serious Injury
25.866531,-80.315006,2022,Fatality
25.823674,-80.248886,2022,Serious Injury
25.934812,-80.204867,2022,Serious Injury
25.784288,-80.290994,2023,Serious Injury
25.866847,-80.339338,2023,Serious Injury
25.811424,-80.232022,2023,Fatality
25.447825,-80.4849,2023,Serious Injury
25.846658,-80.224337,2023,Fatality
25.890535,-80.227005,2023,Fatality
25.521307,-80.477917,2023,Serious Injury
25.95925,-80.169779,2023,Serious Injury
25.752262,-80.201286,2023,Fatality
25.686621,-80.311147,2023,Serious Injury
25.941385,-80.188787,2024,Serious Injury
25.940714,-80.248503,2024,Serious Injury
25.743892,-80.259403,2024,Serious Injury
25.57034,-80.339652,2024,Serious Injury
25.518477,-80.371998,2024,Serious Injury
25.73425,-80.291434,2024,Serious Injury
25.890363,-80.197099,2024,Serious Injury
25.749407,-80.262756,2024,Serious Injury
25.643553,-80.382996,2024,Serious Injury
25.795351,-80.200325,2024,Fatality
25.715778,-80.358262,2024,Fatality
25.887035,-80.123697,2024,Fatality
25.870863,-80.484003,2024,Serious Injury
25.867626,-80.301076,2024,Serious Injury
25.861147,-80.225907,2024,Fatality
25.556083,-80.362713,2024,Serious Injury
25.715025,-80.399035,2019,Serious Injury
25.745557,-80.222203,2019,Fatality
25.830512,-80.265503,2019,Serious Injury
25.609728,-80.359371,2019,Fatality
25.833461,-80.362181,2019,Fatality
25.968349,-80.294782,2020,Serious Injury
25.747449,-80.335584,2020,Serious Injury
25.584834,-80.379763,2020,Fatality
25.424685,-80.501379,2020,Fatality
25.955078,-80.262056,2020,Serious Injury
25.824978,-80.207021,2020,Serious Injury
25.839504,-80.205929,2020,Fatality
25.854976,-80.129234,2020,Serious Injury
25.779061,-80.252686,2020,Serious Injury
25.805615,-80.232258,2021,Serious Injury
25.700526,-80.398506,2021,Serious Injury
25.562768,-80.372185,2021,Fatality
25.828507,-80.212369,2021,Serious Injury
25.862399,-80.197351,2021,Fatality
25.913432,-80.20994,2022,Serious Injury
25.905441,-80.20994,2022,Serious Injury
25.959721,-80.168544,2022,Serious Injury
25.941624,-80.229406,2022,Fatality
25.76393,-80.275341,2022,Serious Injury
25.477186,-80.440259,2022,Fatality
25.807254,-80.217564,2022,Serious Injury
25.788161,-80.197507,2022,Serious Injury
25.781882,-80.361186,2022,Fatality
25.859489,-80.322744,2023,Fatality
25.701086,-80.367557,2023,Serious Injury
25.685693,-80.352358,2023,Serious Injury
25.880233,-80.210392,2023,Fatality
25.586985,-80.478387,2023,Serious Injury
25.761042,-80.481324,2023,Serious Injury
25.71917,-80.271058,2023,Serious Injury
25.794894,-80.268304,2023,Serious Injury
25.78316,-80.175561,2023,Fatality
25.868561,-80.226077,2023,Fatality
25.69943,-80.454593,2023,Serious Injury
25.455137,-80.483249,2024,Serious Injury
25.650206,-80.480044,2024,Serious Injury
25.501015,-80.542512,2024,Fatality
25.884757,-80.187253,2024,Fatality
25.773111,-80.145532,2024,Serious Injury
25.480821,-80.479554,2024,Fatality
25.803992,-80.205618,2019,Serious Injury
25.746477,-80.182474,2019,Fatality
25.88851,-80.33979,2019,Serious Injury
25.851195,-80.233837,2019,Fatality
25.808916,-80.245981,2019,Serious Injury
25.733077,-80.339101,2019,Serious Injury
25.729591,-80.399612,2019,Serious Injury
25.863379,-80.204752,2019,Serious Injury
25.883006,-80.362639,2019,Serious Injury
25.942395,-80.295296,2019,Serious Injury
25.967051,-80.145396,2019,Serious Injury
25.973312,-80.182777,2019,Serious Injury
25.856745,-80.282738,2019,Serious Injury
25.946674,-80.185464,2020,Fatality
25.557501,-80.390072,2020,Serious Injury
25.850672,-80.120309,2020,Serious Injury
25.866695,-80.299535,2020,Serious Injury
25.890133,-80.235029,2020,Fatality
25.781216,-80.34517,2020,Serious Injury
25.971878,-80.143121,2020,Serious Injury
25.932904,-80.265051,2020,Fatality
25.519199,-80.404592,2020,Serious Injury
25.877022,-80.291006,2021,Serious Injury
25.760853,-80.25489,2021,Serious Injury
25.571743,-80.376916,2021,Fatality
25.529143,-80.408898,2021,Serious Injury
25.824731,-80.214186,2021,Serious Injury
25.89829,-80.210888,2021,Fatality
25.70582,-80.418203,2021,Serious Injury
25.722777,-80.382724,2021,Serious Injury
25.455263,-80.476977,2022,Fatality
25.657047,-80.383338,2022,Fatality
25.767108,-80.2025,2022,Fatality
25.767822,-80.417161,2022,Serious Injury
25.549998,-80.372075,2022,Serious Injury
25.841421,-80.184372,2022,Serious Injury
25.733345,-80.302906,2022,Serious Injury
25.766494,-80.223798,2022,Serious Injury
25.859737,-80.314669,2022,Serious Injury
25.914592,-80.25221,2022,Serious Injury
25.580154,-80.462464,2022,Serious Injury
25.778474,-80.206722,2022,Serious Injury
25.879228,-80.233524,2022,Serious Injury
25.834576,-80.241372,2022,Serious Injury
25.770814,-80.287469,2022,Serious Injury
25.871447,-80.323244,2022,Serious Injury
25.946022,-80.208381,2023,Serious Injury
25.581869,-80.392163,2023,Serious Injury
25.755012,-80.331509,2023,Serious Injury
25.594929,-80.345008,2023,Serious Injury
25.961722,-80.166624,2023,Serious Injury
25.787821,-80.20788,2023,Serious Injury
25.897484,-80.235597,2023,Serious Injury
25.809087,-80.239708,2023,Fatality
25.447108,-80.517649,2023,Fatality
25.868262,-80.234407,2023,Serious Injury
25.763217,-80.222421,2023,Serious Injury
25.942669,-80.342372,2023,Serious Injury
25.946926,-80.143365,2024,Serious Injury
25.877026,-80.278955,2024,Serious Injury
25.927474,-80.213767,2024,Serious Injury
25.68734,-80.349725,2024,Serious Injury
25.868137,-80.250746,2024,Serious Injury
25.456589,-80.47096,2024,Fatality
25.785599,-80.214939,2024,Fatality
25.850985,-80.325859,2024,Serious Injury
25.939735,-80.191555,2019,Serious Injury
25.766203,-80.234979,2019,Fatality
25.529161,-80.372039,2019,Serious Injury
25.646605,-80.385532,2019,Serious Injury
25.540648,-80.406802,2019,Serious Injury
25.872535,-80.208888,2019,Serious Injury
25.613201,-80.36546,2019,Serious Injury
25.670112,-80.434186,2019,Serious Injury
25.640406,-80.435493,2019,Serious Injury
25.920563,-80.217525,2019,Serious Injury
25.499254,-80.446222,2019,Serious Injury
25.787682,-80.211977,2019,Serious Injury
25.619266,-80.345454,2019,Serious Injury
25.894315,-80.261371,2019,Fatality
25.937497,-80.261232,2019,Serious Injury
25.808965,-80.243943,2019,Fatality
25.550619,-80.474506,2019,Fatality
25.79539,-80.198908,2019,Fatality
25.841678,-80.305902,2019,Serious Injury
25.447771,-80.477391,2019,Serious Injury
25.942106,-80.346613,2020,Serious Injury
25.450675,-80.477175,2020,Fatality
25.927815,-80.293306,2020,Serious Injury
25.933654,-80.244891,2020,Serious Injury
25.857553,-80.387458,2020,Serious Injury
25.592556,-80.378721,2020,Fatality
25.959254,-80.14686,2021,Serious Injury
25.709713,-80.479395,2021,Serious Injury
25.439153,-80.476656,2021,Serious Injury
25.795335,-80.198482,2021,Serious Injury
25.920323,-80.325058,2021,Serious Injury
25.529303,-80.387679,2021,Fatality
25.883968,-80.331644,2021,Serious Injury
25.670445,-80.444015,2021,Serious Injury
25.838418,-80.225212,2021,Serious Injury
25.82672,-80.221202,2022,Fatality
25.867349,-80.262244,2022,Serious Injury
25.951775,-80.29437,2022,Fatality
25.960827,-80.262225,2022,Fatality
25.751866,-80.269158,2022,Serious Injury
25.770263,-80.255414,2022,Serious Injury
25.686364,-80.471572,2022,Fatality
25.476975,-80.477418,2022,Serious Injury
25.684609,-80.441668,2022,Serious Injury
25.742847,-80.229883,2022,Fatality
25.786874,-80.2189,2022,Serious Injury
25.586712,-80.478396,2022,Serious Injury
25.828831,-80.317805,2022,Serious Injury
25.806621,-80.227834,2024,Serious Injury
25.688116,-80.333287,2024,Serious Injury
25.765956,-80.208047,2024,Fatality
25.765042,-80.242895,2024,Serious Injury
25.761584,-80.195613,2024,Serious Injury
25.724988,-80.263396,2024,Fatality
25.933582,-80.201979,2024,Serious Injury
25.838378,-80.206271,2024,Serious Injury
25.260038,-80.4385,2024,Serious Injury
25.53266,-80.408633,2024,Serious Injury
25.785924,-80.20205,2024,Serious Injury
25.44973,-80.468953,2024,Serious Injury
25.652966,-80.448643,2024,Serious Injury
25.566486,-80.362399,2024,Serious Injury
25.934533,-80.151018,2024,Serious Injury
25.840924,-80.233296,2024,Fatality
25.846339,-80.233711,2024,Fatality
25.874373,-80.197969,2024,Fatality
25.828344,-80.217732,2024,Serious Injury
25.795606,-80.194881,2024,Serious Injury
25.901841,-80.38714,2024,Serious Injury
25.77444,-80.134527,2024,Serious Injury
25.939967,-80.272985,2024,Serious Injury
25.722895,-80.382886,2024,Serious Injury
25.668392,-80.411507,2024,Serious Injury
25.707648,-80.453002,2024,Serious Injury
25.518258,-80.3916,2024,Serious Injury
25.518074,-80.423399,2024,Serious Injury
25.84612,-80.242208,2024,Serious Injury
25.74535,-80.416318,2024,Serious Injury
25.761888,-80.331535,2024,Serious Injury
25.93792,-80.195256,2024,Serious Injury
25.940841,-80.245518,2024,Serious Injury
25.839717,-80.208815,2024,Serious Injury
25.798797,-80.20311,2024,Serious Injury
25.667945,-80.368347,2024,Fatality
25.625547,-80.342529,2024,Serious Injury
25.550978,-80.443479,2024,Serious Injury
25.896659,-80.211247,2024,Serious Injury
25.88753,-80.210866,2024,Serious Injury
25.900286,-80.166667,2024,Serious Injury
25.911875,-80.244094,2024,Serious Injury
25.955179,-80.244574,2024,Fatality
25.74645,-80.375965,2024,Serious Injury
25.926088,-80.14392,2024,Serious Injury
25.863854,-80.322572,2024,Serious Injury
25.600756,-80.353237,2024,Fatality
25.729448,-80.257851,2024,Serious Injury
25.769675,-80.336327,2024,Fatality
25.920582,-80.204011,2024,Serious Injury
25.63926,-80.362446,2024,Serious Injury
25.751152,-80.216147,2024,Serious Injury
25.789565,-80.199344,2024,Serious Injury
25.768577,-80.234966,2024,Serious Injury
25.779309,-80.241364,2024,Serious Injury
25.773624,-80.214596,2024,Serious Injury
25.787135,-80.231504,2024,Serious Injury
25.801808,-80.231743,2024,Serious Injury
25.834734,-80.225069,2024,Serious Injury
25.82504,-80.20373,2024,Serious Injury
25.80351,-80.210715,2024,Serious Injury
25.766737,-80.214308,2024,Serious Injury
25.774581,-80.209438,2024,Serious Injury
25.942469,-80.162819,2024,Serious Injury
25.824873,-80.210736,2024,Serious Injury
25.828166,-80.222662,2024,Serious Injury
25.82422,-80.22462,2024,Serious Injury
25.788146,-80.19061,2024,Serious Injury
25.813491,-80.191453,2024,Serious Injury
25.816258,-80.369579,2024,Serious Injury
25.863426,-80.122176,2024,Serious Injury
25.837556,-80.20057,2024,Serious Injury
25.652378,-80.385732,2024,Serious Injury
25.942583,-80.202048,2024,Fatality
25.725885,-80.302587,2024,Serious Injury
25.781809,-80.195876,2024,Serious Injury
25.789351,-80.21518,2024,Serious Injury
25.668386,-80.481122,2024,Serious Injury
25.87858,-80.323492,2024,Serious Injury
25.687669,-80.342855,2024,Serious Injury
25.762527,-80.31996,2024,Serious Injury
25.627852,-80.370591,2024,Serious Injury
25.811129,-80.264719,2024,Serious Injury
25.866702,-80.298877,2024,Serious Injury
25.884086,-80.323969,2024,Serious Injury
25.873799,-80.388222,2024,Serious Injury
25.783351,-80.306158,2024,Serious Injury
25.878536,-80.285156,2024,Serious Injury
25.964797,-80.174253,2024,Fatality
25.934016,-80.15879,2024,Serious Injury
25.747565,-80.335717,2024,Fatality
25.899301,-80.226381,2024,Fatality
25.891415,-80.324096,2024,Fatality
25.825382,-80.191885,2024,Fatality
25.79792,-80.189112,2024,Fatality
25.637192,-80.479772,2024,Serious Injury
25.784663,-80.295328,2024,Serious Injury
25.67284,-80.364495,2024,Serious Injury
25.843658,-80.284144,2024,Serious Injury
25.875465,-80.290851,2024,Serious Injury
25.869886,-80.331005,2024,Serious Injury
25.867078,-80.322573,2024,Serious Injury
25.841798,-80.306083,2024,Serious Injury
25.750904,-80.21994,2024,Serious Injury
25.750215,-80.384178,2024,Serious Injury
25.687794,-80.350928,2024,Serious Injury
25.664895,-80.289322,2024,Serious Injury
25.956993,-80.20681,2024,Serious Injury
25.94399,-80.260556,2024,Serious Injury
25.926815,-80.228805,2024,Serious Injury
25.774285,-80.312393,2024,Fatality
25.798149,-80.231664,2024,Serious Injury
25.850249,-80.180925,2024,Serious Injury
25.968646,-80.294976,2024,Serious Injury
25.945338,-80.138558,2024,Serious Injury
25.671365,-80.397902,2024,Serious Injury
25.846898,-80.215975,2024,Serious Injury
25.627357,-80.382054,2024,Serious Injury
25.84432,-80.266202,2024,Fatality
25.783672,-80.198045,2024,Serious Injury
25.506669,-80.439273,2024,Serious Injury
25.772254,-80.336482,2024,Serious Injury
25.715194,-80.326404,2024,Serious Injury
25.847446,-80.282365,2024,Fatality
25.896343,-80.186685,2024,Fatality
25.870757,-80.317609,2024,Serious Injury
25.741517,-80.268124,2024,Serious Injury
25.598415,-80.376432,2024,Serious Injury
25.734253,-80.275226,2024,Serious Injury
25.883513,-80.214658,2024,Serious Injury
25.900046,-80.170786,2024,Serious Injury
25.960868,-80.167525,2024,Serious Injury
25.459866,-80.465822,2024,Serious Injury
25.649185,-80.391157,2024,Serious Injury
25.462917,-80.436132,2024,Serious Injury
25.78872,-80.201445,2024,Serious Injury
25.941936,-80.313463,2024,Serious Injury
25.89154,-80.346164,2024,Serious Injury
25.941594,-80.22551,2024,Serious Injury
25.895028,-80.351302,2024,Serious Injury
25.78051,-80.271914,2024,Serious Injury
25.966083,-80.165576,2024,Serious Injury
25.910663,-80.398485,2024,Serious Injury
25.949839,-80.205374,2024,Serious Injury
25.935872,-80.216821,2024,Serious Injury
25.918682,-80.210238,2024,Serious Injury
25.805121,-80.205906,2024,Serious Injury
25.883875,-80.362729,2024,Serious Injury
25.72802,-80.318567,2024,Serious Injury
25.477733,-80.47734,2024,Fatality
25.898563,-80.291641,2024,Serious Injury
25.862462,-80.305819,2024,Serious Injury
25.827506,-80.232976,2024,Serious Injury
25.923212,-80.244639,2024,Fatality
25.587534,-80.379748,2024,Serious Injury
25.746043,-80.262519,2024,Serious Injury
25.941891,-80.121394,2024,Serious Injury
25.829566,-80.200239,2024,Fatality
25.664217,-80.452706,2024,Fatality
25.742335,-80.414167,2024,Fatality
25.895353,-80.195007,2024,Fatality
25.926885,-80.225097,2024,Fatality
25.773255,-80.145507,2024,Serious Injury
25.794591,-80.131934,2024,Serious Injury
25.941465,-80.149019,2024,Serious Injury
25.925349,-80.288291,2024,Serious Injury
25.938309,-80.121417,2024,Serious Injury
25.913132,-80.209352,2024,Fatality
25.709591,-80.4795,2024,Serious Injury
25.945015,-80.147609,2024,Serious Injury
25.966768,-80.294932,2024,Serious Injury
25.914547,-80.18759,2024,Serious Injury
25.594175,-80.494797,2024,Serious Injury
25.804626,-80.240174,2024,Serious Injury
25.884863,-80.122439,2024,Serious Injury
25.776506,-80.211568,2024,Serious Injury
25.478205,-80.477468,2024,Serious Injury
25.521829,-80.401637,2024,Serious Injury
25.940257,-80.204836,2024,Serious Injury
25.761574,-80.238765,2024,Fatality
25.794111,-80.245195,2024,Serious Injury
25.899343,-80.188817,2024,Serious Injury
25.941942,-80.221216,2024,Serious Injury
25.880558,-80.355884,2024,Serious Injury
25.940835,-80.245169,2024,Serious Injury
25.941927,-80.221649,2024,Serious Injury
25.942382,-80.261505,2024,Serious Injury
25.565017,-80.478018,2024,Serious Injury
25.950223,-80.194547,2024,Serious Injury
25.957596,-80.195299,2024,Serious Injury
25.627185,-80.382431,2024,Serious Injury
25.763059,-80.305955,2024,Serious Injury
25.729953,-80.345966,2024,Serious Injury
25.601938,-80.364684,2024,Serious Injury
25.575422,-80.372566,2024,Fatality
25.687987,-80.478627,2022,Serious Injury
25.684764,-80.455445,2024,Serious Injury
25.770477,-80.385967,2024,Fatality
25.942492,-80.205591,2024,Serious Injury
25.887064,-80.141188,2024,Serious Injury
25.733414,-80.328193,2024,Serious Injury
25.896831,-80.256214,2024,Serious Injury
25.825132,-80.283601,2024,Fatality
25.771731,-80.265651,2024,Serious Injury
25.761474,-80.355193,2024,Serious Injury
25.761964,-80.331052,2024,Serious Injury
25.806527,-80.207354,2024,Serious Injury
25.905737,-80.210095,2024,Fatality
25.462475,-80.485287,2024,Serious Injury
25.791526,-80.14001,2024,Serious Injury
25.78463,-80.132148,2024,Fatality
25.837763,-80.192494,2024,Serious Injury
25.810033,-80.207493,2024,Serious Injury
25.842162,-80.483612,2024,Serious Injury
25.782729,-80.253927,2024,Serious Injury
25.734972,-80.250898,2024,Serious Injury
25.940155,-80.149373,2024,Serious Injury
25.797017,-80.30888,2024,Serious Injury
25.590967,-80.362075,2024,Serious Injury
25.742695,-80.409657,2024,Fatality
25.86728,-80.265284,2024,Serious Injury
25.884182,-80.321948,2024,Serious Injury
25.862385,-80.209707,2024,Fatality
25.768644,-80.255248,2024,Fatality
25.941948,-80.174643,2024,Serious Injury
25.956206,-80.342415,2024,Serious Injury
25.941903,-80.347526,2024,Serious Injury
25.92472,-80.300261,2024,Serious Injury
25.461913,-80.501606,2024,Serious Injury
25.794747,-80.225554,2024,Serious Injury
25.792035,-80.141267,2024,Serious Injury
25.852213,-80.139766,2024,Serious Injury
25.768532,-80.366444,2024,Serious Injury
25.912498,-80.210031,2024,Serious Injury
25.898409,-80.341469,2024,Serious Injury
25.747565,-80.335661,2024,Serious Injury
25.773503,-80.390874,2024,Serious Injury
25.873682,-80.266295,2024,Serious Injury
25.721658,-80.407388,2024,Serious Injury
25.972597,-80.210083,2024,Serious Injury
25.484495,-80.469444,2024,Serious Injury
25.647473,-80.339915,2024,Serious Injury
25.484459,-80.475916,2024,Serious Injury
25.942816,-80.438461,2024,Serious Injury
25.534825,-80.412675,2024,Serious Injury
25.481299,-80.467062,2024,Serious Injury
25.78154,-80.367368,2024,Serious Injury
25.777822,-80.20014,2024,Serious Injury
25.827429,-80.186753,2024,Serious Injury
25.685977,-80.393493,2024,Serious Injury
25.611715,-80.361277,2024,Fatality
25.896214,-80.278054,2024,Serious Injury
25.772568,-80.198542,2024,Fatality
25.957465,-80.172058,2024,Serious Injury
25.869709,-80.193732,2024,Serious Injury
25.468627,-80.453087,2024,Serious Injury
25.787676,-80.206836,2024,Fatality
25.794958,-80.215257,2024,Fatality
25.743211,-80.23793,2024,Fatality
25.755033,-80.262883,2024,Serious Injury
25.881497,-80.208718,2024,Fatality
25.823965,-80.216224,2024,Serious Injury
25.80263,-80.126729,2024,Serious Injury
25.767459,-80.368803,2024,Serious Injury
25.912547,-80.174483,2024,Serious Injury
25.705332,-80.414804,2024,Serious Injury
25.865807,-80.208465,2024,Fatality
25.867199,-80.2746,2024,Fatality
25.758738,-80.392847,2024,Serious Injury
25.778494,-80.275076,2024,Fatality
25.956896,-80.229288,2024,Fatality
25.515275,-80.430617,2024,Fatality
25.796317,-80.32079,2024,Serious Injury
25.748217,-80.384916,2024,Fatality
25.955196,-80.131264,2024,Serious Injury
25.965552,-80.205999,2024,Serious Injury
25.883347,-80.218682,2024,Serious Injury
25.872784,-80.208628,2024,Serious Injury
25.3818,-80.46486,2024,Serious Injury
25.92721,-80.21806,2024,Serious Injury
25.870552,-80.307049,2024,Serious Injury
25.973131,-80.133989,2024,Serious Injury
25.720646,-80.391214,2024,Serious Injury
25.813864,-80.133293,2024,Fatality
25.791301,-80.150743,2024,Serious Injury
25.718604,-80.294132,2024,Serious Injury
25.553675,-80.372097,2024,Fatality
25.778028,-80.285485,2024,Serious Injury
25.958375,-80.170608,2024,Serious Injury
25.879255,-80.356537,2024,Fatality
25.951995,-80.14658,2024,Serious Injury
25.949278,-80.261729,2024,Serious Injury
25.812557,-80.248474,2024,Serious Injury
25.846595,-80.225421,2024,Serious Injury
25.845757,-80.25201,2024,Serious Injury
25.826326,-80.313599,2024,Serious Injury
25.831093,-80.241253,2024,Serious Injury
25.935772,-80.199347,2024,Serious Injury
25.580815,-80.409175,2024,Serious Injury
25.850869,-80.121362,2024,Serious Injury
25.819085,-80.207994,2024,Fatality
25.685315,-80.420221,2024,Fatality
25.590802,-80.369281,2024,Fatality
25.866653,-80.306809,2024,Fatality
25.883908,-80.323994,2024,Fatality
25.853035,-80.282486,2024,Fatality
25.82534,-80.282064,2024,Serious Injury
25.495734,-80.417657,2024,Serious Injury
25.822085,-80.240617,2024,Fatality
25.809344,-80.232894,2024,Serious Injury
25.624878,-80.379081,2024,Serious Injury
25.684179,-80.354033,2024,Fatality
25.815062,-80.210146,2024,Serious Injury
25.745492,-80.480766,2024,Serious Injury
25.437245,-80.501514,2024,Fatality
25.831952,-80.2173,2024,Fatality
25.950917,-80.245715,2024,Serious Injury
25.941002,-80.204742,2024,Fatality
25.945545,-80.186254,2024,Serious Injury
25.499024,-80.477668,2024,Serious Injury
25.854242,-80.306441,2024,Serious Injury
25.855093,-80.323689,2024,Serious Injury
25.879736,-80.218469,2024,Serious Injury
25.808653,-80.262354,2024,Fatality
25.78481,-80.276797,2024,Fatality
25.506675,-80.439313,2024,Serious Injury
25.789979,-80.223143,2024,Serious Injury
25.771419,-80.230967,2024,Serious Injury
25.925315,-80.176083,2024,Serious Injury
25.803995,-80.195069,2024,Fatality
25.764647,-80.254335,2024,Fatality
25.784727,-80.132118,2024,Serious Injury
25.765691,-80.3726,2024,Fatality
25.879181,-80.356439,2024,Serious Injury
25.90952,-80.187419,2024,Fatality
25.932165,-80.15179,2024,Fatality
25.91023,-80.209979,2024,Serious Injury
25.927095,-80.205468,2024,Serious Injury
25.826219,-80.325447,2024,Fatality
25.882386,-80.27502,2024,Serious Injury
25.845862,-80.266151,2024,Serious Injury
25.969916,-80.16571,2024,Serious Injury
25.699929,-80.317108,2024,Serious Injury
25.916689,-80.236094,2024,Serious Injury
25.848053,-80.292229,2024,Serious Injury
25.862351,-80.294662,2024,Serious Injury
25.58112,-80.478182,2024,Serious Injury
25.918699,-80.210157,2024,Serious Injury
25.861639,-80.215459,2024,Serious Injury
25.973057,-80.14247,2024,Serious Injury
25.898026,-80.243272,2024,Serious Injury
25.820673,-80.301498,2024,Serious Injury
25.890628,-80.124182,2024,Serious Injury
25.789316,-80.207005,2024,Serious Injury
25.809295,-80.312133,2024,Serious Injury
25.825408,-80.193023,2024,Serious Injury
25.850663,-80.195455,2024,Serious Injury
25.847554,-80.192806,2024,Serious Injury
25.941335,-80.237007,2024,Fatality
25.847861,-80.314434,2024,Fatality
25.845297,-80.262126,2024,Serious Injury
25.788653,-80.205587,2024,Serious Injury
25.925441,-80.260726,2024,Serious Injury
25.760963,-80.510455,2024,Serious Injury
25.780733,-80.197955,2024,Serious Injury
25.866397,-80.266869,2024,Fatality
25.762273,-80.320745,2024,Fatality
25.890245,-80.184858,2024,Fatality
25.765878,-80.24705,2024,Serious Injury
25.768841,-80.361014,2024,Serious Injury
25.953349,-80.26198,2024,Serious Injury
25.640034,-80.448103,2024,Fatality
25.806609,-80.199281,2024,Serious Injury
25.627261,-80.385352,2024,Fatality
25.697045,-80.350066,2024,Fatality
25.823615,-80.24888,2024,Fatality
25.824033,-80.23875,2024,Fatality
25.562598,-80.377717,2024,Fatality
25.840253,-80.241593,2024,Fatality
25.783037,-80.318005,2024,Fatality
25.891773,-80.219091,2024,Serious Injury
25.845052,-80.266154,2024,Serious Injury
25.451959,-80.415104,2024,Fatality
25.77478,-80.200191,2024,Serious Injury
25.891298,-80.307953,2024,Serious Injury
25.866596,-80.288853,2024,Serious Injury
25.684565,-80.400657,2024,Fatality
25.968034,-80.144916,2024,Serious Injury
25.595916,-80.429745,2024,Serious Injury
25.675067,-80.421866,2024,Serious Injury
25.795571,-80.194851,2024,Serious Injury
25.785939,-80.197918,2024,Serious Injury
25.491805,-80.473387,2024,Fatality
25.685397,-80.417932,2024,Serious Injury
25.944117,-80.352127,2024,Serious Injury
25.925568,-80.268212,2022,Serious Injury
25.946707,-80.294137,2022,Serious Injury
25.771541,-80.214701,2022,Serious Injury
25.798873,-80.239997,2022,Fatality
25.735773,-80.384527,2023,Serious Injury
25.808153,-80.264893,2023,Serious Injury
25.801861,-80.233777,2023,Serious Injury
25.906203,-80.243899,2023,Serious Injury
25.801908,-80.129474,2023,Serious Injury
25.881409,-80.345697,2023,Serious Injury
25.891629,-80.339887,2023,Serious Injury
25.88552,-80.307614,2023,Serious Injury
25.78631,-80.264221,2023,Fatality
25.831939,-80.220095,2023,Serious Injury
25.725715,-80.367417,2023,Serious Injury
25.769195,-80.344799,2024,Serious Injury
25.794957,-80.265864,2024,Serious Injury
25.899786,-80.211437,2024,Fatality
25.813134,-80.321448,2024,Serious Injury
25.565225,-80.382567,2024,Fatality
25.796698,-80.135088,2024,Serious Injury
25.769813,-80.328326,2024,Serious Injury
25.761488,-80.320828,2019,Serious Injury
25.97184,-80.24046,2019,Fatality
25.713121,-80.279555,2019,Serious Injury
25.60883,-80.361118,2019,Serious Injury
25.899539,-80.184586,2019,Fatality
25.850123,-80.322308,2019,Serious Injury
25.831826,-80.33794,2019,Serious Injury
25.809517,-80.321155,2019,Serious Injury
25.793942,-80.205535,2019,Serious Injury
25.899956,-80.172612,2020,Fatality
25.89391,-80.29169,2020,Serious Injury
25.480818,-80.476011,2020,Fatality
25.935219,-80.121762,2020,Serious Injury
25.925051,-80.292937,2020,Serious Injury
25.954358,-80.219878,2020,Serious Injury
25.831808,-80.224888,2020,Fatality
25.704486,-80.366343,2020,Serious Injury
25.831639,-80.121835,2021,Serious Injury
25.884051,-80.319972,2021,Serious Injury
25.669805,-80.155938,2021,Serious Injury
25.89959,-80.209693,2021,Serious Injury
25.965429,-80.205852,2021,Serious Injury
25.594568,-80.470627,2021,Serious Injury
25.942291,-80.335891,2021,Serious Injury
25.697711,-80.382151,2021,Serious Injury
25.777092,-80.133731,2021,Serious Injury
25.940459,-80.190731,2021,Serious Injury
25.899188,-80.19168,2021,Serious Injury
25.953098,-80.178364,2021,Serious Injury
25.672404,-80.320768,2022,Serious Injury
25.942235,-80.210854,2022,Serious Injury
25.864155,-80.209747,2022,Serious Injury
25.870613,-80.344856,2022,Serious Injury
25.868169,-80.238835,2022,Serious Injury
25.802949,-80.205608,2022,Serious Injury
25.901046,-80.211348,2022,Fatality
25.725914,-80.302133,2022,Serious Injury
25.949853,-80.204422,2022,Serious Injury
25.889966,-80.163637,2022,Serious Injury
25.893631,-80.213043,2022,Fatality
25.827941,-80.31387,2022,Fatality
25.949058,-80.183105,2022,Serious Injury
25.796874,-80.38058,2022,Serious Injury
25.56595,-80.413835,2023,Fatality
25.797877,-80.207116,2023,Serious Injury
25.838738,-80.289773,2023,Serious Injury
25.439703,-80.541901,2023,Serious Injury
25.820126,-80.240735,2023,Serious Injury
25.780396,-80.319534,2023,Serious Injury
25.765895,-80.336337,2023,Serious Injury
25.665556,-80.35469,2023,Serious Injury
25.869777,-80.343431,2023,Serious Injury
25.94053,-80.190877,2024,Serious Injury
25.456359,-80.489423,2024,Serious Injury
25.856737,-80.128738,2024,Serious Injury
25.807395,-80.215558,2024,Serious Injury
25.886853,-80.131236,2024,Serious Injury
25.623286,-80.427601,2024,Serious Injury
25.606883,-80.348272,2024,Serious Injury
25.806353,-80.386097,2024,Serious Injury
25.452133,-80.487334,2024,Serious Injury
25.687044,-80.365711,2024,Serious Injury
25.8018,-80.235872,2024,Fatality
25.765603,-80.257616,2019,Serious Injury
25.884156,-80.315549,2019,Serious Injury
25.586818,-80.478384,2019,Serious Injury
25.946212,-80.160751,2019,Serious Injury
25.684444,-80.315825,2019,Serious Injury
25.761061,-80.421005,2019,Fatality
25.871026,-80.242685,2019,Serious Injury
25.92767,-80.1622,2019,Serious Injury
25.921487,-80.156718,2019,Fatality
25.626188,-80.379009,2020,Serious Injury
25.898131,-80.234141,2020,Serious Injury
25.88548,-80.122578,2020,Serious Injury
25.651889,-80.382889,2020,Serious Injury
25.906138,-80.199371,2020,Fatality
25.951053,-80.146609,2020,Serious Injury
25.914796,-80.404479,2020,Fatality
25.842045,-80.234582,2020,Serious Injury
25.619181,-80.345495,2020,Serious Injury
25.869423,-80.380222,2020,Fatality
25.866345,-80.339077,2021,Serious Injury
25.861814,-80.211645,2021,Serious Injury
25.940882,-80.244673,2021,Serious Injury
25.769938,-80.381172,2021,Serious Injury
25.783683,-80.221534,2021,Serious Injury
25.755752,-80.195904,2021,Fatality
25.866838,-80.282911,2021,Serious Injury
25.726218,-80.261923,2021,Serious Injury
25.92837,-80.188267,2021,Serious Injury
25.68793,-80.333549,2021,Serious Injury
25.90305,-80.32443,2022,Serious Injury
25.86863,-80.284805,2022,Serious Injury
25.803718,-80.231866,2022,Fatality
25.883679,-80.210561,2022,Fatality
25.83706,-80.23309,2022,Serious Injury
25.942228,-80.322288,2022,Serious Injury
25.888279,-80.243339,2022,Serious Injury
25.525322,-80.428949,2022,Serious Injury
25.787649,-80.189131,2022,Serious Injury
25.831832,-80.220924,2022,Serious Injury
25.869552,-80.343171,2023,Serious Injury
25.758924,-80.263067,2023,Serious Injury
25.776156,-80.160943,2023,Serious Injury
25.576672,-80.344385,2023,Serious Injury
25.711874,-80.414896,2023,Serious Injury
25.942188,-80.121168,2023,Serious Injury
25.640163,-80.444769,2023,Serious Injury
25.769487,-80.338036,2023,Serious Injury
25.798089,-80.189,2023,Serious Injury
25.780377,-80.336589,2023,Serious Injury
25.696084,-80.308869,2023,Serious Injury
25.940504,-80.299612,2024,Serious Injury
25.970332,-80.165408,2024,Serious Injury
25.86276,-80.265906,2024,Serious Injury
25.466183,-80.47734,2024,Fatality
25.889336,-80.207726,2024,Serious Injury
25.76087,-80.517875,2024,Serious Injury
25.923665,-80.32271,2024,Fatality
25.902043,-80.210229,2024,Serious Injury
25.733945,-80.286796,2024,Fatality
25.935529,-80.245101,2024,Serious Injury
25.930485,-80.24492,2024,Serious Injury
25.858001,-80.234072,2024,Serious Injury
25.659953,-80.283899,2024,Serious Injury
25.782921,-80.320633,2024,Serious Injury
25.958473,-80.170514,2024,Serious Injury
25.822056,-80.24048,2024,Fatality
25.733047,-80.336178,2024,Serious Injury
25.872535,-80.208888,2019,Serious Injury
25.964187,-80.169743,2019,Serious Injury
25.823155,-80.2656,2019,Serious Injury
25.663562,-80.416177,2019,Serious Injury
25.608708,-80.378077,2019,Fatality
25.867003,-80.281224,2019,Serious Injury
25.799516,-80.130019,2019,Serious Injury
25.915902,-80.252281,2019,Fatality
25.867421,-80.264069,2019,Serious Injury
25.716396,-80.407258,2019,Fatality
25.938858,-80.149532,2019,Serious Injury
25.916967,-80.379287,2019,Serious Injury
25.884928,-80.226819,2020,Serious Injury
25.825751,-80.240959,2020,Serious Injury
25.753017,-80.275173,2020,Serious Injury
25.78561,-80.192933,2020,Serious Injury
25.883923,-80.324029,2020,Serious Injury
25.820542,-80.205566,2020,Serious Injury
25.928477,-80.187791,2020,Serious Injury
25.953661,-80.120625,2020,Serious Injury
25.944286,-80.147838,2020,Serious Injury
25.809457,-80.22614,2020,Fatality
25.825385,-80.191496,2020,Serious Injury
25.637333,-80.479805,2021,Serious Injury
25.822552,-80.317652,2021,Serious Injury
25.832366,-80.192211,2021,Serious Injury
25.809724,-80.32933,2021,Serious Injury
25.549998,-80.372075,2021,Serious Injury
25.847412,-80.197365,2021,Fatality
25.747688,-80.331562,2021,Serious Injury
25.790768,-80.129976,2022,Serious Injury
25.761398,-80.368509,2022,Serious Injury
25.742012,-80.262408,2022,Serious Injury
25.572741,-80.362945,2022,Serious Injury
25.477308,-80.454591,2022,Serious Injury
25.772922,-80.132306,2022,Serious Injury
25.451792,-80.452813,2022,Serious Injury
25.760892,-80.417146,2022,Fatality
25.679445,-80.317003,2022,Serious Injury
25.764114,-80.222434,2022,Fatality
25.863303,-80.208173,2022,Serious Injury
25.687626,-80.348711,2022,Serious Injury
25.807223,-80.294731,2022,Fatality
25.869888,-80.209935,2023,Serious Injury
25.638913,-80.385547,2023,Serious Injury
25.919012,-80.260422,2023,Fatality
25.825035,-80.206176,2023,Serious Injury
25.745177,-80.262473,2023,Serious Injury
25.757031,-80.274512,2023,Serious Injury
25.824141,-80.203972,2023,Serious Injury
25.784944,-80.264473,2023,Serious Injury
25.791451,-80.20696,2023,Fatality
25.946701,-80.209349,2023,Fatality
25.491473,-80.518128,2023,Serious Injury
25.63776,-80.336849,2023,Serious Injury
25.732428,-80.284389,2024,Serious Injury
25.763066,-80.304284,2024,Serious Injury
25.78192,-80.368874,2024,Serious Injury
25.810601,-80.191211,2024,Serious Injury
25.772565,-80.19025,2024,Serious Injury
25.732614,-80.351947,2024,Serious Injury
25.965567,-80.246605,2024,Serious Injury
25.568085,-80.379767,2024,Fatality
25.91922,-80.212151,2024,Serious Injury
25.536446,-80.413674,2024,Serious Injury
25.782384,-80.400784,2024,Serious Injury
25.794818,-80.221235,2019,Fatality
25.812083,-80.215794,2019,Serious Injury
25.571459,-80.376474,2019,Serious Injury
25.803692,-80.21139,2019,Serious Injury
25.873074,-80.210085,2019,Serious Injury
25.900095,-80.170328,2019,Serious Injury
25.781372,-80.324211,2019,Serious Injury
25.925953,-80.419582,2019,Serious Injury
25.536577,-80.400247,2019,Fatality
25.861349,-80.222067,2019,Serious Injury
25.811431,-80.195304,2019,Serious Injury
25.74407,-80.319653,2019,Serious Injury
25.891718,-80.351144,2020,Serious Injury
25.897112,-80.247395,2020,Fatality
25.599259,-80.362538,2020,Serious Injury
25.774349,-80.376181,2020,Serious Injury
25.729174,-80.286302,2020,Serious Injury
25.791602,-80.239822,2020,Fatality
25.602175,-80.352625,2020,Serious Injury
25.904642,-80.195803,2020,Serious Injury
25.845263,-80.263084,2020,Serious Injury
25.746283,-80.220297,2021,Serious Injury
25.847261,-80.202339,2021,Fatality
25.84166,-80.124781,2021,Fatality
25.91284,-80.187514,2021,Serious Injury
25.950469,-80.430952,2021,Fatality
25.670995,-80.412215,2021,Serious Injury
25.885307,-80.243084,2021,Serious Injury
25.774365,-80.140935,2021,Serious Injury
25.84639,-80.228067,2021,Fatality
25.850008,-80.262341,2021,Serious Injury
25.91745,-80.211976,2022,Fatality
25.781226,-80.336073,2022,Serious Injury
25.811785,-80.421732,2022,Serious Injury
25.747977,-80.307084,2022,Serious Injury
25.812296,-80.237969,2022,Serious Injury
25.715102,-80.377698,2022,Serious Injury
25.550874,-80.452602,2022,Serious Injury
25.848203,-80.322213,2022,Serious Injury
25.789495,-80.286859,2023,Serious Injury
25.484609,-80.444805,2023,Serious Injury
25.751986,-80.26137,2023,Serious Injury
25.733364,-80.3068,2023,Serious Injury
25.928502,-80.191914,2023,Serious Injury
25.753243,-80.395779,2023,Fatality
25.466134,-80.477303,2023,Serious Injury
25.809382,-80.3202,2023,Serious Injury
25.734691,-80.262133,2024,Serious Injury
25.929704,-80.252977,2024,Serious Injury
25.787833,-80.20689,2024,Serious Injury
25.507208,-80.416078,2019,Serious Injury
25.4916,-80.505622,2019,Serious Injury
25.944251,-80.205112,2019,Serious Injury
25.890149,-80.189054,2019,Serious Injury
25.82032,-80.125402,2019,Fatality
25.787961,-80.190662,2019,Serious Injury
25.563549,-80.478214,2019,Serious Injury
25.845429,-80.258341,2019,Fatality
25.942564,-80.202218,2019,Fatality
25.960621,-80.167495,2019,Serious Injury
25.75686,-80.352088,2020,Fatality
25.922755,-80.244445,2020,Fatality
25.844445,-80.121727,2020,Serious Injury
25.812131,-80.238046,2020,Fatality
25.745585,-80.222196,2020,Fatality
25.94138,-80.188552,2020,Serious Injury
25.868952,-80.218422,2020,Fatality
25.468765,-80.453293,2020,Serious Injury
25.628246,-80.359504,2020,Serious Injury
25.964823,-80.174249,2020,Fatality
25.831599,-80.337932,2020,Serious Injury
25.499468,-80.425735,2020,Serious Injury
25.862338,-80.197504,2020,Serious Injury
25.867359,-80.262035,2021,Serious Injury
25.687436,-80.349514,2021,Serious Injury
25.786162,-80.212962,2021,Serious Injury
25.869153,-80.210136,2021,Serious Injury
25.782589,-80.312595,2021,Serious Injury
25.868547,-80.226164,2021,Serious Injury
25.956457,-80.220947,2021,Fatality
25.801273,-80.231746,2021,Serious Injury
25.787847,-80.206921,2021,Serious Injury
25.88249,-80.251497,2021,Serious Injury
25.902055,-80.387336,2021,Serious Injury
25.687263,-80.354709,2021,Serious Injury
25.904625,-80.32449,2021,Serious Injury
25.836933,-80.23731,2021,Serious Injury
25.959419,-80.198404,2022,Serious Injury
25.628901,-80.346197,2022,Serious Injury
25.781228,-80.341166,2022,Serious Injury
25.700362,-80.4016,2022,Fatality
25.752335,-80.25674,2022,Serious Injury
25.761071,-80.468696,2022,Fatality
25.765448,-80.481727,2022,Fatality
25.86588,-80.177489,2022,Serious Injury
25.877787,-80.323224,2022,Serious Injury
25.866003,-80.122243,2022,Serious Injury
25.958083,-80.171442,2023,Serious Injury
25.898314,-80.234812,2023,Serious Injury
25.939433,-80.285796,2023,Serious Injury
25.845002,-80.121301,2023,Serious Injury
25.686545,-80.375939,2023,Fatality
25.591362,-80.380284,2023,Serious Injury
25.722131,-80.319208,2023,Serious Injury
25.499541,-80.432034,2023,Fatality
25.749389,-80.26304,2023,Serious Injury
25.768485,-80.219537,2023,Serious Injury
25.842549,-80.298992,2023,Serious Injury
25.488575,-80.47748,2024,Fatality
25.867528,-80.262942,2024,Serious Injury
25.849076,-80.24199,2024,Serious Injury
25.565966,-80.372203,2024,Serious Injury
25.732237,-80.375737,2024,Serious Injury
25.7698,-80.328315,2019,Serious Injury
25.890871,-80.172071,2019,Fatality
25.77283,-80.204349,2019,Serious Injury
25.913569,-80.21025,2019,Serious Injury
25.793395,-80.141236,2019,Serious Injury
25.88969,-80.337934,2019,Serious Injury
25.79557,-80.189035,2019,Serious Injury
25.849513,-80.174513,2019,Serious Injury
25.972285,-80.226344,2019,Serious Injury
25.692104,-80.439235,2019,Serious Injury
25.738449,-80.224389,2020,Serious Injury
25.810238,-80.263541,2020,Serious Injury
25.58372,-80.366642,2020,Serious Injury
25.808718,-80.22384,2020,Serious Injury
25.811887,-80.207398,2020,Serious Injury
25.82815,-80.313693,2020,Serious Injury
25.811791,-80.431782,2020,Fatality
25.716471,-80.261219,2020,Serious Injury
25.732742,-80.347798,2020,Fatality
25.78507,-80.274771,2020,Fatality
25.823379,-80.13513,2020,Serious Injury
25.808883,-80.260989,2021,Serious Injury
25.881115,-80.323417,2021,Serious Injury
25.778893,-80.3209,2021,Serious Injury
25.78183,-80.337119,2021,Serious Injury
25.884091,-80.202518,2021,Serious Injury
25.49197,-80.453722,2022,Serious Injury
25.833539,-80.206058,2022,Serious Injury
25.869784,-80.20837,2022,Serious Injury
25.846366,-80.228852,2022,Serious Injury
25.755385,-80.391029,2022,Serious Injury
25.617463,-80.521373,2022,Serious Injury
25.878207,-80.339345,2022,Serious Injury
25.776985,-80.336755,2022,Fatality
25.776538,-80.336579,2022,Serious Injury
25.966854,-80.145533,2022,Serious Injury
25.929407,-80.20569,2022,Serious Injury
25.85924,-80.290492,2022,Fatality
25.937492,-80.29381,2023,Fatality
25.849117,-80.282367,2023,Serious Injury
25.514969,-80.407868,2023,Serious Injury
25.9283,-80.192442,2023,Fatality
25.942547,-80.205277,2023,Serious Injury
25.455574,-80.475099,2023,Fatality
25.408646,-80.523031,2023,Serious Injury
25.927969,-80.201605,2023,Serious Injury
25.905445,-80.255987,2023,Serious Injury
25.784756,-80.240543,2023,Serious Injury
25.684984,-80.424964,2023,Fatality
25.770942,-80.285862,2023,Serious Injury
25.846662,-80.219766,2023,Serious Injury
25.588589,-80.515773,2024,Serious Injury
25.78765,-80.386761,2024,Serious Injury
25.534197,-80.369941,2024,Serious Injury
25.492033,-80.44825,2024,Fatality
25.967916,-80.14515,2024,Serious Injury
25.774595,-80.230949,2024,Fatality
25.6718,-80.365448,2019,Serious Injury
25.580811,-80.406639,2019,Serious Injury
25.874287,-80.170843,2019,Serious Injury
25.735534,-80.237273,2019,Serious Injury
25.868646,-80.323096,2019,Serious Injury
25.777878,-80.16497,2019,Serious Injury
25.884091,-80.343705,2019,Serious Injury
25.877046,-80.304103,2019,Serious Injury
25.845505,-80.207181,2019,Fatality
25.840051,-80.196546,2021,Serious Injury
25.928118,-80.205235,2019,Serious Injury
25.71262,-80.438647,2019,Serious Injury
25.949485,-80.205356,2019,Serious Injury
25.898265,-80.324202,2020,Serious Injury
25.869197,-80.209916,2020,Fatality
25.525402,-80.42169,2020,Fatality
25.817379,-80.211893,2021,Fatality
25.911215,-80.324788,2021,Serious Injury
25.715343,-80.276781,2021,Serious Injury
25.832674,-80.205749,2021,Serious Injury
25.681024,-80.36813,2021,Serious Injury
25.681665,-80.356246,2021,Serious Injury
25.662338,-80.33477,2021,Serious Injury
25.754845,-80.401232,2021,Serious Injury
25.701912,-80.342149,2021,Fatality
25.951011,-80.148909,2021,Serious Injury
25.51388,-80.453372,2021,Serious Injury
25.66028,-80.375424,2022,Serious Injury
25.626899,-80.394471,2022,Fatality
25.862383,-80.322697,2022,Serious Injury
25.812447,-80.223459,2022,Serious Injury
25.868836,-80.323113,2022,Serious Injury
25.9482,-80.245743,2022,Serious Injury
25.873081,-80.208883,2022,Serious Injury
25.759255,-80.320182,2022,Fatality
25.86877,-80.2199,2022,Serious Injury
25.782681,-80.32623,2022,Serious Injury
25.777955,-80.288338,2022,Serious Injury
25.291165,-80.37783,2022,Serious Injury
25.97244,-80.165888,2023,Serious Injury
25.818132,-80.321678,2023,Serious Injury
25.846379,-80.233511,2023,Serious Injury
25.871596,-80.20876,2023,Serious Injury
25.862809,-80.208434,2023,Serious Injury
25.656428,-80.409122,2023,Serious Injury
25.935562,-80.245024,2023,Serious Injury
25.85974,-80.223609,2023,Serious Injury
25.777701,-80.303352,2023,Serious Injury
25.814119,-80.195464,2023,Serious Injury
25.964797,-80.174478,2023,Fatality
25.600519,-80.413731,2023,Serious Injury
25.807439,-80.19524,2023,Serious Injury
25.769792,-80.328984,2023,Fatality
25.746327,-80.319777,2024,Serious Injury
25.565769,-80.362478,2024,Serious Injury
25.913354,-80.21175,2024,Serious Injury
25.793757,-80.27644,2024,Serious Injury
25.521824,-80.424526,2019,Serious Injury
25.795184,-80.206995,2019,Serious Injury
25.780562,-80.316938,2019,Serious Injury
25.457851,-80.475114,2019,Fatality
25.634696,-80.38505,2019,Serious Injury
25.503233,-80.42891,2019,Serious Injury
25.790812,-80.368973,2019,Serious Injury
25.854987,-80.290273,2019,Serious Injury
25.788095,-80.199913,2019,Serious Injury
25.945077,-80.350241,2019,Serious Injury
25.559196,-80.380407,2020,Serious Injury
25.764327,-80.320325,2020,Serious Injury
25.812967,-80.135801,2020,Serious Injury
25.912129,-80.187479,2020,Serious Injury
25.698801,-80.296502,2020,Fatality
25.531956,-80.393234,2020,Serious Injury
25.965166,-80.120871,2020,Serious Injury
25.760963,-80.577445,2020,Fatality
25.811262,-80.139672,2020,Serious Injury
25.796917,-80.320672,2020,Serious Injury
25.80757,-80.295255,2020,Fatality
25.515694,-80.412543,2020,Fatality
25.484626,-80.45701,2020,Fatality
25.565058,-80.372199,2021,Fatality
25.794571,-80.229389,2021,Serious Injury
25.534935,-80.367757,2021,Serious Injury
25.586845,-80.334448,2021,Serious Injury
25.852907,-80.282516,2021,Serious Injury
25.626721,-80.401427,2021,Fatality
25.68254,-80.416423,2021,Serious Injury
25.499932,-80.417234,2021,Serious Injury
25.961423,-80.187174,2021,Serious Injury
25.845676,-80.250163,2021,Serious Injury
25.846464,-80.225629,2021,Serious Injury
25.686461,-80.47167,2021,Serious Injury
25.732448,-80.359886,2021,Serious Injury
25.773197,-80.214637,2021,Serious Injury
25.766629,-80.284046,2022,Serious Injury
25.586241,-80.362178,2022,Fatality
25.69516,-80.326028,2022,Serious Injury
25.885127,-80.318648,2022,Serious Injury
25.518116,-80.412509,2022,Fatality
25.67116,-80.400129,2022,Serious Injury
25.947218,-80.197174,2022,Serious Injury
25.897232,-80.328094,2022,Serious Injury
25.811833,-80.267799,2022,Serious Injury
25.929869,-80.350851,2023,Serious Injury
25.870764,-80.242911,2023,Serious Injury
25.63597,-80.337691,2023,Serious Injury
25.847433,-80.196059,2023,Fatality
25.961406,-80.14196,2023,Serious Injury
25.773986,-80.197632,2023,Serious Injury
25.927022,-80.268738,2023,Serious Injury
25.928478,-80.192158,2023,Serious Injury
25.816998,-80.226261,2023,Serious Injury
25.902457,-80.249088,2024,Serious Injury
25.756641,-80.258961,2024,Serious Injury
25.769217,-80.320339,2024,Serious Injury
25.823986,-80.240111,2024,Serious Injury
25.705487,-80.406731,2024,Serious Injury
25.750779,-80.319801,2024,Serious Injury
25.82419,-80.232785,2024,Serious Injury
25.788182,-80.195121,2024,Serious Injury
25.814147,-80.24852,2024,Serious Injury
25.926923,-80.180068,2019,Serious Injury
25.778704,-80.320319,2019,Serious Injury
25.502381,-80.444975,2019,Serious Injury
25.826733,-80.202115,2019,Serious Injury
25.584289,-80.389016,2019,Fatality
25.875598,-80.234448,2019,Serious Injury
25.927865,-80.204423,2019,Fatality
25.646407,-80.396281,2019,Serious Injury
25.580829,-80.397734,2019,Serious Injury
25.879696,-80.323353,2020,Serious Injury
25.926239,-80.208785,2020,Serious Injury
25.877008,-80.325909,2020,Serious Injury
25.566177,-80.392432,2020,Fatality
25.780377,-80.263968,2020,Serious Injury
25.598853,-80.354172,2020,Serious Injury
25.542196,-80.405284,2021,Serious Injury
25.755795,-80.305674,2021,Serious Injury
25.770901,-80.320317,2021,Serious Injury
25.776389,-80.336591,2021,Serious Injury
25.745495,-80.287121,2021,Serious Injury
25.798844,-80.385858,2021,Serious Injury
25.498912,-80.477667,2021,Fatality
25.519818,-80.426148,2021,Serious Injury
25.477075,-80.489696,2021,Serious Injury
25.941263,-80.235502,2021,Serious Injury
25.831547,-80.184164,2021,Fatality
25.927007,-80.137988,2021,Fatality
25.701115,-80.363873,2021,Serious Injury
25.715336,-80.366903,2021,Serious Injury
25.785729,-80.141065,2021,Serious Injury
25.897268,-80.243252,2021,Serious Injury
25.846401,-80.227697,2021,Fatality
25.770661,-80.230924,2022,Serious Injury
25.865599,-80.322788,2022,Serious Injury
25.714316,-80.417493,2022,Serious Injury
25.707279,-80.285786,2022,Serious Injury
25.817153,-80.248694,2022,Fatality
25.784008,-80.214541,2023,Serious Injury
25.961518,-80.167443,2023,Fatality
25.700117,-80.263979,2023,Serious Injury
25.807181,-80.239986,2023,Serious Injury
25.572612,-80.478262,2023,Fatality
25.927557,-80.21615,2023,Serious Injury
25.780267,-80.214985,2023,Fatality
25.794976,-80.223275,2023,Serious Injury
25.797695,-80.312876,2021,Serious Injury
25.715281,-80.390674,2023,Serious Injury
25.778005,-80.288347,2023,Serious Injury
25.734731,-80.261985,2023,Serious Injury
25.502418,-80.396749,2023,Serious Injury
25.934018,-80.204894,2023,Serious Injury
25.768561,-80.19916,2023,Serious Injury
25.76829,-80.377015,2023,Serious Injury
25.722089,-80.383749,2023,Serious Injury
25.769788,-80.385466,2024,Serious Injury
25.710581,-80.28163,2024,Fatality
25.812994,-80.135748,2024,Serious Injury
25.950675,-80.431067,2024,Fatality
25.876916,-80.324788,2024,Serious Injury
25.688598,-80.303206,2024,Serious Injury
25.77931,-80.246316,2024,Serious Injury
25.687855,-80.336616,2024,Serious Injury
25.795639,-80.223288,2024,Serious Injury
25.787565,-80.21505,2024,Serious Injury
25.785356,-80.263416,2019,Serious Injury
25.728558,-80.431614,2019,Serious Injury
25.946196,-80.20934,2019,Serious Injury
25.685801,-80.398822,2019,Serious Injury
25.734718,-80.23033,2019,Serious Injury
25.810841,-80.181731,2019,Serious Injury
25.659551,-80.43662,2019,Serious Injury
25.536491,-80.411345,2019,Serious Injury
25.688562,-80.31288,2019,Serious Injury
25.86243,-80.277809,2019,Serious Injury
25.733791,-80.294675,2019,Fatality
25.911049,-80.167287,2019,Serious Injury
25.557705,-80.389923,2019,Fatality
25.626731,-80.395188,2019,Serious Injury
25.784948,-80.238897,2019,Serious Injury
25.539349,-80.408064,2019,Serious Injury
25.79482,-80.2315,2020,Serious Injury
25.951775,-80.29437,2020,Serious Injury
25.921943,-80.414163,2020,Fatality
25.938265,-80.363886,2020,Fatality
25.771991,-80.249765,2020,Serious Injury
25.891539,-80.312677,2020,Serious Injury
25.513312,-80.432507,2020,Serious Injury
25.939908,-80.191409,2021,Serious Injury
25.7872,-80.197,2021,Serious Injury
25.858629,-80.208046,2021,Serious Injury
25.814871,-80.26282,2021,Serious Injury
25.849231,-80.298317,2021,Serious Injury
25.530412,-80.416804,2021,Fatality
25.832633,-80.195242,2021,Serious Injury
25.780732,-80.263964,2021,Serious Injury
25.771384,-80.232242,2021,Fatality
25.827741,-80.196286,2021,Serious Injury
25.926591,-80.236423,2022,Fatality
25.80557,-80.233495,2022,Serious Injury
25.802506,-80.239934,2022,Serious Injury
25.809524,-80.228438,2022,Serious Injury
25.8466,-80.221266,2022,Serious Injury
25.853261,-80.184845,2022,Serious Injury
25.940155,-80.149135,2022,Serious Injury
25.926426,-80.24102,2022,Serious Injury
25.953466,-80.294535,2022,Serious Injury
25.947646,-80.185086,2022,Serious Injury
25.766977,-80.238829,2023,Serious Injury
25.844687,-80.207186,2023,Serious Injury
25.855626,-80.244109,2023,Serious Injury
25.693982,-80.345526,2023,Serious Injury
25.92944,-80.260831,2023,Serious Injury
25.716963,-80.273745,2023,Serious Injury
25.965034,-80.229283,2023,Fatality
25.827553,-80.206759,2023,Serious Injury
25.939842,-80.14915,2023,Serious Injury
25.940212,-80.258765,2023,Serious Injury
25.5842,-80.380996,2023,Serious Injury
25.640484,-80.435368,2023,Fatality
25.772126,-80.243732,2024,Serious Injury
25.671939,-80.384184,2024,Serious Injury
25.902424,-80.292115,2024,Fatality
25.748079,-80.3184,2024,Serious Injury
25.78347,-80.348035,2024,Serious Injury
25.953758,-80.205653,2024,Serious Injury
25.792354,-80.376838,2024,Fatality
25.757539,-80.24535,2024,Serious Injury
25.921086,-80.191911,2024,Serious Injury
25.932091,-80.203834,2024,Fatality
25.944751,-80.205319,2024,Fatality
25.781871,-80.193892,2024,Fatality
25.769162,-80.344479,2024,Serious Injury
25.797125,-80.303235,2024,Serious Injury
25.843625,-80.127218,2024,Fatality
25.80489,-80.872548,2019,Serious Injury
25.884346,-80.295303,2019,Serious Injury
25.903822,-80.24241,2019,Fatality
25.477948,-80.493717,2019,Serious Injury
25.561698,-80.372169,2019,Serious Injury
25.761766,-80.340316,2019,Serious Injury
25.821788,-80.279187,2019,Serious Injury
25.908324,-80.209883,2019,Serious Injury
25.960635,-80.16783,2019,Fatality
25.718426,-80.30071,2019,Serious Injury
25.842346,-80.225294,2019,Serious Injury
25.813292,-80.135889,2019,Serious Injury
25.728289,-80.447654,2020,Serious Injury
25.962253,-80.166281,2020,Serious Injury
25.569848,-80.382265,2020,Fatality
25.84115,-80.302423,2020,Serious Injury
25.7844,-80.265835,2020,Serious Injury
25.840731,-80.288158,2020,Fatality
25.934924,-80.215645,2021,Serious Injury
25.882702,-80.234794,2021,Serious Injury
25.881602,-80.274413,2021,Fatality
25.781072,-80.360749,2021,Fatality
25.829932,-80.205857,2021,Serious Injury
25.915685,-80.223038,2021,Serious Injury
25.943995,-80.261538,2021,Fatality
25.843355,-80.308304,2021,Fatality
25.810612,-80.190211,2021,Serious Injury
25.782045,-80.387086,2021,Serious Injury
25.824301,-80.22849,2021,Serious Injury
25.537256,-80.370044,2021,Fatality
25.642907,-80.363701,2021,Fatality
25.816611,-80.313398,2021,Fatality
25.849944,-80.189782,2022,Fatality
25.856785,-80.282671,2022,Serious Injury
25.930894,-80.211522,2022,Serious Injury
25.692058,-80.298986,2022,Serious Injury
25.817505,-80.252728,2022,Serious Injury
25.788734,-80.197518,2022,Serious Injury
25.866544,-80.306978,2022,Serious Injury
25.922583,-80.122494,2022,Fatality
25.792248,-80.136597,2022,Serious Injury
25.684832,-80.430073,2022,Serious Injury
25.812803,-80.136081,2022,Serious Injury
25.799383,-80.130234,2022,Serious Injury
25.762384,-80.320194,2022,Serious Injury
25.929785,-80.124575,2022,Serious Injury
25.685799,-80.400014,2022,Serious Injury
25.889815,-80.186435,2023,Serious Injury
25.95376,-80.286669,2023,Serious Injury
25.852919,-80.284496,2023,Serious Injury
25.676294,-80.416382,2023,Fatality
25.775401,-80.274421,2023,Serious Injury
25.65533,-80.383463,2023,Serious Injury
25.470201,-80.412023,2023,Serious Injury
25.954874,-80.260841,2023,Fatality
25.734097,-80.28607,2023,Serious Injury
25.771882,-80.252366,2023,Fatality
25.760878,-80.418247,2023,Fatality
25.760919,-80.448982,2023,Serious Injury
25.785286,-80.263671,2023,Serious Injury
25.79076,-80.162819,2023,Serious Injury
25.796975,-80.353028,2023,Serious Injury
25.828088,-80.223143,2023,Fatality
25.789763,-80.313865,2023,Fatality
25.811421,-80.215784,2023,Serious Injury
25.780883,-80.324377,2023,Serious Injury
25.94214,-80.213147,2024,Fatality
25.657729,-80.327677,2024,Serious Injury
25.940054,-80.245173,2024,Serious Injury
25.779477,-80.23937,2024,Serious Injury
25.848059,-80.29225,2024,Serious Injury
25.576907,-80.33943,2024,Serious Injury
25.641025,-80.416777,2024,Serious Injury
25.951944,-80.430623,2024,Serious Injury
25.823918,-80.208218,2024,Serious Injury
25.868299,-80.240427,2024,Fatality
25.612669,-80.378579,2019,Serious Injury
25.776849,-80.199464,2019,Serious Injury
25.916425,-80.194404,2019,Fatality
25.777433,-80.163545,2019,Serious Injury
25.941683,-80.227829,2019,Serious Injury
25.840053,-80.196544,2019,Serious Injury
25.761401,-80.368402,2019,Serious Injury
25.808993,-80.259636,2019,Serious Injury
25.612184,-80.346646,2019,Serious Injury
25.916967,-80.379287,2019,Serious Injury
25.876551,-80.226395,2019,Serious Injury
25.89667,-80.284488,2020,Serious Injury
25.868136,-80.240846,2020,Serious Injury
25.832281,-80.210827,2020,Serious Injury
25.803724,-80.203156,2020,Serious Injury
25.94256,-80.205856,2020,Serious Injury
25.918128,-80.284939,2020,Serious Injury
25.890713,-80.372001,2021,Serious Injury
25.845916,-80.243671,2021,Fatality
25.776344,-80.197794,2021,Serious Injury
25.813689,-80.126474,2021,Serious Injury
25.694891,-80.344219,2021,Serious Injury
25.838788,-80.322021,2021,Fatality
25.873973,-80.323095,2021,Serious Injury
25.817662,-80.228478,2021,Serious Injury
25.783492,-80.273955,2021,Fatality
25.869693,-80.278868,2021,Serious Injury
25.949472,-80.261791,2021,Serious Injury
25.770507,-80.216238,2021,Serious Injury
25.778051,-80.287042,2022,Serious Injury
25.828281,-80.313697,2022,Fatality
25.78592,-80.255869,2022,Serious Injury
25.760902,-80.315748,2022,Serious Injury
25.863168,-80.234076,2022,Serious Injury
25.942788,-80.187971,2022,Serious Injury
25.896771,-80.2918,2022,Serious Injury
25.645169,-80.415171,2022,Serious Injury
25.89621,-80.209479,2022,Fatality
25.384562,-80.465402,2022,Fatality
25.936994,-80.253134,2022,Serious Injury
25.476753,-80.441052,2023,Fatality
25.782043,-80.338006,2023,Fatality
25.686723,-80.351588,2023,Serious Injury
25.825741,-80.32165,2023,Serious Injury
25.946324,-80.1861,2023,Serious Injury
25.867704,-80.254885,2023,Serious Injury
25.875754,-80.234427,2023,Serious Injury
25.499676,-80.446194,2023,Fatality
25.899875,-80.243646,2024,Serious Injury
25.784155,-80.235348,2024,Serious Injury
25.686825,-80.310749,2024,Serious Injury
25.973808,-80.166088,2024,Serious Injury
25.944705,-80.277579,2024,Fatality
25.854679,-80.124031,2024,Serious Injury
25.686118,-80.445991,2024,Serious Injury
25.928308,-80.196257,2024,Fatality
25.823647,-80.24445,2024,Fatality
25.856591,-80.322751,2024,Fatality
25.754869,-80.33584,2024,Serious Injury
25.942359,-80.34023,2024,Fatality
25.729417,-80.257876,2019,Serious Injury
25.705847,-80.454894,2019,Fatality
25.418422,-80.503063,2019,Fatality
25.517984,-80.419772,2019,Fatality
25.572368,-80.372315,2019,Fatality
25.78124,-80.344606,2019,Serious Injury
25.909505,-80.157551,2019,Serious Injury
25.852242,-80.274702,2019,Fatality
25.729592,-80.399556,2019,Fatality
25.868265,-80.306862,2019,Serious Injury
25.899529,-80.179002,2019,Serious Injury
25.760861,-80.406109,2019,Serious Injury
25.77796,-80.383645,2019,Serious Injury
25.917954,-80.210644,2019,Serious Injury
25.957071,-80.205783,2019,Serious Injury
25.787513,-80.206896,2019,Serious Injury
25.860457,-80.197421,2019,Serious Injury
25.964524,-80.246721,2019,Serious Injury
25.266866,-80.440029,2021,Serious Injury
25.76251,-80.318458,2019,Serious Injury
25.847847,-80.184618,2021,Serious Injury
25.759565,-80.321049,2023,Serious Injury
25.809819,-80.215386,2021,Fatality
25.889927,-80.209487,2023,Serious Injury
25.92476,-80.293358,2021,Serious Injury
25.920323,-80.325058,2021,Serious Injury
25.895617,-80.235321,2021,Fatality
25.448029,-80.458913,2021,Serious Injury
25.727658,-80.238745,2022,Serious Injury
25.603166,-80.350818,2022,Serious Injury
25.64277,-80.334539,2022,Serious Injury
25.672245,-80.367657,2022,Serious Injury
25.716139,-80.348752,2022,Serious Injury
25.971958,-80.235528,2022,Serious Injury
25.794194,-80.188989,2021,Fatality
25.628912,-80.342056,2019,Serious Injury
25.911356,-80.256163,2022,Fatality
25.813037,-80.303864,2022,Fatality
25.955442,-80.249375,2022,Serious Injury
25.947404,-80.185317,2023,Serious Injury
25.808116,-80.271791,2023,Serious Injury
25.740248,-80.339812,2023,Fatality
25.804627,-80.205614,2023,Serious Injury
25.634702,-80.385361,2023,Serious Injury
25.462699,-80.424051,2023,Serious Injury
25.905075,-80.209944,2023,Serious Injury
25.839086,-80.217001,2023,Serious Injury
25.904864,-80.244248,2023,Fatality
25.804637,-80.239997,2023,Fatality
25.505038,-80.416721,2023,Serious Injury
25.93029,-80.3096,2023,Serious Injury
25.671555,-80.365311,2024,Serious Injury
25.914818,-80.210014,2024,Serious Injury
25.89656,-80.262467,2024,Serious Injury
25.890213,-80.187144,2024,Serious Injury
25.593739,-80.478252,2024,Serious Injury
25.786171,-80.254857,2024,Serious Injury
25.955063,-80.146752,2024,Serious Injury
25.777752,-80.288436,2024,Serious Injury
25.466115,-80.480935,2024,Serious Injury
25.909285,-80.211745,2024,Fatality
25.895886,-80.378666,2024,Fatality
25.850372,-80.196979,2024,Serious Injury
25.928037,-80.276854,2024,Serious Injury
25.771778,-80.149281,2024,Serious Injury
25.848683,-80.194202,2019,Serious Injury
25.773667,-80.154788,2019,Serious Injury
25.734137,-80.318771,2019,Serious Injury
25.754564,-80.401139,2019,Serious Injury
25.824975,-80.206259,2019,Serious Injury
25.65878,-80.3771,2019,Serious Injury
25.897465,-80.235163,2019,Serious Injury
25.77183,-80.255452,2019,Serious Injury
25.550916,-80.396659,2019,Serious Injury
25.928235,-80.194698,2019,Serious Injury
25.820503,-80.232619,2019,Serious Injury
25.566476,-80.381533,2019,Serious Injury
25.732435,-80.359958,2019,Serious Injury
25.588258,-80.506677,2019,Serious Injury
25.605697,-80.364931,2019,Fatality
25.896358,-80.166456,2019,Serious Injury
25.916098,-80.222832,2019,Serious Injury
25.469024,-80.379528,2020,Serious Injury
25.905438,-80.243851,2020,Serious Injury
25.929269,-80.276881,2020,Serious Injury
25.747449,-80.335584,2020,Serious Injury
25.814173,-80.207079,2020,Serious Injury
25.774308,-80.142315,2020,Serious Injury
25.937811,-80.150807,2020,Serious Injury
25.851615,-80.137206,2021,Serious Injury
25.85509,-80.290271,2021,Fatality
25.721994,-80.423387,2021,Fatality
25.883274,-80.220665,2021,Serious Injury
25.931787,-80.212441,2021,Serious Injury
25.962253,-80.166281,2021,Fatality
25.764494,-80.261088,2021,Serious Injury
25.848229,-80.16818,2021,Fatality
25.760013,-80.196186,2021,Serious Injury
25.782426,-80.418704,2021,Serious Injury
25.79603,-80.136636,2021,Serious Injury
25.839969,-80.200669,2021,Serious Injury
25.915867,-80.252243,2021,Serious Injury
25.90565,-80.207499,2021,Serious Injury
25.425587,-80.530473,2021,Serious Injury
25.817814,-80.191587,2022,Fatality
25.800294,-80.212976,2022,Serious Injury
25.537182,-80.37206,2022,Serious Injury
25.94227,-80.338667,2022,Serious Injury
25.826099,-80.322837,2022,Serious Injury
25.773203,-80.320895,2022,Serious Injury
25.57254,-80.478265,2022,Fatality
25.946982,-80.277793,2022,Serious Injury
25.745597,-80.373877,2022,Serious Injury
25.828058,-80.228792,2023,Serious Injury
25.884035,-80.318518,2023,Serious Injury
25.690863,-80.382021,2023,Serious Injury
25.843717,-80.225343,2023,Serious Injury
25.941618,-80.229243,2024,Serious Injury
25.897956,-80.243538,2024,Serious Injury
25.891557,-80.329097,2024,Serious Injury
25.729656,-80.257632,2024,Serious Injury
25.68913,-80.434809,2024,Serious Injury
25.471443,-80.49366,2024,Serious Injury
25.777623,-80.298021,2024,Serious Injury
25.964537,-80.145402,2024,Serious Injury
25.825969,-80.208137,2024,Fatality
25.74763,-80.338594,2019,Serious Injury
25.825481,-80.187353,2019,Serious Injury
25.522036,-80.36063,2019,Fatality
25.516256,-80.429639,2019,Serious Injury
25.630048,-80.479708,2019,Serious Injury
25.957083,-80.146779,2019,Serious Injury
25.897288,-80.242513,2019,Serious Injury
25.921371,-80.183925,2019,Serious Injury
25.559026,-80.461836,2019,Serious Injury
25.809126,-80.240297,2019,Serious Injury
25.4846,-80.461095,2019,Serious Injury
25.802723,-80.252254,2019,Serious Injury
25.939761,-80.2774,2019,Serious Injury
25.772562,-80.231385,2020,Serious Injury
25.869938,-80.331008,2020,Serious Injury
25.866527,-80.314668,2020,Serious Injury
25.710561,-80.281653,2020,Serious Injury
25.840604,-80.322318,2020,Serious Injury
25.923764,-80.210187,2020,Serious Injury
25.862784,-80.242238,2020,Serious Injury
25.805667,-80.223688,2020,Serious Injury
25.58696,-80.357381,2020,Serious Injury
25.787847,-80.206921,2021,Serious Injury
25.946512,-80.205271,2021,Serious Injury
25.939361,-80.289011,2021,Serious Injury
25.798498,-80.189068,2021,Serious Injury
25.865546,-80.208232,2021,Serious Injury
25.491965,-80.455193,2021,Fatality
25.942265,-80.342008,2021,Serious Injury
25.832674,-80.205749,2021,Serious Injury
25.925177,-80.275457,2021,Fatality
25.738623,-80.480522,2021,Serious Injury
25.924672,-80.314242,2021,Serious Injury
25.813817,-80.191401,2021,Fatality
25.69512,-80.301046,2022,Fatality
25.586944,-80.486684,2022,Serious Injury
25.544986,-80.400612,2022,Serious Injury
25.811975,-80.369481,2022,Serious Injury
25.908384,-80.18729,2022,Fatality
25.605734,-80.36094,2022,Serious Injury
25.518257,-80.390922,2022,Serious Injury
25.78438,-80.385767,2022,Serious Injury
25.795138,-80.272306,2022,Fatality
25.81381,-80.12775,2022,Serious Injury
25.809584,-80.205448,2022,Fatality
25.809413,-80.229862,2022,Serious Injury
25.628443,-80.358002,2022,Serious Injury
25.738163,-80.319674,2022,Serious Injury
25.799569,-80.247802,2023,Serious Injury
25.797088,-80.189087,2023,Fatality
25.53495,-80.41281,2023,Fatality
25.946698,-80.294218,2023,Serious Injury
25.884096,-80.33828,2023,Serious Injury
25.931046,-80.341736,2023,Serious Injury
25.587937,-80.510771,2024,Serious Injury
25.778176,-80.282133,2024,Fatality
25.779519,-80.239317,2024,Serious Injury
25.763573,-80.289693,2024,Serious Injury
25.901397,-80.17721,2024,Serious Injury
25.668927,-80.496681,2024,Serious Injury
25.740617,-80.327582,2024,Serious Injury
25.846637,-80.387179,2019,Serious Injury
25.949587,-80.205359,2019,Serious Injury
25.779748,-80.321055,2019,Serious Injury
25.805144,-80.337173,2019,Serious Injury
25.859406,-80.208034,2019,Serious Injury
25.792203,-80.134732,2019,Serious Injury
25.827342,-80.186751,2019,Fatality
25.840477,-80.32333,2019,Serious Injury
25.8331,-80.192215,2019,Fatality
25.949512,-80.21269,2019,Serious Injury
25.942295,-80.212835,2019,Serious Injury
25.845337,-80.207128,2020,Serious Injury
25.957354,-80.203501,2020,Serious Injury
25.918717,-80.37334,2020,Serious Injury
25.858261,-80.183799,2020,Serious Injury
25.612475,-80.381718,2020,Serious Injury
25.796329,-80.321266,2020,Serious Injury
25.782731,-80.131234,2020,Serious Injury
25.699184,-80.340765,2020,Serious Injury
25.791902,-80.385779,2020,Serious Injury
25.794439,-80.240003,2020,Serious Injury
25.84532,-80.261279,2021,Fatality
25.846621,-80.274319,2021,Serious Injury
25.679893,-80.302818,2021,Serious Injury
25.883352,-80.362063,2021,Serious Injury
25.876262,-80.210457,2021,Serious Injury
25.773824,-80.204377,2021,Serious Injury
25.531647,-80.54324,2021,Fatality
25.805333,-80.205653,2021,Fatality
25.94029,-80.260502,2022,Serious Injury
25.782507,-80.20048,2022,Serious Injury
25.935437,-80.350409,2022,Fatality
25.845676,-80.250163,2022,Serious Injury
25.894599,-80.211039,2022,Serious Injury
25.909878,-80.244163,2022,Fatality
25.824978,-80.207021,2022,Serious Injury
25.957423,-80.205623,2022,Serious Injury
25.717751,-80.316631,2022,Serious Injury
25.798827,-80.369225,2022,Serious Injury
25.683091,-80.384568,2022,Serious Injury
25.905984,-80.356712,2022,Serious Injury
25.792089,-80.12978,2023,Serious Injury
25.535297,-80.41203,2023,Serious Injury
25.846937,-80.212507,2023,Serious Injury
25.760042,-80.400784,2023,Fatality
25.942314,-80.338139,2024,Serious Injury
25.883782,-80.243238,2024,Fatality
25.570828,-80.3759,2024,Serious Injury
25.821176,-80.386944,2024,Serious Injury
25.701143,-80.366193,2024,Serious Injury
25.88684,-80.127066,2024,Serious Injury
25.764799,-80.320611,2024,Serious Injury
25.775079,-80.196443,2024,Serious Injury
25.803812,-80.199165,2024,Serious Injury
25.843541,-80.202476,2019,Serious Injury
25.535714,-80.482617,2019,Fatality
25.942783,-80.196911,2019,Serious Injury
25.780466,-80.316427,2019,Serious Injury
25.532673,-80.392241,2019,Serious Injury
25.781243,-80.343304,2019,Serious Injury
25.887881,-80.335842,2019,Serious Injury
25.862289,-80.242375,2019,Fatality
25.84725,-80.241714,2019,Fatality
25.928578,-80.451211,2019,Fatality
25.606731,-80.358905,2019,Serious Injury
25.597068,-80.397055,2019,Serious Injury
25.880724,-80.209274,2019,Serious Injury
25.770712,-80.232786,2019,Serious Injury
25.685968,-80.400744,2019,Serious Injury
25.848094,-80.174477,2020,Serious Injury
25.75441,-80.356467,2020,Serious Injury
25.488159,-80.457425,2020,Serious Injury
25.760827,-80.427164,2020,Serious Injury
25.932089,-80.170317,2020,Serious Injury
25.598404,-80.36049,2020,Serious Injury
25.949723,-80.205376,2020,Fatality
25.694442,-80.267467,2020,Serious Injury
25.734274,-80.274106,2020,Serious Injury
25.742939,-80.432303,2020,Fatality
25.762753,-80.314086,2020,Serious Injury
25.74475,-80.289145,2020,Serious Injury
25.81582,-80.262777,2021,Serious Injury
25.821292,-80.122607,2021,Serious Injury
25.543716,-80.403791,2021,Serious Injury
25.612444,-80.382118,2021,Serious Injury
25.929791,-80.124415,2021,Fatality
25.771826,-80.255337,2021,Serious Injury
25.634738,-80.479795,2021,Serious Injury
25.812143,-80.211691,2021,Serious Injury
25.849252,-80.205238,2021,Fatality
25.823998,-80.238385,2021,Serious Injury
25.883498,-80.21464,2022,Serious Injury
25.761312,-80.372421,2022,Serious Injury
25.81912,-80.264999,2022,Fatality
25.684616,-80.436865,2022,Serious Injury
25.83014,-80.216424,2022,Fatality
25.88345,-80.216638,2022,Serious Injury
25.794616,-80.241058,2022,Serious Injury
25.848441,-80.196917,2022,Serious Injury
25.836809,-80.265836,2022,Serious Injury
25.617237,-80.446672,2023,Serious Injury
25.771833,-80.149605,2023,Serious Injury
25.8604,-80.318589,2023,Serious Injury
25.596223,-80.35777,2023,Serious Injury
25.796425,-80.139907,2023,Serious Injury
25.833656,-80.206057,2023,Serious Injury
25.723426,-80.265721,2024,Serious Injury
25.875649,-80.210203,2024,Serious Injury
25.954253,-80.278218,2024,Serious Injury
25.889827,-80.291518,2024,Serious Injury
25.747931,-80.270869,2024,Serious Injury
25.719308,-80.270775,2024,Serious Injury
25.939745,-80.276252,2024,Serious Injury
25.517975,-80.426969,2019,Serious Injury
25.685855,-80.403297,2019,Serious Injury
25.853493,-80.239955,2019,Serious Injury
25.608221,-80.359005,2019,Fatality
25.891485,-80.323901,2019,Serious Injury
25.86774,-80.250837,2019,Serious Injury
25.563549,-80.478214,2019,Serious Injury
25.777382,-80.163843,2019,Fatality
25.760879,-80.393197,2020,Serious Injury
25.929807,-80.123965,2020,Serious Injury
25.809026,-80.232579,2020,Serious Injury
25.904773,-80.235715,2020,Serious Injury
25.440538,-80.501539,2020,Serious Injury
25.832028,-80.214593,2020,Serious Injury
25.949234,-80.218582,2020,Serious Injury
25.717382,-80.327251,2020,Fatality
25.932212,-80.212878,2021,Serious Injury
25.935399,-80.311859,2021,Serious Injury
25.856646,-80.314577,2021,Serious Injury
25.920781,-80.199996,2021,Serious Injury
25.795232,-80.207012,2021,Serious Injury
25.787119,-80.231319,2021,Serious Injury
25.709769,-80.263592,2021,Serious Injury
25.84657,-80.222229,2021,Serious Injury
25.776655,-80.206153,2021,Serious Injury
25.529096,-80.424685,2021,Serious Injury
25.886645,-80.164501,2021,Serious Injury
25.846954,-80.209149,2021,Serious Injury
25.860985,-80.282997,2021,Serious Injury
25.949629,-80.20948,2021,Serious Injury
25.750668,-80.359874,2022,Serious Injury
25.792948,-80.188964,2022,Serious Injury
25.802479,-80.138273,2022,Fatality
25.470162,-80.452621,2022,Serious Injury
25.866709,-80.306816,2022,Serious Injury
25.89624,-80.293657,2023,Serious Injury
25.755151,-80.275234,2023,Serious Injury
25.745716,-80.343667,2023,Serious Injury
25.83768,-80.26182,2023,Serious Injury
25.832071,-80.215524,2023,Fatality
25.813814,-80.206228,2023,Serious Injury
25.53678,-80.391107,2024,Fatality
25.808972,-80.289349,2024,Serious Injury
25.879786,-80.218468,2024,Serious Injury
25.92575,-80.252705,2024,Serious Injury
25.923042,-80.210372,2024,Serious Injury
25.935892,-80.3505,2024,Serious Injury
25.854225,-80.27496,2024,Serious Injury
25.847941,-80.314496,2024,Serious Injury
25.790483,-80.243818,2024,Serious Injury
25.780193,-80.216365,2019,Fatality
25.812473,-80.205623,2019,Serious Injury
25.809877,-80.205797,2019,Serious Injury
25.785615,-80.192986,2019,Serious Injury
25.506065,-80.518231,2019,Serious Injury
25.905779,-80.206782,2019,Serious Injury
25.86198,-80.208434,2019,Serious Injury
25.477229,-80.465002,2019,Serious Injury
25.79153,-80.321307,2019,Serious Injury
25.847992,-80.300288,2019,Serious Injury
25.894128,-80.209371,2020,Serious Injury
25.809106,-80.239925,2020,Fatality
25.703102,-80.35022,2020,Serious Injury
25.92594,-80.25356,2020,Serious Injury
25.833487,-80.124094,2020,Serious Injury
25.942196,-80.205093,2020,Serious Injury
25.898611,-80.371557,2020,Serious Injury
25.599736,-80.372704,2020,Serious Injury
25.884258,-80.339755,2020,Serious Injury
25.80633,-80.207411,2020,Serious Injury
25.513784,-80.46959,2020,Fatality
25.68433,-80.445784,2021,Serious Injury
25.506327,-80.439311,2021,Fatality
25.809264,-80.207511,2021,Serious Injury
25.402112,-80.469231,2021,Serious Injury
25.746352,-80.238027,2021,Serious Injury
25.780284,-80.213177,2021,Serious Injury
25.846376,-80.184562,2021,Serious Injury
25.908457,-80.187293,2021,Serious Injury
25.807485,-80.289412,2021,Serious Injury
25.881416,-80.208981,2021,Serious Injury
25.824424,-80.224706,2021,Serious Injury
25.822994,-80.27075,2021,Serious Injury
25.84311,-80.206152,2022,Serious Injury
25.832254,-80.237225,2022,Serious Injury
25.800149,-80.189112,2022,Serious Injury
25.583255,-80.366778,2022,Serious Injury
25.940951,-80.2438,2022,Fatality
25.859738,-80.330159,2022,Serious Injury
25.942444,-80.209136,2022,Fatality
25.877355,-80.210284,2022,Serious Injury
25.867886,-80.250804,2022,Serious Injury
25.877031,-80.299413,2023,Serious Injury
25.66684,-80.3695,2023,Serious Injury
25.579704,-80.478512,2023,Serious Injury
25.829702,-80.12208,2023,Serious Injury
25.740557,-80.323638,2023,Serious Injury
25.802345,-80.248197,2023,Serious Injury
25.762856,-80.189704,2023,Serious Injury
25.953923,-80.281696,2023,Fatality
25.748925,-80.270897,2023,Serious Injury
25.710406,-80.280376,2023,Serious Injury
25.852195,-80.319857,2023,Serious Injury
25.935383,-80.121759,2023,Fatality
25.790936,-80.227149,2023,Serious Injury
25.93034,-80.293365,2023,Serious Injury
25.779843,-80.368534,2023,Serious Injury
25.846011,-80.207324,2024,Serious Injury
25.931909,-80.350435,2024,Serious Injury
25.601616,-80.355278,2024,Serious Injury
25.796775,-80.336792,2024,Serious Injury
25.876911,-80.320097,2024,Serious Injury
25.839855,-80.314177,2024,Fatality
25.760069,-80.192343,2019,Serious Injury
25.878239,-80.354804,2019,Fatality
25.56689,-80.381129,2019,Serious Injury
25.7788,-80.258617,2019,Fatality
25.944574,-80.186992,2019,Serious Injury
25.78808,-80.199899,2019,Serious Injury
25.826194,-80.224634,2019,Serious Injury
25.765972,-80.238923,2019,Fatality
25.898044,-80.216962,2019,Serious Injury
25.790804,-80.204609,2021,Serious Injury
25.828418,-80.386702,2021,Fatality
25.685012,-80.42463,2021,Fatality
25.816663,-80.236083,2021,Serious Injury
25.645532,-80.333256,2021,Fatality
25.773013,-80.200689,2022,Serious Injury
25.761207,-80.369365,2022,Serious Injury
25.868338,-80.208318,2022,Serious Injury
25.840259,-80.384995,2022,Serious Injury
25.688338,-80.321273,2022,Serious Injury
25.64624,-80.386406,2022,Serious Injury
25.471566,-80.448841,2022,Serious Injury
25.950398,-80.431209,2022,Serious Injury
25.817544,-80.207871,2022,Serious Injury
25.832485,-80.205449,2022,Serious Injury
25.781418,-80.239338,2022,Fatality
25.826638,-80.324346,2022,Serious Injury
25.760432,-80.33507,2022,Fatality
25.850667,-80.233823,2022,Serious Injury
25.775536,-80.140675,2022,Serious Injury
25.580361,-80.369325,2023,Serious Injury
25.686538,-80.375465,2023,Fatality
25.922726,-80.210901,2023,Serious Injury
25.774951,-80.194698,2023,Serious Injury
25.747059,-80.359661,2023,Serious Injury
25.610744,-80.378513,2023,Serious Injury
25.760905,-80.448947,2023,Serious Injury
25.540585,-80.372047,2023,Serious Injury
25.854778,-80.241951,2023,Serious Injury
25.926348,-80.161919,2023,Serious Injury
25.734722,-80.262795,2023,Serious Injury
25.923712,-80.260491,2023,Serious Injury
25.574016,-80.372331,2023,Serious Injury
25.782192,-80.317667,2023,Serious Injury
25.482655,-80.477513,2023,Fatality
25.787844,-80.206858,2023,Serious Injury
25.877017,-80.278954,2024,Serious Injury
25.702585,-80.479093,2024,Serious Injury
25.644414,-80.382942,2024,Serious Injury
25.785864,-80.264958,2024,Fatality
25.942086,-80.30705,2024,Fatality
25.954002,-80.146555,2024,Serious Injury
25.745349,-80.262514,2024,Serious Injury
25.884348,-80.198275,2024,Serious Injury
25.89693,-80.329696,2024,Serious Injury
25.569959,-80.331543,2024,Serious Injury
25.543488,-80.40425,2024,Fatality
25.963525,-80.229225,2019,Serious Injury
25.92691,-80.268744,2019,Serious Injury
25.707357,-80.285857,2019,Serious Injury
25.767917,-80.385705,2019,Serious Injury
25.532381,-80.373169,2019,Serious Injury
25.925606,-80.253911,2019,Serious Injury
25.783959,-80.21376,2019,Serious Injury
25.869703,-80.193255,2019,Fatality
25.943336,-80.187762,2019,Serious Injury
25.733267,-80.331767,2019,Serious Injury
25.46943,-80.471777,2020,Serious Injury
25.761797,-80.218393,2020,Fatality
25.604994,-80.413809,2020,Fatality
25.960039,-80.168129,2020,Serious Injury
25.886886,-80.190623,2020,Fatality
25.869671,-80.193467,2020,Serious Injury
25.646478,-80.34283,2020,Serious Injury
25.926442,-80.252716,2020,Serious Injury
25.895091,-80.351294,2020,Fatality
25.672314,-80.372878,2020,Fatality
25.598319,-80.35564,2020,Serious Injury
25.81122,-80.205876,2021,Serious Injury
25.859389,-80.329687,2021,Fatality
25.906711,-80.158396,2021,Serious Injury
25.808281,-80.26593,2021,Serious Injury
25.809414,-80.229469,2021,Serious Injury
25.447783,-80.475037,2021,Fatality
25.788181,-80.203927,2021,Serious Injury
25.718,-80.438027,2021,Serious Injury
25.785601,-80.19156,2021,Serious Injury
25.930664,-80.204691,2021,Fatality
25.687269,-80.354549,2021,Serious Injury
25.807329,-80.215616,2021,Serious Injury
25.898532,-80.34454,2021,Fatality
25.841563,-80.274038,2022,Serious Injury
25.928701,-80.184027,2022,Serious Injury
25.854919,-80.325901,2022,Fatality
25.769909,-80.199463,2022,Serious Injury
25.893939,-80.291691,2022,Fatality
25.56649,-80.363469,2022,Serious Injury
25.774453,-80.139286,2022,Serious Injury
25.741643,-80.310975,2022,Serious Injury
25.868667,-80.226184,2022,Serious Injury
25.750961,-80.216174,2023,Serious Injury
25.924192,-80.321637,2023,Serious Injury
25.485394,-80.414336,2023,Serious Injury
25.736935,-80.327517,2023,Serious Injury
25.900528,-80.476872,2023,Fatality
25.443636,-80.474998,2023,Fatality
25.534251,-80.413022,2023,Fatality
25.867257,-80.266864,2023,Serious Injury
25.774402,-80.229065,2023,Serious Injury
25.893335,-80.243499,2023,Fatality
25.733932,-80.231347,2023,Serious Injury
25.897822,-80.247751,2023,Serious Injury
25.746787,-80.366991,2023,Serious Injury
25.950536,-80.308103,2023,Serious Injury
25.894984,-80.351241,2023,Serious Injury
25.942307,-80.308153,2024,Serious Injury
25.930942,-80.244741,2024,Serious Injury
25.909854,-80.243945,2024,Fatality
25.761332,-80.372214,2024,Serious Injury
25.835917,-80.298097,2024,Serious Injury
25.866504,-80.314909,2024,Serious Injury
25.928468,-80.319245,2019,Fatality
25.807189,-80.293435,2019,Serious Injury
25.961364,-80.187509,2019,Serious Injury
25.794552,-80.321169,2019,Serious Injury
25.814055,-80.230216,2019,Serious Injury
25.814825,-80.22421,2019,Fatality
25.925331,-80.176095,2019,Serious Injury
25.849425,-80.182759,2019,Serious Injury
25.786727,-80.176555,2019,Serious Injury
25.86308,-80.122164,2019,Serious Injury
25.945915,-80.165163,2019,Serious Injury
25.863357,-80.483908,2019,Fatality
25.88886,-80.243363,2020,Fatality
25.884085,-80.343676,2020,Serious Injury
25.955389,-80.233401,2020,Serious Injury
25.809032,-80.12743,2020,Serious Injury
25.883846,-80.20892,2020,Fatality
25.954704,-80.176712,2020,Serious Injury
25.701546,-80.354541,2020,Serious Injury
25.832376,-80.206925,2020,Serious Injury
25.779947,-80.316221,2021,Serious Injury
25.780446,-80.372244,2021,Serious Injury
25.902941,-80.187015,2021,Serious Injury
25.891758,-80.34807,2021,Serious Injury
25.796776,-80.401116,2021,Fatality
25.800439,-80.321017,2021,Serious Injury
25.791881,-80.225254,2021,Fatality
25.847463,-80.235662,2021,Fatality
25.517339,-80.43044,2021,Serious Injury
25.838069,-80.298009,2021,Serious Injury
25.930924,-80.244734,2022,Fatality
25.912056,-80.187475,2022,Serious Injury
25.884513,-80.323814,2022,Fatality
25.938843,-80.192888,2022,Serious Injury
25.912915,-80.401945,2022,Serious Injury
25.848474,-80.157183,2022,Serious Injury
25.924982,-80.305972,2022,Fatality
25.852248,-80.192999,2022,Fatality
25.911265,-80.258171,2022,Serious Injury
25.864761,-80.248605,2023,Serious Injury
25.584596,-80.413283,2023,Serious Injury
25.733777,-80.318746,2023,Serious Injury
25.929449,-80.260824,2023,Serious Injury
25.782387,-80.413899,2023,Serious Injury
25.76751,-80.207469,2023,Fatality
25.845697,-80.250055,2023,Serious Injury
25.78943,-80.194686,2023,Serious Injury
25.450119,-80.456552,2023,Fatality
25.768772,-80.213708,2023,Serious Injury
25.782366,-80.408833,2023,Fatality
25.732145,-80.260217,2023,Serious Injury
25.951605,-80.294366,2023,Serious Injury
25.904498,-80.2983,2023,Fatality
25.462648,-80.452278,2023,Serious Injury
25.782909,-80.134065,2023,Serious Injury
25.499658,-80.41227,2023,Fatality
25.875433,-80.242689,2023,Fatality
25.466193,-80.474315,2023,Fatality
25.536618,-80.40105,2024,Serious Injury
25.827602,-80.21641,2024,Fatality
25.926155,-80.155695,2024,Serious Injury
25.941725,-80.302567,2024,Serious Injury
25.798088,-80.32138,2024,Serious Injury
25.779441,-80.133733,2019,Serious Injury
25.812359,-80.239704,2019,Serious Injury
25.659725,-80.299756,2019,Serious Injury
25.865538,-80.12449,2020,Serious Injury
25.447932,-80.403267,2020,Serious Injury
25.850761,-80.206745,2020,Fatality
25.879787,-80.274987,2020,Serious Injury
25.970138,-80.229215,2020,Serious Injury
25.779235,-80.133101,2020,Serious Injury
25.705808,-80.157291,2020,Serious Injury
25.943578,-80.245378,2021,Fatality
25.590984,-80.362123,2019,Serious Injury
25.937836,-80.341686,2023,Serious Injury
25.848925,-80.207685,2021,Serious Injury
25.846272,-80.231899,2021,Serious Injury
25.563552,-80.362765,2021,Serious Injury
25.781255,-80.328515,2021,Fatality
25.700952,-80.317617,2021,Fatality
25.875594,-80.226347,2021,Serious Injury
25.751741,-80.38837,2021,Serious Injury
25.806604,-80.13938,2021,Fatality
25.844074,-80.206572,2021,Serious Injury
25.78358,-80.199696,2021,Serious Injury
25.755414,-80.254667,2021,Fatality
25.904531,-80.210049,2021,Fatality
25.801477,-80.246126,2021,Serious Injury
25.889316,-80.207614,2021,Serious Injury
25.897443,-80.235146,2021,Serious Injury
25.852912,-80.28448,2021,Serious Injury
25.837962,-80.201533,2021,Serious Injury
25.834383,-80.199705,2022,Serious Injury
25.841304,-80.266004,2022,Fatality
25.834488,-80.239197,2022,Serious Injury
25.756612,-80.230326,2022,Fatality
25.723278,-80.265962,2022,Serious Injury
25.833852,-80.321765,2023,Serious Injury
25.738759,-80.241105,2023,Serious Injury
25.743063,-80.335579,2023,Serious Injury
25.785904,-80.260678,2023,Serious Injury
25.708345,-80.284389,2023,Serious Injury
25.967386,-80.141689,2023,Serious Injury
25.92155,-80.324608,2023,Serious Injury
25.928281,-80.244736,2023,Serious Injury
25.815979,-80.122723,2023,Serious Injury
25.684167,-80.429845,2023,Fatality
25.622013,-80.32506,2023,Serious Injury
25.499644,-80.412745,2023,Serious Injury
25.686549,-80.376549,2023,Serious Injury
25.842411,-80.290201,2024,Fatality
25.910596,-80.15744,2024,Fatality
25.911772,-80.24611,2024,Serious Injury
25.595665,-80.438587,2024,Serious Injury
25.926496,-80.20615,2024,Serious Injury
25.797803,-80.219313,2024,Serious Injury
25.476719,-80.477463,2024,Serious Injury
25.96945,-80.165201,2024,Fatality
25.690212,-80.374217,2024,Serious Injury
25.88452,-80.321919,2019,Serious Injury
25.972017,-80.206174,2019,Serious Injury
25.859776,-80.272643,2019,Fatality
25.852559,-80.306432,2019,Serious Injury
25.926158,-80.14715,2019,Serious Injury
25.781159,-80.172328,2019,Fatality
25.508646,-80.43707,2019,Serious Injury
25.959987,-80.294562,2020,Serious Injury
25.908604,-80.209887,2020,Serious Injury
25.792019,-80.141264,2020,Serious Injury
25.779809,-80.228066,2020,Fatality
25.927318,-80.206624,2020,Serious Injury
25.854472,-80.184888,2020,Serious Injury
25.782999,-80.23939,2020,Fatality
25.265626,-80.43983,2020,Fatality
25.88658,-80.209016,2020,Serious Injury
25.783806,-80.274834,2020,Serious Injury
25.903483,-80.258208,2021,Fatality
25.748461,-80.40035,2021,Serious Injury
25.879523,-80.388308,2021,Serious Injury
25.884844,-80.363352,2021,Serious Injury
25.792227,-80.131884,2021,Serious Injury
25.622256,-80.495494,2021,Serious Injury
25.826052,-80.285038,2021,Fatality
25.968532,-80.2948,2021,Serious Injury
25.614555,-80.346539,2021,Serious Injury
25.946851,-80.18549,2021,Fatality
25.775433,-80.214696,2021,Serious Injury
25.829535,-80.122073,2021,Serious Injury
25.946598,-80.19715,2021,Serious Injury
25.566147,-80.381661,2021,Fatality
25.714307,-80.350967,2021,Serious Injury
25.939826,-80.350609,2021,Fatality
25.50329,-80.412972,2021,Serious Injury
25.905623,-80.209509,2021,Serious Injury
25.477237,-80.465,2022,Fatality
25.925706,-80.167862,2022,Serious Injury
25.758738,-80.38593,2022,Fatality
25.644932,-80.405447,2022,Serious Injury
25.900065,-80.17114,2022,Serious Injury
25.525453,-80.412585,2022,Serious Injury
25.884635,-80.209178,2022,Serious Injury
25.75809,-80.192674,2022,Fatality
25.732458,-80.359791,2023,Serious Injury
25.536592,-80.400535,2023,Fatality
25.913254,-80.35698,2023,Serious Injury
25.507024,-80.408975,2023,Serious Injury
25.887293,-80.142439,2023,Serious Injury
25.918191,-80.156147,2023,Serious Injury
25.911004,-80.167305,2023,Serious Injury
25.973032,-80.19769,2023,Serious Injury
25.785137,-80.263952,2023,Serious Injury
25.834912,-80.206162,2023,Serious Injury
25.791122,-80.205588,2024,Serious Injury
25.788732,-80.205041,2024,Serious Injury
25.800423,-80.32101,2024,Serious Injury
25.839715,-80.233528,2024,Fatality
25.914053,-80.209989,2024,Serious Injury
25.90803,-80.235854,2024,Serious Injury
25.530932,-80.380209,2024,Serious Injury
25.934533,-80.277128,2024,Serious Injury
25.727525,-80.25759,2024,Serious Injury
25.761808,-80.348436,2019,Serious Injury
25.628626,-80.354178,2019,Fatality
25.823922,-80.240612,2019,Serious Injury
25.932029,-80.193411,2019,Serious Injury
25.84185,-80.30612,2019,Serious Injury
25.659449,-80.480803,2019,Fatality
25.773779,-80.205256,2019,Serious Injury
25.777759,-80.164301,2019,Serious Injury
25.604014,-80.381604,2019,Fatality
25.909211,-80.209868,2019,Serious Injury
25.781858,-80.321342,2019,Serious Injury
25.839605,-80.322276,2019,Serious Injury
25.893516,-80.211046,2019,Serious Injury
25.811292,-80.18487,2019,Serious Injury
25.825371,-80.191862,2019,Serious Injury
25.76558,-80.224253,2020,Serious Injury
25.810454,-80.161421,2020,Serious Injury
25.891513,-80.182486,2020,Serious Injury
25.927636,-80.204421,2020,Fatality
25.826122,-80.18688,2020,Serious Injury
25.809948,-80.211275,2020,Serious Injury
25.891515,-80.324635,2020,Serious Injury
25.827431,-80.286883,2020,Serious Injury
25.809392,-80.23053,2021,Fatality
25.614467,-80.328953,2021,Serious Injury
25.853486,-80.241931,2021,Serious Injury
25.816285,-80.206537,2021,Serious Injury
25.784358,-80.175378,2021,Serious Injury
25.914328,-80.209988,2021,Serious Injury
25.752293,-80.287447,2021,Fatality
25.767638,-80.216169,2021,Serious Injury
25.845337,-80.207128,2021,Serious Injury
25.846601,-80.241686,2021,Fatality
25.77567,-80.369043,2021,Serious Injury
25.68779,-80.338945,2022,Fatality
25.811749,-80.189337,2022,Serious Injury
25.964548,-80.235301,2022,Fatality
25.780165,-80.312247,2022,Serious Injury
25.783598,-80.234027,2022,Serious Injury
25.890154,-80.235066,2022,Serious Injury
25.855993,-80.125076,2022,Serious Injury
25.813055,-80.232297,2023,Serious Injury
25.808947,-80.291344,2023,Serious Injury
25.77384,-80.31394,2023,Serious Injury
25.899399,-80.18669,2023,Serious Injury
25.648191,-80.415754,2023,Serious Injury
25.934014,-80.215001,2023,Serious Injury
25.869573,-80.208664,2023,Serious Injury
25.477144,-80.465059,2023,Fatality
25.843396,-80.209089,2023,Serious Injury
25.755169,-80.254821,2023,Serious Injury
25.848388,-80.173094,2023,Fatality
25.778759,-80.271931,2023,Fatality
25.521989,-80.388147,2023,Serious Injury
25.84747,-80.196849,2023,Serious Injury
25.729516,-80.257757,2024,Serious Injury
25.442494,-80.474986,2024,Serious Injury
25.934256,-80.150853,2024,Fatality
25.825445,-80.191746,2024,Serious Injury
25.850251,-80.225515,2024,Serious Injury
25.704341,-80.289823,2024,Serious Injury
25.754235,-80.209971,2024,Serious Injury
25.781755,-80.329052,2024,Serious Injury
25.789702,-80.185309,2019,Fatality
25.765298,-80.234502,2019,Serious Injury
25.967051,-80.145396,2019,Serious Injury
25.785556,-80.262763,2019,Serious Injury
25.891486,-80.339914,2019,Serious Injury
25.955809,-80.146749,2019,Serious Injury
25.715099,-80.374924,2019,Serious Injury
25.87704,-80.312834,2019,Serious Injury
25.734409,-80.318816,2019,Serious Injury
25.820786,-80.2421,2020,Serious Injury
25.73381,-80.290665,2020,Serious Injury
25.833821,-80.12888,2020,Fatality
25.957667,-80.197705,2020,Serious Injury
25.811496,-80.186073,2020,Serious Injury
25.967259,-80.145318,2020,Serious Injury
25.812691,-80.189168,2020,Serious Injury
25.712388,-80.268022,2020,Serious Injury
25.869166,-80.209686,2020,Serious Injury
25.831976,-80.218182,2020,Serious Injury
25.895097,-80.35181,2020,Serious Injury
25.83785,-80.225202,2020,Fatality
25.716361,-80.345827,2021,Serious Injury
25.763492,-80.287869,2021,Serious Injury
25.683589,-80.416423,2021,Serious Injury
25.878764,-80.356979,2021,Serious Injury
25.531557,-80.375102,2021,Serious Injury
25.714125,-80.283305,2021,Serious Injury
25.488328,-80.452925,2021,Serious Injury
25.871995,-80.201948,2021,Serious Injury
25.777967,-80.288803,2021,Fatality
25.685409,-80.41233,2022,Serious Injury
25.921631,-80.211939,2022,Serious Injury
25.482016,-80.462885,2022,Serious Injury
25.813887,-80.229396,2022,Serious Injury
25.827069,-80.211344,2022,Serious Injury
25.824884,-80.191826,2022,Serious Injury
25.56655,-80.352102,2022,Serious Injury
25.957749,-80.171559,2023,Serious Injury
25.809096,-80.239767,2023,Serious Injury
25.922047,-80.26853,2023,Fatality
25.669855,-80.442192,2023,Fatality
25.73318,-80.313708,2023,Serious Injury
25.62118,-80.324946,2023,Serious Injury
25.551541,-80.380355,2023,Serious Injury
25.773431,-80.21631,2023,Serious Injury
25.672194,-80.377012,2023,Serious Injury
25.846102,-80.241657,2023,Serious Injury
25.912909,-80.211626,2023,Serious Injury
25.686921,-80.364016,2023,Serious Injury
25.802162,-80.205568,2023,Serious Injury
25.884143,-80.318674,2023,Fatality
25.837805,-80.300598,2023,Serious Injury
25.776088,-80.320734,2024,Serious Injury
25.740123,-80.237764,2024,Serious Injury
25.811839,-80.248479,2024,Serious Injury
25.831885,-80.219421,2024,Serious Injury
25.644102,-80.325963,2024,Serious Injury
25.801382,-80.190932,2024,Serious Injury
25.772705,-80.224896,2024,Serious Injury
25.822015,-80.279441,2024,Serious Injury
25.718281,-80.272345,2019,Serious Injury
25.685342,-80.413874,2019,Serious Injury
25.716705,-80.334986,2019,Serious Injury
25.812182,-80.243164,2019,Serious Injury
25.942291,-80.306623,2019,Serious Injury
25.799125,-80.256289,2019,Serious Injury
25.520502,-80.483295,2019,Serious Injury
25.765549,-80.255161,2019,Serious Injury
25.897029,-80.124586,2019,Serious Injury
25.937469,-80.197057,2019,Serious Injury
25.896647,-80.259726,2019,Serious Injury
25.905573,-80.292245,2019,Fatality
25.958156,-80.246186,2019,Serious Injury
25.577537,-80.376566,2020,Fatality
25.775743,-80.138785,2020,Serious Injury
25.538652,-80.408754,2020,Serious Injury
25.965919,-80.205854,2020,Fatality
25.687437,-80.349482,2020,Fatality
25.868933,-80.322876,2020,Fatality
25.816182,-80.206002,2020,Fatality
25.927401,-80.156003,2020,Serious Injury
25.951955,-80.278111,2020,Fatality
25.948195,-80.184252,2020,Fatality
25.837237,-80.281769,2020,Serious Injury
25.840163,-80.192515,2020,Serious Injury
25.940371,-80.245224,2021,Fatality
25.947122,-80.272839,2021,Fatality
25.844141,-80.206602,2021,Serious Injury
25.868358,-80.242518,2021,Serious Injury
25.742902,-80.172562,2021,Serious Injury
25.873383,-80.331077,2021,Serious Injury
25.748806,-80.416354,2021,Serious Injury
25.90642,-80.349106,2021,Serious Injury
25.823929,-80.240758,2021,Serious Injury
25.680874,-80.335382,2021,Serious Injury
25.929549,-80.257762,2021,Serious Injury
25.715585,-80.26121,2021,Serious Injury
25.685532,-80.408465,2022,Serious Injury
25.760479,-80.30382,2022,Serious Injury
25.521322,-80.459799,2022,Fatality
25.922592,-80.244591,2022,Serious Injury
25.924605,-80.316548,2022,Serious Injury
25.834484,-80.255555,2022,Serious Injury
25.62767,-80.373568,2022,Fatality
25.941023,-80.237355,2022,Serious Injury
25.838735,-80.302203,2022,Fatality
25.814509,-80.123194,2022,Serious Injury
25.864992,-80.178195,2022,Fatality
25.811195,-80.195334,2022,Serious Injury
25.631651,-80.414761,2022,Fatality
25.76087,-80.40124,2023,Serious Injury
25.63776,-80.48818,2023,Serious Injury
25.963524,-80.147063,2023,Serious Injury
25.96797,-80.251983,2023,Serious Injury
25.779435,-80.140861,2023,Serious Injury
25.764925,-80.214483,2023,Serious Injury
25.931863,-80.26898,2023,Serious Injury
25.778818,-80.385765,2023,Serious Injury
25.944993,-80.14596,2023,Serious Injury
25.859549,-80.193254,2023,Serious Injury
25.914893,-80.234121,2024,Serious Injury
25.810897,-80.141217,2024,Serious Injury
25.773281,-80.353629,2024,Serious Injury
25.926225,-80.246141,2024,Serious Injury
25.775495,-80.190309,2024,Serious Injury
25.897273,-80.242976,2024,Serious Injury
25.80835,-80.267655,2024,Serious Injury
25.8785,-80.323308,2024,Serious Injury
25.844822,-80.272236,2024,Fatality
25.867874,-80.322828,2024,Serious Injury
25.750321,-80.238161,2024,Fatality
25.881293,-80.218558,2024,Fatality
25.960158,-80.14197,2024,Serious Injury
25.447369,-80.558119,2024,Fatality
25.846929,-80.225392,2024,Serious Injury
25.786842,-80.202624,2019,Serious Injury
25.811685,-80.313237,2019,Serious Injury
25.828549,-80.262958,2019,Serious Injury
25.945851,-80.166788,2019,Serious Injury
25.536494,-80.411382,2019,Serious Injury
25.924658,-80.31348,2019,Fatality
25.791694,-80.3289,2019,Serious Injury
25.54393,-80.403586,2019,Fatality
25.928648,-80.188316,2019,Serious Injury
25.853524,-80.141874,2019,Fatality
25.847864,-80.207869,2019,Serious Injury
25.608833,-80.478978,2019,Serious Injury
25.926738,-80.235884,2020,Serious Injury
25.674519,-80.481257,2020,Serious Injury
25.916707,-80.325038,2020,Serious Injury
25.561445,-80.494409,2020,Serious Injury
25.899565,-80.211275,2020,Fatality
25.642385,-80.315657,2020,Serious Injury
25.896789,-80.351326,2020,Fatality
25.934348,-80.121668,2020,Fatality
25.847214,-80.203975,2020,Serious Injury
25.900453,-80.241503,2020,Serious Injury
25.86011,-80.120993,2020,Serious Injury
25.785828,-80.254399,2020,Serious Injury
25.840375,-80.225265,2020,Serious Injury
25.707047,-80.259599,2020,Serious Injury
25.911215,-80.324788,2020,Serious Injury
25.827921,-80.200136,2020,Serious Injury
25.538489,-80.408919,2020,Serious Injury
25.840147,-80.192292,2020,Serious Injury
25.785167,-80.130834,2021,Serious Injury
25.580755,-80.367366,2021,Serious Injury
25.972237,-80.220391,2021,Fatality
25.949642,-80.209462,2021,Serious Injury
25.867629,-80.323301,2021,Fatality
25.943106,-80.196971,2021,Serious Injury
25.922185,-80.210279,2021,Serious Injury
25.519063,-80.411236,2021,Serious Injury
25.790805,-80.155488,2021,Serious Injury
25.850401,-80.274559,2021,Serious Injury
25.945373,-80.175829,2022,Serious Injury
25.644355,-80.415286,2022,Fatality
25.952333,-80.302258,2022,Fatality
25.862543,-80.314639,2022,Serious Injury
25.690783,-80.365939,2022,Serious Injury
25.920857,-80.210742,2022,Serious Injury
25.846405,-80.207726,2022,Serious Injury
25.687493,-80.30996,2022,Serious Injury
25.752309,-80.258641,2023,Serious Injury
25.810076,-80.240164,2023,Fatality
25.513457,-80.432571,2023,Fatality
25.818417,-80.201775,2023,Serious Injury
25.797917,-80.211137,2023,Serious Injury
25.718562,-80.3023,2023,Serious Injury
25.831763,-80.223045,2023,Serious Injury
25.822193,-80.248874,2023,Serious Injury
25.748054,-80.318422,2023,Fatality
25.817205,-80.325507,2024,Serious Injury
25.49964,-80.412425,2024,Fatality
25.940482,-80.245294,2024,Serious Injury
25.949214,-80.219873,2024,Serious Injury
25.838745,-80.386993,2024,Serious Injury
25.771222,-80.207654,2024,Fatality
25.793472,-80.20033,2024,Serious Injury
25.800467,-80.205349,2024,Serious Injury
25.907932,-80.236042,2019,Serious Injury
25.899277,-80.347288,2019,Serious Injury
25.816875,-80.23034,2019,Serious Injury
25.608702,-80.478974,2019,Serious Injury
25.81119,-80.139865,2019,Serious Injury
25.733111,-80.161883,2019,Serious Injury
25.942543,-80.347039,2019,Serious Injury
25.898651,-80.300023,2019,Serious Injury
25.840711,-80.325199,2019,Fatality
25.726144,-80.29438,2019,Serious Injury
25.821172,-80.232498,2019,Serious Injury
25.671722,-80.390615,2019,Serious Injury
25.83089,-80.205692,2019,Serious Injury
25.544451,-80.372065,2019,Serious Injury
25.763734,-80.191235,2019,Serious Injury
25.685834,-80.39894,2020,Serious Injury
25.8428,-80.284097,2020,Serious Injury
25.885202,-80.263202,2020,Serious Injury
25.96305,-80.146907,2020,Serious Injury
25.624443,-80.379096,2020,Fatality
25.899225,-80.323933,2020,Serious Injury
25.855089,-80.132867,2020,Serious Injury
25.866544,-80.306978,2020,Serious Injury
25.770706,-80.291201,2020,Serious Injury
25.491731,-80.485623,2020,Fatality
25.7253,-80.383601,2020,Serious Injury
25.823681,-80.248528,2020,Fatality
25.963351,-80.205793,2020,Fatality
25.772668,-80.193501,2020,Serious Injury
25.799395,-80.207049,2020,Serious Injury
25.629625,-80.311172,2021,Serious Injury
25.734737,-80.261987,2021,Serious Injury
25.866257,-80.282279,2021,Serious Injury
25.877018,-80.304887,2021,Serious Injury
25.928195,-80.42187,2019,Serious Injury
25.581557,-80.348996,2021,Serious Injury
25.449197,-80.502232,2021,Fatality
25.810063,-80.207539,2021,Fatality
25.802052,-80.320922,2021,Serious Injury
25.683788,-80.462108,2021,Fatality
25.781197,-80.352744,2022,Fatality
25.943419,-80.430721,2022,Fatality
25.790915,-80.295869,2022,Serious Injury
25.967895,-80.144915,2022,Serious Injury
25.808613,-80.257461,2022,Serious Injury
25.7034,-80.30956,2022,Serious Injury
25.746149,-80.192113,2022,Fatality
25.77898,-80.255304,2022,Serious Injury
25.603527,-80.35045,2022,Serious Injury
25.945736,-80.120933,2022,Serious Injury
25.678877,-80.388931,2022,Fatality
25.761823,-80.336078,2023,Serious Injury
25.80924,-80.317038,2023,Fatality
25.831365,-80.237541,2023,Fatality
25.823755,-80.275327,2023,Fatality
25.882603,-80.126851,2023,Serious Injury
25.787093,-80.222937,2023,Serious Injury
25.951885,-80.24593,2023,Serious Injury
25.733335,-80.302867,2023,Serious Injury
25.92591,-80.208687,2023,Serious Injury
25.863598,-80.266652,2023,Fatality
25.945281,-80.436132,2023,Serious Injury
25.538159,-80.372044,2023,Fatality
25.771098,-80.190088,2023,Serious Injury
25.723998,-80.335333,2023,Serious Injury
25.506573,-80.412557,2024,Fatality
25.958668,-80.170136,2024,Serious Injury
25.780411,-80.320505,2024,Serious Injury
25.855257,-80.306751,2024,Serious Injury
25.866038,-80.22599,2024,Fatality
25.783125,-80.239558,2024,Serious Injury
25.787676,-80.206976,2024,Serious Injury
25.628243,-80.38046,2024,Serious Injury
25.919183,-80.233491,2024,Serious Injury
25.9496,-80.245808,2019,Serious Injury
25.971754,-80.246743,2019,Serious Injury
25.832888,-80.281715,2019,Serious Injury
25.621158,-80.479424,2019,Serious Injury
25.883019,-80.226793,2019,Serious Injury
25.850765,-80.237804,2019,Serious Injury
25.526573,-80.42075,2019,Serious Injury
25.916628,-80.32502,2019,Serious Injury
25.734572,-80.268508,2019,Serious Injury
25.861632,-80.274669,2019,Serious Injury
25.509736,-80.431971,2019,Serious Injury
25.884157,-80.33221,2019,Serious Injury
25.746954,-80.363218,2020,Serious Injury
25.461967,-80.475143,2020,Serious Injury
25.738786,-80.254142,2020,Serious Injury
25.531323,-80.477971,2020,Serious Injury
25.781721,-80.140939,2020,Serious Injury
25.823021,-80.265149,2020,Serious Injury
25.625535,-80.433295,2020,Fatality
25.823397,-80.240667,2020,Serious Injury
25.911882,-80.38919,2020,Serious Injury
25.761711,-80.344194,2020,Fatality
25.484585,-80.460947,2020,Serious Injury
25.659756,-80.298503,2020,Serious Injury
25.682822,-80.430655,2021,Serious Injury
25.808254,-80.266921,2021,Serious Injury
25.735543,-80.237613,2021,Serious Injury
25.904625,-80.32449,2021,Serious Injury
25.889424,-80.243239,2021,Serious Injury
25.833356,-80.261622,2021,Fatality
25.927983,-80.206089,2021,Serious Injury
25.858629,-80.208046,2021,Serious Injury
25.909123,-80.2116,2021,Serious Injury
25.480745,-80.477461,2021,Serious Injury
25.964742,-80.165438,2021,Serious Injury
25.671406,-80.4002,2021,Serious Injury
25.832544,-80.205746,2021,Serious Injury
25.79829,-80.132236,2021,Serious Injury
25.761065,-80.489848,2021,Serious Injury
25.958141,-80.294505,2022,Serious Injury
25.855118,-80.274783,2022,Serious Injury
25.956402,-80.176645,2022,Serious Injury
25.868242,-80.234331,2022,Serious Injury
25.711292,-80.293731,2022,Serious Injury
25.829635,-80.232756,2022,Serious Injury
25.666041,-80.334831,2022,Serious Injury
25.715267,-80.384092,2022,Serious Injury
25.772415,-80.21796,2022,Serious Injury
25.778327,-80.222742,2022,Serious Injury
25.92645,-80.279089,2022,Serious Injury
25.761046,-80.481395,2022,Serious Injury
25.86813,-80.245164,2022,Serious Injury
25.948098,-80.43385,2022,Fatality
25.491698,-80.454173,2023,Serious Injury
25.705107,-80.414717,2023,Serious Injury
25.855613,-80.322659,2023,Serious Injury
25.794354,-80.240393,2023,Serious Injury
25.757481,-80.320715,2023,Fatality
25.76336,-80.294935,2023,Serious Injury
25.685405,-80.417265,2023,Serious Injury
25.770974,-80.200978,2023,Serious Injury
25.808703,-80.254729,2023,Fatality
25.82001,-80.240708,2023,Fatality
25.674543,-80.294489,2023,Fatality
25.817549,-80.24865,2023,Fatality
25.764645,-80.25429,2023,Fatality
25.785616,-80.255863,2024,Serious Injury
25.886413,-80.210921,2024,Fatality
25.922485,-80.122504,2024,Serious Injury
25.943119,-80.162642,2024,Serious Injury
25.847428,-80.235665,2024,Serious Injury
25.788502,-80.321049,2024,Serious Injury
25.784645,-80.266757,2024,Fatality
25.849418,-80.200227,2024,Serious Injury
25.788436,-80.130328,2019,Serious Injury
25.668417,-80.368662,2019,Serious Injury
25.781819,-80.339877,2019,Fatality
25.790246,-80.141204,2019,Fatality
25.932113,-80.350933,2019,Fatality
25.751329,-80.204746,2019,Serious Injury
25.953999,-80.146665,2019,Serious Injury
25.589093,-80.359415,2019,Serious Injury
25.8549,-80.129398,2019,Fatality
25.889807,-80.209153,2019,Serious Injury
25.481594,-80.433245,2019,Fatality
25.96857,-80.20594,2020,Fatality
25.594836,-80.355842,2020,Serious Injury
25.688662,-80.308537,2020,Serious Injury
25.805099,-80.385406,2020,Fatality
25.617905,-80.310594,2020,Serious Injury
25.847269,-80.201758,2020,Serious Injury
25.955447,-80.245909,2021,Serious Injury
25.749785,-80.262734,2021,Serious Injury
25.785882,-80.176349,2021,Fatality
25.934836,-80.200145,2021,Fatality
25.88938,-80.151298,2021,Serious Injury
25.902885,-80.242996,2021,Fatality
25.718931,-80.285925,2021,Serious Injury
25.964468,-80.165468,2021,Serious Injury
25.690024,-80.349426,2021,Serious Injury
25.78333,-80.222779,2021,Serious Injury
25.798952,-80.129793,2021,Serious Injury
25.810856,-80.240236,2021,Serious Injury
25.87708,-80.328713,2021,Serious Injury
25.924787,-80.312398,2022,Fatality
25.530765,-80.416482,2022,Fatality
25.938797,-80.245274,2022,Serious Injury
25.887836,-80.312393,2022,Serious Injury
25.897052,-80.351266,2022,Serious Injury
25.846217,-80.239595,2022,Serious Injury
25.824719,-80.244872,2022,Serious Injury
25.869283,-80.209989,2022,Serious Injury
25.871798,-80.218154,2022,Serious Injury
25.939254,-80.293938,2022,Serious Injury
25.969437,-80.206218,2023,Fatality
25.884122,-80.327367,2023,Fatality
25.942311,-80.307868,2023,Serious Injury
25.882541,-80.243145,2023,Fatality
25.790482,-80.243762,2023,Fatality
25.816363,-80.191533,2023,Serious Injury
25.613215,-80.36581,2023,Serious Injury
25.909086,-80.396878,2024,Serious Injury
25.602559,-80.369108,2024,Serious Injury
25.939823,-80.277327,2024,Serious Injury
25.651273,-80.334397,2024,Fatality
25.84795,-80.3143,2024,Fatality
25.779445,-80.242285,2024,Serious Injury
25.753767,-80.258816,2024,Serious Injury
25.827705,-80.386592,2024,Fatality
25.945974,-80.18632,2024,Fatality
25.879277,-80.355462,2019,Serious Injury
25.884079,-80.202282,2019,Serious Injury
25.765955,-80.210389,2019,Serious Injury
25.55091,-80.447575,2019,Serious Injury
25.775809,-80.135779,2019,Serious Injury
25.899264,-80.203904,2019,Serious Injury
25.784051,-80.289322,2019,Serious Injury
25.897465,-80.235163,2019,Serious Injury
25.77684,-80.2311,2019,Serious Injury
25.862458,-80.208126,2019,Serious Injury
25.924997,-80.295476,2019,Serious Injury
25.73971,-80.15772,2020,Fatality
25.662541,-80.373386,2020,Serious Injury
25.968341,-80.294829,2020,Serious Injury
25.832816,-80.241118,2020,Fatality
25.939948,-80.269418,2020,Serious Injury
25.801484,-80.197261,2020,Serious Injury
25.845676,-80.250163,2020,Fatality
25.772516,-80.288171,2020,Serious Injury
25.798359,-80.231625,2020,Serious Injury
25.955392,-80.23342,2020,Serious Injury
25.601061,-80.511073,2020,Fatality
25.803915,-80.321015,2020,Serious Injury
25.897443,-80.235146,2020,Serious Injury
25.705783,-80.28761,2020,Serious Injury
25.794777,-80.353039,2020,Fatality
25.673222,-80.444188,2021,Serious Injury
25.766954,-80.207432,2021,Serious Injury
25.877035,-80.307165,2021,Serious Injury
25.6367,-80.337362,2021,Serious Injury
25.847412,-80.197365,2021,Serious Injury
25.671697,-80.39171,2021,Serious Injury
25.784226,-80.368271,2021,Serious Injury
25.899045,-80.209632,2021,Serious Injury
25.562645,-80.372139,2021,Serious Injury
25.724824,-80.263605,2019,Serious Injury
25.507836,-80.438066,2019,Fatality
25.461751,-80.484321,2019,Serious Injury
25.914813,-80.163392,2019,Serious Injury
25.686455,-80.385015,2020,Fatality
25.829535,-80.122073,2020,Serious Injury
25.739759,-80.238171,2020,Serious Injury
25.891521,-80.347161,2020,Serious Injury
25.565377,-80.465309,2020,Fatality
25.965429,-80.205852,2020,Serious Injury
25.789556,-80.204654,2020,Fatality
25.596278,-80.373075,2020,Fatality
25.847871,-80.183703,2020,Fatality
25.625413,-80.379126,2020,Serious Injury
25.59497,-80.374324,2020,Fatality
25.916227,-80.19982,2021,Serious Injury
25.806381,-80.232009,2021,Fatality
25.884245,-80.379813,2021,Serious Injury
25.629273,-80.340807,2022,Serious Injury
25.945729,-80.233466,2022,Serious Injury
25.849182,-80.241779,2022,Fatality
25.724951,-80.286137,2022,Serious Injury
25.905792,-80.172694,2022,Serious Injury
25.765905,-80.189497,2022,Serious Injury
25.817993,-80.224272,2022,Serious Injury
25.939643,-80.277404,2022,Serious Injury
25.89874,-80.243578,2022,Serious Injury
25.794651,-80.207037,2022,Serious Injury
25.926775,-80.212015,2022,Serious Injury
25.869953,-80.34394,2022,Serious Injury
25.760887,-80.481855,2022,Serious Injury
25.875567,-80.307182,2022,Serious Injury
25.909589,-80.324886,2022,Serious Injury
25.776127,-80.386094,2022,Fatality
25.803565,-80.231876,2022,Fatality
25.774436,-80.134522,2022,Serious Injury
25.925406,-80.170014,2022,Serious Injury
25.812321,-80.127007,2023,Serious Injury
25.827681,-80.236886,2023,Serious Injury
25.67754,-80.360406,2023,Serious Injury
25.961987,-80.166439,2023,Serious Injury
25.943247,-80.162831,2023,Serious Injury
25.740355,-80.335777,2023,Serious Injury
25.685301,-80.420039,2023,Serious Injury
25.554865,-80.362812,2023,Fatality
25.815502,-80.195514,2023,Serious Injury
25.557375,-80.543105,2023,Serious Injury
25.865035,-80.23413,2023,Serious Injury
25.729296,-80.412288,2023,Fatality
25.716906,-80.27378,2024,Serious Injury
25.886583,-80.365674,2024,Fatality
25.955358,-80.175738,2024,Serious Injury
25.472655,-80.468648,2024,Serious Injury
25.626209,-80.412771,2024,Fatality
25.829768,-80.2058,2024,Serious Injury
25.685756,-80.399087,2024,Serious Injury
25.783336,-80.338747,2019,Serious Injury
25.778637,-80.204575,2019,Serious Injury
25.746541,-80.480831,2019,Serious Injury
25.656289,-80.416207,2019,Serious Injury
25.760206,-80.409808,2019,Serious Injury
25.580989,-80.372831,2019,Serious Injury
25.901146,-80.186904,2019,Serious Injury
25.579321,-80.345835,2019,Serious Injury
25.685471,-80.409927,2019,Serious Injury
25.823986,-80.238818,2020,Serious Injury
25.781489,-80.174394,2020,Serious Injury
25.785683,-80.190057,2020,Serious Injury
25.90221,-80.387219,2020,Serious Injury
25.832546,-80.265608,2020,Fatality
25.681154,-80.416695,2020,Serious Injury
25.772092,-80.321391,2020,Serious Injury
25.559375,-80.372151,2020,Serious Injury
25.772423,-80.217776,2020,Fatality
25.783239,-80.288415,2020,Serious Injury
25.683463,-80.313995,2020,Serious Injury
25.832708,-80.2938,2021,Fatality
25.761381,-80.360601,2021,Fatality
25.883103,-80.243035,2021,Serious Injury
25.897464,-80.235428,2021,Fatality
25.786846,-80.264155,2021,Serious Injury
25.942478,-80.188748,2021,Serious Injury
25.517961,-80.427923,2021,Serious Injury
25.902843,-80.182966,2021,Serious Injury
25.460609,-80.477234,2021,Fatality
25.851632,-80.241866,2021,Serious Injury
25.771206,-80.277579,2021,Serious Injury
25.597919,-80.372411,2021,Fatality
25.83227,-80.206265,2021,Serious Injury
25.812538,-80.386287,2022,Fatality
25.73283,-80.31863,2022,Serious Injury
25.884656,-80.303191,2022,Serious Injury
25.81886,-80.206512,2022,Serious Injury
25.819466,-80.188782,2022,Serious Injury
25.537475,-80.339465,2022,Serious Injury
25.926521,-80.2434,2022,Serious Injury
25.970236,-80.165672,2023,Serious Injury
25.925525,-80.26058,2023,Serious Injury
25.536101,-80.452397,2023,Serious Injury
25.844301,-80.206654,2023,Serious Injury
25.729016,-80.4202,2023,Fatality
25.778487,-80.206711,2023,Serious Injury
25.900029,-80.160643,2023,Serious Injury
25.926049,-80.260743,2024,Serious Injury
25.695631,-80.30931,2024,Serious Injury
25.739781,-80.238041,2024,Serious Injury
25.550203,-80.515227,2024,Serious Injury
25.796707,-80.129783,2024,Serious Injury
25.784605,-80.296934,2024,Serious Injury
25.866709,-80.322487,2024,Serious Injury
25.787058,-80.189139,2024,Serious Injury
25.704585,-80.366197,2024,Serious Injury
25.880485,-80.218507,2024,Fatality
25.958695,-80.186421,2019,Serious Injury
25.775513,-80.369474,2019,Serious Injury
25.869989,-80.343666,2019,Fatality
25.890156,-80.209171,2019,Serious Injury
25.558873,-80.384466,2019,Serious Injury
25.924791,-80.315281,2019,Fatality
25.926185,-80.155715,2019,Serious Injury
25.531516,-80.477972,2019,Serious Injury
25.82786,-80.191802,2019,Serious Injury
25.68367,-80.416581,2019,Serious Injury
25.825811,-80.267304,2019,Serious Injury
25.542657,-80.372065,2019,Serious Injury
25.419984,-80.464389,2019,Serious Injury
25.924537,-80.209719,2019,Serious Injury
25.823669,-80.248889,2020,Serious Injury
25.791099,-80.219034,2020,Serious Injury
25.772223,-80.24289,2020,Fatality
25.846208,-80.233967,2020,Serious Injury
25.957642,-80.197988,2020,Serious Injury
25.772225,-80.198262,2020,Serious Injury
25.808262,-80.240313,2020,Fatality
25.718079,-80.423303,2020,Serious Injury
25.50874,-80.436971,2020,Serious Injury
25.799094,-80.13076,2020,Serious Injury
25.710659,-80.375719,2020,Fatality
25.459029,-80.493484,2020,Serious Injury
25.671909,-80.384138,2021,Serious Injury
25.659825,-80.393099,2021,Serious Injury
25.775667,-80.207794,2021,Fatality
25.869574,-80.371156,2021,Serious Injury
25.817901,-80.358853,2021,Serious Injury
25.798621,-80.138132,2021,Serious Injury
25.775455,-80.482096,2021,Serious Injury
25.821802,-80.216191,2021,Fatality
25.686004,-80.393647,2021,Serious Injury
25.896342,-80.161571,2022,Fatality
25.814491,-80.232192,2022,Fatality
25.870228,-80.208934,2022,Fatality
25.88583,-80.13121,2022,Serious Injury
25.764715,-80.25406,2022,Serious Injury
25.946877,-80.143696,2022,Serious Injury
25.943389,-80.245528,2022,Serious Injury
25.964574,-80.171178,2022,Serious Injury
25.842382,-80.206037,2023,Serious Injury
25.840776,-80.121208,2023,Serious Injury
25.919618,-80.218316,2023,Serious Injury
25.899978,-80.160615,2023,Fatality
25.660141,-80.283775,2023,Serious Injury
25.780165,-80.31124,2023,Serious Injury
25.687242,-80.354013,2023,Fatality
25.902042,-80.174871,2023,Fatality
25.809456,-80.228071,2023,Fatality
25.83808,-80.225294,2023,Serious Injury
25.528367,-80.486079,2023,Fatality
25.749685,-80.390177,2023,Serious Injury
25.967857,-80.145179,2024,Serious Injury
25.536385,-80.41126,2024,Serious Injury
25.58077,-80.409232,2024,Serious Injury
25.551937,-80.413081,2024,Serious Injury
25.817249,-80.232289,2024,Fatality
25.859875,-80.119762,2024,Fatality
25.690078,-80.278666,2024,Serious Injury
25.76097,-80.48133,2019,Fatality
25.930444,-80.20584,2019,Serious Injury
25.88364,-80.214845,2019,Serious Injury
25.83649,-80.192347,2019,Serious Injury
25.947368,-80.146883,2019,Serious Injury
25.672889,-80.320523,2019,Fatality
25.77224,-80.222661,2019,Serious Injury
25.830089,-80.275562,2019,Fatality
25.935369,-80.24511,2019,Serious Injury
25.598398,-80.36054,2019,Serious Injury
25.92608,-80.204255,2019,Serious Injury
25.898168,-80.308071,2019,Serious Injury
25.823733,-80.24653,2019,Fatality
25.804268,-80.369217,2019,Serious Injury
25.580791,-80.409165,2019,Fatality
25.94254,-80.181725,2019,Fatality
25.686446,-80.379167,2020,Serious Injury
25.774502,-80.134003,2020,Serious Injury
25.840766,-80.304184,2020,Fatality
25.925907,-80.164438,2020,Serious Injury
25.925233,-80.289914,2020,Serious Injury
25.67816,-80.390349,2020,Serious Injury
25.809754,-80.217329,2020,Serious Injury
25.751011,-80.390458,2020,Serious Injury
25.790775,-80.189017,2021,Serious Injury
25.946005,-80.209325,2021,Serious Injury
25.82009,-80.248726,2021,Fatality
25.755777,-80.262928,2021,Serious Injury
25.447773,-80.493629,2021,Serious Injury
25.809311,-80.205819,2021,Serious Injury
25.921669,-80.21039,2021,Serious Injury
25.577871,-80.396961,2021,Serious Injury
25.742894,-80.229574,2021,Fatality
25.831439,-80.234976,2021,Serious Injury
25.820999,-80.278244,2022,Serious Injury
25.531194,-80.37197,2022,Serious Injury
25.873973,-80.323095,2022,Serious Injury
25.444105,-80.485321,2022,Serious Injury
25.901216,-80.241609,2022,Fatality
25.786145,-80.202249,2022,Serious Injury
25.937147,-80.204829,2022,Serious Injury
25.749379,-80.262722,2022,Fatality
25.818804,-80.275286,2022,Serious Injury
25.600738,-80.352989,2022,Serious Injury
25.913602,-80.465073,2022,Fatality
25.860988,-80.234166,2022,Serious Injury
25.959668,-80.229466,2023,Fatality
25.681708,-80.415604,2023,Serious Injury
25.655563,-80.430984,2023,Serious Injury
25.727184,-80.375475,2023,Serious Injury
25.729583,-80.403585,2023,Serious Injury
25.736964,-80.254139,2023,Fatality
25.827045,-80.206879,2023,Fatality
25.942553,-80.204754,2024,Serious Injury
25.792605,-80.321173,2024,Serious Injury
25.872766,-80.193834,2024,Serious Injury
25.941991,-80.182485,2024,Fatality
25.775937,-80.160436,2024,Serious Injury
25.792172,-80.132021,2024,Serious Injury
25.793484,-80.200302,2024,Serious Injury
25.816893,-80.230345,2024,Serious Injury
25.724062,-80.335339,2024,Serious Injury
25.452939,-80.476074,2024,Serious Injury
25.784045,-80.131015,2024,Serious Injury
25.825022,-80.20617,2024,Serious Injury
25.791905,-80.143935,2024,Serious Injury
25.759518,-80.254937,2019,Serious Injury
25.946135,-80.162584,2019,Fatality
25.726966,-80.26094,2019,Serious Injury
25.628876,-80.34355,2019,Serious Injury
25.881534,-80.2994,2019,Serious Injury
25.840624,-80.289995,2019,Serious Injury
25.884138,-80.307555,2019,Serious Injury
25.960635,-80.16783,2019,Serious Injury
25.78046,-80.140893,2019,Serious Injury
25.448004,-80.347419,2019,Serious Injury
25.537769,-80.42092,2019,Serious Injury
25.869284,-80.209718,2019,Serious Injury
25.926864,-80.122223,2020,Serious Injury
25.930214,-80.205484,2020,Fatality
25.867003,-80.281269,2020,Serious Injury
25.510034,-80.477702,2020,Fatality
25.961695,-80.211049,2020,Serious Injury
25.536817,-80.390311,2020,Serious Injury
25.938802,-80.350562,2020,Serious Injury
25.729074,-80.431763,2020,Serious Injury
25.705002,-80.271538,2020,Serious Injury
25.521639,-80.424479,2020,Serious Injury
25.518147,-80.408494,2020,Fatality
25.78913,-80.202083,2020,Serious Injury
25.831645,-80.224935,2021,Serious Injury
25.903691,-80.209961,2021,Serious Injury
25.811999,-80.234564,2021,Serious Injury
25.864591,-80.242317,2021,Serious Injury
25.785444,-80.190632,2021,Serious Injury
25.671392,-80.400551,2021,Serious Injury
25.841144,-80.298085,2021,Serious Injury
25.774881,-80.841708,2021,Serious Injury
25.958007,-80.249809,2021,Serious Injury
25.8198,-80.206134,2021,Serious Injury
25.906067,-80.392681,2022,Fatality
25.945901,-80.233476,2022,Serious Injury
25.875683,-80.226379,2022,Serious Injury
25.885738,-80.208839,2022,Fatality
25.887301,-80.331883,2022,Serious Injury
25.863919,-80.179109,2022,Serious Injury
25.809333,-80.260096,2022,Serious Injury
25.823655,-80.249126,2023,Serious Injury
25.913268,-80.209713,2023,Serious Injury
25.854752,-80.130613,2023,Serious Injury
25.955835,-80.174608,2023,Serious Injury
25.876511,-80.484135,2023,Serious Injury
25.803195,-80.221577,2023,Serious Injury
25.550877,-80.396747,2024,Serious Injury
25.831441,-80.249263,2024,Fatality
25.787593,-80.131916,2024,Serious Injury
25.963069,-80.154652,2024,Fatality
25.772809,-80.221319,2024,Serious Injury
25.896717,-80.209822,2024,Serious Injury
25.671258,-80.400275,2024,Serious Injury
25.795712,-80.243064,2024,Serious Injury
25.95502,-80.132414,2024,Serious Injury
25.781769,-80.32793,2019,Serious Injury
25.769932,-80.316399,2019,Serious Injury
25.726128,-80.447684,2019,Fatality
25.796475,-80.32146,2019,Serious Injury
25.818811,-80.135933,2019,Serious Injury
25.290534,-80.376377,2019,Serious Injury
25.779865,-80.21083,2019,Serious Injury
25.823266,-80.281008,2019,Serious Injury
25.689693,-80.439977,2019,Fatality
25.771971,-80.149463,2019,Serious Injury
25.525581,-80.421718,2019,Serious Injury
25.799322,-80.202996,2019,Serious Injury
25.919837,-80.350381,2019,Serious Injury
25.781385,-80.206685,2019,Serious Injury
25.926338,-80.244128,2020,Serious Injury
25.672434,-80.366405,2020,Serious Injury
25.845649,-80.225348,2020,Serious Injury
25.748231,-80.321308,2020,Serious Injury
25.925363,-80.17568,2020,Serious Injury
25.79134,-80.150153,2020,Serious Injury
25.803539,-80.211397,2020,Serious Injury
25.874509,-80.214197,2020,Fatality
25.799257,-80.194965,2020,Serious Injury
25.794385,-80.23583,2020,Serious Injury
25.80492,-80.215593,2020,Fatality
25.930205,-80.293403,2020,Serious Injury
25.448021,-80.431586,2021,Fatality
25.742936,-80.432273,2021,Fatality
25.809348,-80.231718,2021,Serious Injury
25.859683,-80.330085,2021,Serious Injury
25.696822,-80.398285,2021,Serious Injury
25.579914,-80.470357,2021,Fatality
25.896975,-80.291832,2021,Serious Injury
25.699184,-80.340765,2021,Serious Injury
25.739709,-80.420082,2021,Serious Injury
25.703798,-80.290153,2022,Serious Injury
25.772785,-80.206006,2022,Fatality
25.848735,-80.184661,2022,Fatality
25.924711,-80.310684,2022,Serious Injury
25.777133,-80.312826,2022,Serious Injury
25.838515,-80.192509,2022,Serious Injury
25.845738,-80.248254,2022,Fatality
25.856084,-80.32247,2022,Serious Injury
25.637786,-80.497729,2022,Serious Injury
25.945586,-80.176293,2022,Serious Injury
25.631768,-80.36639,2022,Serious Injury
25.947116,-80.156572,2022,Serious Injury
25.872042,-80.242477,2022,Serious Injury
25.671352,-80.302523,2022,Serious Injury
25.808837,-80.248567,2022,Serious Injury
25.708222,-80.366486,2023,Fatality
25.780522,-80.315754,2023,Serious Injury
25.796795,-80.134977,2023,Serious Injury
25.920299,-80.211128,2023,Serious Injury
25.748084,-80.30559,2023,Serious Injury
25.776158,-80.187999,2023,Fatality
25.576346,-80.380447,2023,Fatality
25.785157,-80.142231,2023,Serious Injury
25.809014,-80.225622,2023,Fatality
25.700032,-80.414409,2023,Fatality
25.936371,-80.198781,2023,Serious Injury
25.823179,-80.2652,2023,Serious Injury
25.720944,-80.320176,2024,Serious Injury
25.46607,-80.491865,2024,Serious Injury
25.578518,-80.494588,2024,Serious Injury
25.876936,-80.280981,2024,Serious Injury
25.806624,-80.215611,2024,Serious Injury
25.796773,-80.385458,2024,Serious Injury
25.836247,-80.321869,2024,Serious Injury
25.780129,-80.220637,2024,Fatality
25.863211,-80.281708,2024,Serious Injury
25.842775,-80.241537,2024,Serious Injury
25.899945,-80.174169,2019,Serious Injury
25.643413,-80.385409,2019,Serious Injury
25.723409,-80.265698,2019,Serious Injury
25.785941,-80.213863,2019,Serious Injury
25.840709,-80.324758,2019,Serious Injury
25.924578,-80.208482,2019,Serious Injury
25.772483,-80.23447,2019,Serious Injury
25.596301,-80.355356,2019,Fatality
25.883903,-80.323523,2019,Fatality
25.842072,-80.322345,2019,Serious Injury
25.86817,-80.208302,2019,Serious Injury
25.784958,-80.239205,2019,Serious Injury
25.774199,-80.190232,2019,Serious Injury
25.832631,-80.195234,2019,Fatality
25.762927,-80.308617,2019,Serious Injury
25.949189,-80.350592,2019,Serious Injury
25.833266,-80.321869,2020,Serious Injury
25.9544,-80.208095,2020,Serious Injury
25.696307,-80.342598,2020,Serious Injury
25.948807,-80.205346,2021,Serious Injury
25.648294,-80.415499,2021,Fatality
25.562637,-80.385104,2021,Fatality
25.867254,-80.266796,2021,Serious Injury
25.942247,-80.34395,2021,Serious Injury
25.655104,-80.383314,2021,Serious Injury
25.855096,-80.323711,2025,Serious Injury
25.626492,-80.401919,2025,Serious Injury
25.780569,-80.137351,2025,Fatality
25.782981,-80.214644,2025,Serious Injury
25.804478,-80.221685,2025,Serious Injury
25.786186,-80.220415,2025,Serious Injury
25.820809,-80.224333,2025,Serious Injury
25.820096,-80.195768,2025,Serious Injury
25.788122,-80.197964,2025,Serious Injury
25.853607,-80.235869,2025,Fatality
25.534367,-80.372148,2025,Serious Injury
25.484729,-80.460952,2025,Serious Injury
25.917098,-80.260306,2025,Serious Injury
25.849006,-80.197343,2025,Serious Injury
25.716034,-80.356524,2025,Serious Injury
25.832864,-80.226956,2025,Serious Injury
25.641143,-80.414913,2025,Serious Injury
25.670147,-80.372043,2025,Serious Injury
25.748023,-80.315376,2025,Serious Injury
25.868606,-80.290739,2025,Serious Injury
25.727319,-80.262145,2025,Serious Injury
25.723382,-80.26574,2025,Serious Injury
25.848929,-80.149188,2025,Serious Injury
25.706761,-80.260873,2025,Serious Injury
25.711358,-80.293756,2025,Serious Injury
25.945187,-80.35525,2025,Serious Injury
25.76078,-80.417086,2025,Serious Injury
25.901794,-80.176815,2025,Serious Injury
25.784835,-80.206779,2025,Serious Injury
25.795659,-80.19453,2025,Serious Injury
25.924928,-80.296559,2025,Serious Injury
25.772085,-80.223614,2025,Serious Injury
25.788419,-80.192347,2025,Serious Injury
25.824468,-80.22123,2025,Serious Injury
25.779989,-80.187428,2025,Serious Injury
25.776483,-80.21475,2025,Serious Injury
25.507423,-80.415888,2025,Serious Injury
25.847971,-80.314116,2025,Serious Injury
25.627632,-80.374327,2025,Serious Injury
25.739047,-80.286832,2025,Serious Injury
25.703047,-80.317956,2025,Serious Injury
25.818297,-80.122876,2025,Serious Injury
25.847888,-80.120214,2025,Serious Injury
25.790667,-80.129863,2025,Serious Injury
25.856265,-80.122338,2025,Serious Injury
25.767692,-80.200224,2025,Serious Injury
25.957739,-80.197815,2025,Serious Injury
25.576031,-80.372009,2025,Serious Injury
25.615239,-80.308432,2025,Serious Injury
25.814394,-80.24035,2025,Serious Injury
25.570293,-80.331608,2025,Serious Injury
25.49927,-80.460959,2025,Fatality
25.904934,-80.17348,2025,Fatality
25.617721,-80.344096,2025,Serious Injury
25.862198,-80.209734,2025,Serious Injury
25.862337,-80.197516,2025,Serious Injury
25.786227,-80.23947,2025,Serious Injury
25.948911,-80.120913,2025,Serious Injury
25.671593,-80.365893,2025,Serious Injury
25.933092,-80.370089,2025,Serious Injury
25.686952,-80.362566,2025,Serious Injury
25.716469,-80.338944,2025,Serious Injury
25.701184,-80.36259,2025,Serious Injury
25.919481,-80.210257,2025,Serious Injury
25.77208,-80.223446,2025,Serious Injury
25.773631,-80.212278,2025,Serious Injury
25.786999,-80.189253,2025,Serious Injury
25.810508,-80.189451,2025,Serious Injury
25.733124,-80.261216,2025,Serious Injury
25.868015,-80.274614,2025,Serious Injury
25.809431,-80.317014,2025,Serious Injury
25.843109,-80.217152,2025,Serious Injury
25.535324,-80.412801,2025,Serious Injury
25.770827,-80.288071,2025,Serious Injury
25.863755,-80.185281,2025,Serious Injury
25.783676,-80.274018,2025,Fatality
25.81281,-80.240472,2025,Fatality
25.739062,-80.440101,2025,Serious Injury
25.761221,-80.368761,2025,Fatality
25.643921,-80.451477,2025,Serious Injury
25.732102,-80.317235,2025,Serious Injury
25.80835,-80.264293,2025,Fatality
25.820501,-80.23133,2025,Serious Injury
25.634812,-80.385485,2025,Serious Injury
25.768534,-80.365406,2025,Serious Injury
25.747143,-80.355024,2025,Serious Injury
25.794805,-80.22341,2025,Serious Injury
25.91292,-80.211726,2025,Serious Injury
25.847908,-80.314247,2025,Fatality
25.628333,-80.360601,2025,Serious Injury
25.351493,-80.458324,2025,Serious Injury
25.822896,-80.272016,2025,Fatality
25.63634,-80.337534,2025,Serious Injury
25.758931,-80.20315,2025,Serious Injury
25.474289,-80.471532,2025,Fatality
25.808359,-80.267579,2025,Serious Injury
25.793243,-80.141349,2025,Serious Injury
25.953244,-80.228771,2025,Serious Injury
25.953394,-80.137921,2025,Serious Injury
25.794922,-80.21507,2025,Fatality
25.760818,-80.406129,2025,Fatality
25.742462,-80.26651,2025,Serious Injury
25.726811,-80.261353,2025,Serious Injury
25.862446,-80.308323,2025,Serious Injury
25.766777,-80.200153,2025,Serious Injury
25.823095,-80.26951,2025,Serious Injury
25.779442,-80.239634,2025,Serious Injury
25.723282,-80.353432,2025,Serious Injury
25.955285,-80.205692,2025,Serious Injury
25.794871,-80.271219,2025,Serious Injury
25.940981,-80.245585,2025,Fatality
25.939644,-80.14958,2025,Serious Injury
25.955467,-80.245412,2025,Serious Injury
25.781738,-80.131975,2025,Serious Injury
25.81698,-80.128147,2025,Serious Injury
25.967505,-80.145341,2025,Serious Injury
25.766633,-80.320689,2025,Serious Injury
25.884143,-80.35195,2025,Serious Injury
25.890173,-80.188327,2025,Fatality
25.779881,-80.224988,2025,Serious Injury
25.883096,-80.22456,2025,Fatality
25.846202,-80.237571,2025,Fatality
25.744492,-80.424371,2025,Serious Injury
25.596849,-80.409367,2025,Serious Injury
25.468349,-80.453901,2025,Serious Injury
25.84404,-80.209058,2025,Serious Injury
25.550884,-80.396726,2025,Serious Injury
25.732629,-80.302829,2025,Serious Injury
25.916658,-80.292907,2025,Serious Injury
25.810403,-80.142919,2025,Serious Injury
25.834881,-80.184132,2025,Serious Injury
25.914614,-80.210021,2025,Serious Injury
25.781044,-80.327464,2025,Serious Injury
25.824968,-80.206989,2025,Serious Injury
25.818215,-80.19969,2025,Serious Injury
25.570218,-80.345792,2025,Serious Injury
25.696352,-80.342658,2025,Fatality
25.831968,-80.219091,2025,Fatality
25.817438,-80.285288,2025,Serious Injury
25.922332,-80.122306,2025,Serious Injury
25.774014,-80.155985,2025,Fatality
25.775693,-80.234285,2025,Fatality
25.8717,-80.274646,2025,Serious Injury
25.916816,-80.365416,2025,Serious Injury
25.776116,-80.358486,2025,Serious Injury
25.947575,-80.261791,2025,Fatality
25.804768,-80.128008,2025,Serious Injury
25.475823,-80.443615,2025,Serious Injury
25.73318,-80.307083,2025,Serious Injury
25.953929,-80.146632,2025,Serious Injury
25.947268,-80.298403,2025,Serious Injury
25.725412,-80.442829,2025,Serious Injury
25.684718,-80.399234,2025,Serious Injury
25.927325,-80.214538,2025,Serious Injury
25.566494,-80.47809,2025,Serious Injury
25.666845,-80.369433,2025,Serious Injury
25.772862,-80.204933,2025,Serious Injury
25.746202,-80.198363,2025,Serious Injury
25.833563,-80.281978,2025,Serious Injury
25.748568,-80.283836,2025,Serious Injury
25.779389,-80.132326,2025,Serious Injury
25.862196,-80.122132,2025,Fatality
25.452319,-80.480176,2025,Fatality
25.762641,-80.193151,2025,Serious Injury
25.800871,-80.32114,2025,Serious Injury
25.599621,-80.353821,2025,Serious Injury
25.940757,-80.190519,2025,Serious Injury
25.926733,-80.23246,2025,Serious Injury
25.567204,-80.378459,2025,Serious Injury
25.624047,-80.378886,2025,Serious Injury
25.774811,-80.140833,2025,Serious Injury
25.75564,-80.207965,2025,Serious Injury
25.939512,-80.220552,2025,Serious Injury
25.953165,-80.229008,2025,Serious Injury
25.898583,-80.354203,2025,Serious Injury
25.83572,-80.269832,2025,Serious Injury
25.883903,-80.324016,2025,Serious Injury
25.814081,-80.268709,2025,Serious Injury
25.844817,-80.272246,2025,Serious Injury
25.96286,-80.146843,2025,Serious Injury
25.645407,-80.291185,2025,Serious Injury
25.939881,-80.271907,2025,Serious Injury
25.499642,-80.420384,2025,Serious Injury
25.860192,-80.24434,2025,Serious Injury
25.502313,-80.445019,2025,Serious Injury
25.763571,-80.352874,2025,Serious Injury
25.860775,-80.24016,2025,Serious Injury
25.62627,-80.416359,2025,Serious Injury
25.846732,-80.219304,2025,Serious Injury
25.455978,-80.437712,2025,Serious Injury
25.847165,-80.225387,2025,Fatality
25.403398,-80.541529,2025,Fatality
25.887917,-80.323398,2025,Serious Injury
25.89517,-80.351317,2025,Serious Injury
25.920547,-80.260431,2025,Serious Injury
25.498008,-80.447007,2025,Serious Injury
25.615063,-80.310369,2025,Serious Injury
25.94309,-80.121129,2025,Serious Injury
25.767435,-80.368957,2025,Serious Injury
25.89116,-80.20923,2025,Serious Injury
25.773424,-80.190838,2025,Serious Injury
25.656205,-80.415515,2025,Serious Injury
25.653981,-80.329277,2025,Serious Injury
25.8057,-80.13839,2025,Serious Injury
25.768217,-80.368872,2025,Serious Injury
25.901677,-80.350469,2025,Serious Injury
25.778047,-80.336748,2025,Serious Injury
25.81677,-80.32124,2025,Serious Injury
25.867179,-80.274362,2025,Serious Injury
25.943944,-80.221345,2025,Serious Injury
25.620746,-80.361803,2025,Serious Injury
25.490513,-80.444835,2025,Serious Injury
25.741145,-80.375861,2025,Serious Injury
25.813062,-80.215834,2025,Serious Injury
25.94681,-80.307223,2025,Serious Injury
25.628958,-80.340949,2025,Serious Injury
25.455795,-80.477251,2025,Serious Injury
25.887026,-80.190572,2025,Serious Injury
25.903998,-80.211509,2025,Serious Injury
25.71808,-80.363443,2025,Serious Injury
25.934001,-80.201181,2025,Serious Injury
25.783995,-80.289384,2025,Serious Injury
25.853185,-80.250247,2025,Fatality
25.824574,-80.220436,2025,Fatality
25.804221,-80.37447,2025,Serious Injury
25.789879,-80.33689,2025,Serious Injury
25.644872,-80.300842,2025,Serious Injury
25.844775,-80.23798,2025,Serious Injury
25.816196,-80.206317,2025,Serious Injury
25.451551,-80.415456,2025,Fatality
25.877013,-80.316416,2025,Serious Injury
25.884095,-80.331701,2025,Serious Injury
25.847975,-80.305422,2025,Serious Injury
25.812071,-80.272835,2025,Serious Injury
25.809142,-80.238577,2025,Serious Injury
25.779788,-80.319436,2025,Serious Injury
25.825981,-80.2246,2025,Serious Injury
25.818335,-80.206514,2025,Serious Injury
25.755141,-80.275243,2025,Serious Injury
25.790498,-80.206972,2025,Serious Injury
25.632104,-80.339426,2025,Serious Injury
25.916836,-80.461874,2025,Serious Injury
25.529013,-80.388324,2025,Fatality
25.590136,-80.369034,2025,Fatality
25.831896,-80.217781,2025,Serious Injury
25.475472,-80.443729,2025,Fatality
25.748398,-80.206831,2025,Serious Injury
25.836834,-80.1964,2025,Serious Injury
25.751991,-80.25469,2025,Serious Injury
25.91025,-80.210047,2025,Fatality
25.628553,-80.34117,2025,Serious Injury
25.794924,-80.18765,2025,Serious Injury
25.847845,-80.186057,2025,Serious Injury
25.848147,-80.175782,2025,Serious Injury
25.83965,-80.20878,2025,Serious Injury
25.613996,-80.347151,2025,Serious Injury
25.757783,-80.193128,2025,Fatality
25.778709,-80.203077,2025,Serious Injury
25.881606,-80.123177,2025,Fatality
25.831444,-80.184277,2025,Fatality
25.753485,-80.262781,2025,Serious Injury
25.480965,-80.463607,2025,Serious Injury
25.914153,-80.236065,2025,Serious Injury
25.477486,-80.440536,2025,Fatality
25.499377,-80.446325,2025,Serious Injury
25.724969,-80.263406,2025,Serious Injury
25.709289,-80.285563,2025,Serious Injury
25.882728,-80.242865,2025,Serious Injury
25.620973,-80.357648,2025,Serious Injury
25.693256,-80.346072,2025,Serious Injury
25.925375,-80.261148,2025,Serious Injury
25.621106,-80.378608,2025,Fatality
25.901671,-80.385175,2025,Serious Injury
25.889494,-80.345376,2025,Serious Injury
25.715616,-80.252929,2025,Fatality
25.742039,-80.237977,2025,Fatality
25.902641,-80.211576,2025,Serious Injury
25.795369,-80.200411,2025,Serious Injury
25.450802,-80.477215,2025,Serious Injury
25.423185,-80.462854,2025,Serious Injury
25.958059,-80.146838,2025,Serious Injury
25.564724,-80.492156,2025,Serious Injury
25.499454,-80.42722,2025,Serious Injury
25.938921,-80.219928,2025,Serious Injury
25.934666,-80.200974,2025,Serious Injury
25.91467,-80.167464,2025,Fatality
25.883823,-80.165376,2025,Serious Injury
25.792222,-80.243354,2025,Serious Injury
25.772574,-80.230774,2025,Serious Injury
25.728058,-80.242732,2025,Serious Injury
25.863083,-80.333898,2025,Fatality
25.725962,-80.463617,2025,Fatality
25.811139,-80.233733,2025,Serious Injury
25.757573,-80.320574,2025,Serious Injury
25.942138,-80.212965,2025,Fatality
25.455146,-80.483404,2025,Serious Injury
25.550998,-80.477833,2025,Serious Injury
25.555134,-80.392418,2025,Serious Injury
25.920545,-80.35749,2025,Fatality
25.833834,-80.233037,2025,Serious Injury
25.762896,-80.308796,2025,Serious Injury
25.76083,-80.409281,2025,Serious Injury
25.796877,-80.349537,2025,Fatality
25.808612,-80.206402,2025,Serious Injury
25.898268,-80.232584,2025,Serious Injury
25.684998,-80.42497,2025,Serious Injury
25.691354,-80.38876,2025,Serious Injury
25.760919,-80.480471,2025,Serious Injury
25.86253,-80.29099,2025,Serious Injury
25.650442,-80.38452,2025,Serious Injury
25.891908,-80.211168,2025,Serious Injury
25.596562,-80.413259,2025,Serious Injury
25.764891,-80.249405,2025,Serious Injury
25.900446,-80.308326,2025,Serious Injury
25.926093,-80.153953,2025,Fatality
25.935528,-80.311857,2025,Fatality
25.690594,-80.306368,2025,Serious Injury
25.812702,-80.127,2025,Serious Injury
25.844136,-80.282124,2025,Serious Injury
25.631416,-80.383137,2025,Serious Injury
25.836962,-80.232264,2025,Serious Injury
25.674703,-80.362791,2025,Serious Injury
25.904716,-80.187142,2025,Fatality
25.890056,-80.18971,2025,Fatality
25.766326,-80.197435,2025,Serious Injury
25.68699,-80.362528,2025,Serious Injury
25.771846,-80.149637,2025,Serious Injury
25.771627,-80.226173,2025,Serious Injury
25.638293,-80.479427,2025,Serious Injury
25.800245,-80.248919,2025,Serious Injury
25.447834,-80.489219,2025,Serious Injury
25.838468,-80.2243,2025,Serious Injury
25.761086,-80.481354,2025,Serious Injury
25.78432,-80.239643,2025,Serious Injury
25.465065,-80.501537,2025,Serious Injury
25.721727,-80.272464,2025,Serious Injury
25.916957,-80.210231,2025,Fatality
25.76239,-80.375243,2025,Serious Injury
25.523929,-80.428954,2025,Fatality
25.816426,-80.24065,2025,Fatality
25.918701,-80.332918,2025,Fatality
25.639194,-80.33607,2025,Serious Injury
25.29253,-80.381116,2025,Fatality
25.903904,-80.215533,2025,Serious Injury
25.74206,-80.432129,2025,Serious Injury
25.937867,-80.229105,2025,Serious Injury
25.889425,-80.202874,2025,Serious Injury
25.755713,-80.20784,2025,Serious Injury
25.793873,-80.306149,2025,Fatality
25.824519,-80.225029,2025,Fatality
25.924255,-80.236394,2025,Fatality
25.880641,-80.323678,2025,Serious Injury
25.890365,-80.209527,2025,Serious Injury
25.572135,-80.478285,2025,Fatality
25.733252,-80.31086,2025,Serious Injury
25.949235,-80.142575,2025,Serious Injury
25.807034,-80.32109,2025,Serious Injury
25.943595,-80.269568,2025,Fatality
25.829858,-80.206169,2025,Serious Injury
25.883594,-80.216254,2025,Fatality
25.956653,-80.205561,2025,Serious Injury
25.831713,-80.205673,2025,Serious Injury
25.920508,-80.210373,2025,Serious Injury
25.761045,-80.39297,2025,Serious Injury
25.765891,-80.213734,2025,Serious Injury
25.816462,-80.240448,2025,Fatality
25.558089,-80.390436,2025,Fatality
25.484544,-80.467129,2025,Fatality
25.50898,-80.43054,2025,Fatality
25.781614,-80.20049,2025,Serious Injury
25.87339,-80.315919,2025,Serious Injury
25.467542,-80.473253,2025,Serious Injury
25.72713,-80.25568,2025,Serious Injury
25.88405,-80.326795,2025,Serious Injury
25.755395,-80.228341,2025,Fatality
25.898387,-80.344071,2025,Serious Injury
25.825071,-80.204102,2025,Fatality
25.786182,-80.264345,2025,Serious Injury
25.941961,-80.221364,2025,Serious Injury
25.809012,-80.207478,2025,Serious Injury
25.811684,-80.189348,2025,Fatality
25.824142,-80.232826,2025,Serious Injury
25.672259,-80.367904,2025,Serious Injury
25.828417,-80.240839,2025,Serious Injury
25.808426,-80.265566,2025,Serious Injury
25.803767,-80.200805,2025,Serious Injury
25.907307,-80.235823,2025,Serious Injury
25.63689,-80.317318,2025,Serious Injury
25.890827,-80.216646,2025,Serious Injury
25.749823,-80.258665,2025,Serious Injury
25.733195,-80.307299,2025,Serious Injury
25.883559,-80.216473,2025,Serious Injury
25.68362,-80.313832,2025,Fatality
25.951287,-80.205404,2025,Fatality
25.658043,-80.327406,2025,Serious Injury
25.763412,-80.291657,2025,Serious Injury
25.825204,-80.196214,2025,Serious Injury
25.906349,-80.243933,2025,Serious Injury
25.885447,-80.12358,2025,Serious Injury
25.860184,-80.244339,2025,Serious Injury
25.821769,-80.206693,2025,Serious Injury
25.68702,-80.362332,2025,Serious Injury
25.807846,-80.223759,2019,Serious Injury
25.933597,-80.245032,2019,Serious Injury
25.898403,-80.309269,2019,Serious Injury
25.949096,-80.205314,2025,Serious Injury
25.902121,-80.209885,2025,Serious Injury
25.956998,-80.314868,2025,Serious Injury
25.579672,-80.368414,2020,Fatality
25.925747,-80.208518,2025,Serious Injury
25.83066,-80.24932,2025,Serious Injury
25.903354,-80.227587,2025,Serious Injury
25.794482,-80.233162,2025,Serious Injury
25.708809,-80.430911,2025,Serious Injury
25.911781,-80.243307,2025,Serious Injury
25.964171,-80.171136,2025,Serious Injury
25.846422,-80.192658,2025,Serious Injury
25.76107,-80.448535,2025,Serious Injury
25.672108,-80.340295,2025,Serious Injury
25.894965,-80.182724,2025,Serious Injury
25.84878,-80.121469,2025,Serious Injury
25.858216,-80.120846,2025,Serious Injury
25.539827,-80.372045,2025,Fatality
25.822559,-80.232586,2025,Fatality
25.61926,-80.374034,2025,Fatality
25.771842,-80.148809,2025,Serious Injury
25.948167,-80.247231,2025,Serious Injury
25.899712,-80.180259,2025,Serious Injury
25.741041,-80.319693,2025,Serious Injury
25.811434,-80.196582,2025,Serious Injury
25.834732,-80.233056,2025,Serious Injury
25.76973,-80.332207,2025,Serious Injury
25.748837,-80.274992,2025,Serious Injury
25.898477,-80.211345,2025,Fatality
25.934238,-80.121681,2025,Serious Injury
25.879302,-80.209142,2025,Serious Injury
25.847472,-80.241913,2025,Serious Injury
25.929388,-80.260883,2025,Serious Injury
25.842441,-80.226468,2025,Serious Injury
25.787561,-80.206983,2025,Serious Injury
25.847455,-80.196653,2025,Serious Injury
25.650475,-80.384198,2025,Serious Injury
25.776726,-80.328115,2025,Serious Injury
25.959104,-80.233718,2025,Serious Injury
25.754071,-80.238358,2025,Serious Injury
25.772445,-80.21799,2025,Serious Injury
25.846104,-80.233676,2025,Serious Injury
25.483467,-80.47744,2025,Serious Injury
25.622429,-80.378962,2025,Serious Injury
25.865565,-80.387873,2025,Serious Injury
25.809627,-80.219667,2025,Serious Injury
25.870486,-80.323149,2025,Serious Injury
25.782492,-80.199765,2025,Serious Injury
25.951485,-80.205546,2025,Serious Injury
25.74935,-80.26481,2025,Serious Injury
25.562576,-80.382469,2025,Serious Injury
25.517759,-80.428071,2025,Serious Injury
25.778673,-80.271823,2025,Fatality
25.823797,-80.224547,2025,Serious Injury
25.537116,-80.372053,2025,Serious Injury
25.853985,-80.122234,2025,Serious Injury
25.899913,-80.207301,2025,Serious Injury
25.848338,-80.282378,2025,Fatality
25.899325,-80.209678,2025,Serious Injury
25.847426,-80.197036,2025,Fatality
25.949368,-80.307582,2025,Fatality
25.876839,-80.315303,2025,Serious Injury
25.74235,-80.231052,2025,Serious Injury
25.761068,-80.39127,2025,Serious Injury
25.685849,-80.396261,2025,Fatality
25.627055,-80.390203,2025,Serious Injury
25.935201,-80.204956,2025,Serious Injury
25.930192,-80.205141,2025,Serious Injury
25.469582,-80.510336,2025,Serious Injury
25.763433,-80.316565,2025,Serious Injury
25.4331,-80.501478,2025,Serious Injury
25.84538,-80.126998,2025,Serious Injury
25.77428,-80.142269,2025,Serious Injury
25.822946,-80.13554,2025,Serious Injury
25.536548,-80.404391,2025,Serious Injury
25.608852,-80.37849,2025,Fatality
25.862497,-80.322354,2025,Serious Injury
25.571706,-80.345761,2025,Serious Injury
25.88913,-80.210753,2025,Serious Injury
25.773816,-80.255565,2025,Fatality
25.766296,-80.195989,2025,Serious Injury
25.877125,-80.208817,2025,Serious Injury
25.907025,-80.244083,2025,Serious Injury
25.59859,-80.355551,2025,Serious Injury
25.720437,-80.45552,2025,Serious Injury
25.791664,-80.144696,2025,Serious Injury
25.47726,-80.454819,2025,Serious Injury
25.915897,-80.325234,2025,Serious Injury
25.789162,-80.201931,2025,Serious Injury
25.930639,-80.124882,2025,Serious Injury
25.901446,-80.223501,2025,Serious Injury
25.744809,-80.390921,2025,Serious Injury
25.852559,-80.137438,2025,Serious Injury
25.793972,-80.197706,2025,Serious Injury
25.954608,-80.235014,2025,Serious Injury
25.80057,-80.126666,2025,Serious Injury
25.866523,-80.306874,2025,Serious Injury
25.889018,-80.214904,2025,Serious Injury
25.811928,-80.191323,2025,Serious Injury
25.808693,-80.248452,2025,Serious Injury
25.663785,-80.450067,2025,Serious Injury
25.539477,-80.412824,2025,Serious Injury
25.785237,-80.215529,2025,Serious Injury
25.543274,-80.404431,2025,Serious Injury
25.766086,-80.320131,2025,Serious Injury
25.798159,-80.233732,2025,Serious Injury
25.57859,-80.363788,2025,Serious Injury
25.866775,-80.339324,2025,Fatality
25.791434,-80.149109,2025,Serious Injury
25.941886,-80.306822,2025,Fatality
25.684975,-80.42473,2025,Serious Injury
25.833347,-80.233002,2025,Serious Injury
25.908174,-80.235923,2025,Serious Injury
25.86104,-80.225864,2025,Serious Injury
25.498781,-80.412445,2025,Serious Injury
25.870951,-80.208741,2025,Serious Injury
25.754503,-80.202849,2025,Serious Injury
25.868314,-80.226146,2025,Serious Injury
25.618328,-80.430332,2025,Serious Injury
25.816788,-80.248721,2025,Serious Injury
25.846931,-80.209086,2025,Serious Injury
25.846591,-80.221216,2025,Serious Injury
28.659178,-80.866698,2025,Fatality
25.803463,-80.211374,2025,Serious Injury
25.452082,-80.492669,2025,Serious Injury
25.724099,-80.264479,2025,Serious Injury
25.807526,-80.230509,2025,Serious Injury
25.794897,-80.134988,2025,Serious Injury
25.766367,-80.229105,2025,Fatality
25.870298,-80.389325,2025,Serious Injury
25.565658,-80.478258,2025,Serious Injury
25.955813,-80.245911,2025,Serious Injury
25.839071,-80.225295,2025,Serious Injury
25.725919,-80.455642,2025,Serious Injury
25.930635,-80.124922,2025,Serious Injury
25.714558,-80.285766,2025,Serious Injury
25.674651,-80.367787,2025,Serious Injury
25.709332,-80.383243,2025,Fatality
25.942157,-80.216453,2025,Fatality
25.588963,-80.359537,2025,Serious Injury
25.716238,-80.348674,2025,Serious Injury
25.934276,-80.162256,2025,Serious Injury
25.512483,-80.404302,2025,Serious Injury
25.904288,-80.159105,2025,Serious Injury
25.565914,-80.382048,2025,Fatality
25.580586,-80.429555,2025,Serious Injury
25.927692,-80.206649,2025,Serious Injury
25.859776,-80.272618,2025,Serious Injury
25.840596,-80.318361,2025,Serious Injury
25.629195,-80.341027,2025,Fatality
25.339149,-80.455561,2025,Fatality
25.794815,-80.127058,2025,Serious Injury
25.855835,-80.387725,2025,Serious Injury
25.613142,-80.378705,2025,Fatality
25.732105,-80.375768,2025,Fatality
25.938326,-80.194481,2025,Serious Injury
25.921964,-80.239835,2025,Fatality
25.648468,-80.410202,2025,Fatality
25.805703,-80.20559,2025,Serious Injury
25.863411,-80.32292,2025,Fatality
25.791442,-80.207013,2025,Serious Injury
25.945991,-80.163012,2025,Serious Injury
25.939611,-80.277687,2025,Serious Injury
25.889648,-80.335944,2025,Serious Injury
25.698847,-80.446559,2025,Serious Injury
25.469646,-80.505838,2025,Serious Injury
25.754408,-80.287489,2025,Serious Injury
25.911548,-80.210002,2025,Serious Injury
25.750397,-80.234141,2025,Serious Injury
25.477178,-80.465023,2025,Serious Injury
25.967879,-80.165516,2025,Serious Injury
25.73276,-80.351763,2025,Serious Injury
25.868763,-80.208302,2025,Serious Injury
25.500855,-80.444893,2025,Serious Injury
25.908657,-80.308117,2025,Serious Injury
25.894428,-80.2094,2025,Fatality
25.745362,-80.359727,2025,Serious Injury
25.882776,-80.234698,2025,Serious Injury
25.721723,-80.415459,2025,Serious Injury
25.893482,-80.243356,2025,Serious Injury
25.775604,-80.328587,2025,Serious Injury
25.967271,-80.165446,2025,Serious Injury
25.810764,-80.173391,2025,Serious Injury
25.76205,-80.336042,2025,Serious Injury
25.802221,-80.219489,2025,Serious Injury
25.847284,-80.201085,2025,Serious Injury
25.755211,-80.25895,2025,Serious Injury
25.877075,-80.322904,2025,Serious Injury
25.909761,-80.292593,2025,Serious Injury
25.781937,-80.32019,2025,Serious Injury
25.813279,-80.224049,2025,Serious Injury
25.813965,-80.205929,2025,Serious Injury
25.595115,-80.37274,2025,Serious Injury
25.920791,-80.412561,2025,Serious Injury
25.290494,-80.445008,2025,Serious Injury
25.566311,-80.363283,2025,Serious Injury
25.814382,-80.246537,2025,Serious Injury
25.883928,-80.206575,2025,Serious Injury
25.562185,-80.46186,2025,Serious Injury
25.893716,-80.310018,2025,Serious Injury
25.781681,-80.35941,2025,Serious Injury
25.897155,-80.235631,2025,Serious Injury
25.926455,-80.140784,2025,Fatality
25.882777,-80.2348,2025,Serious Injury
25.687531,-80.34395,2025,Serious Injury
25.795464,-80.196746,2025,Fatality
25.92511,-80.244728,2025,Fatality
25.869224,-80.314812,2025,Serious Injury
25.954241,-80.273122,2025,Serious Injury
25.760325,-80.416798,2025,Fatality
25.552069,-80.363964,2025,Fatality
25.612421,-80.381776,2025,Fatality
25.852503,-80.225625,2025,Fatality
25.747545,-80.238174,2025,Serious Injury
25.857446,-80.225732,2025,Serious Injury
25.809445,-80.313317,2025,Fatality
25.772651,-80.347027,2025,Serious Injury
25.518085,-80.409188,2025,Serious Injury
25.717037,-80.273873,2025,Serious Injury
25.716415,-80.261252,2025,Serious Injury
25.867225,-80.30692,2025,Serious Injury
25.567018,-80.494446,2025,Fatality
25.715872,-80.275041,2025,Serious Injury
25.926836,-80.232376,2025,Serious Injury
25.876329,-80.214278,2025,Serious Injury
25.649366,-80.39116,2025,Serious Injury
25.766987,-80.207495,2025,Serious Injury
25.761424,-80.368731,2025,Serious Injury
25.760849,-80.395623,2025,Serious Injury
25.565035,-80.486269,2025,Serious Injury
25.790194,-80.204941,2025,Fatality
25.810602,-80.191221,2025,Serious Injury
25.761031,-80.464715,2025,Serious Injury
25.598634,-80.354247,2025,Serious Injury
25.832395,-80.322145,2025,Serious Injury
25.685183,-80.420659,2025,Serious Injury
25.765677,-80.221415,2025,Fatality
25.809242,-80.23214,2025,Fatality
25.789526,-80.204569,2025,Serious Injury
25.779362,-80.239387,2025,Fatality
25.803397,-80.21542,2025,Serious Injury
25.866718,-80.309781,2025,Serious Injury
25.757007,-80.140121,2025,Serious Injury
25.796156,-80.18964,2025,Serious Injury
25.847928,-80.171312,2025,Serious Injury
25.876947,-80.339299,2025,Serious Injury
25.944486,-80.307014,2025,Serious Injury
25.859962,-80.266597,2025,Serious Injury
25.889975,-80.192515,2025,Serious Injury
25.707452,-80.282913,2025,Serious Injury
25.849584,-80.197017,2025,Serious Injury
25.49941,-80.446288,2025,Serious Injury
25.724,-80.335204,2025,Serious Injury
25.947276,-80.342609,2025,Serious Injury
25.809947,-80.332414,2025,Serious Injury
25.394799,-80.467582,2025,Serious Injury
25.767122,-80.200773,2025,Serious Injury
25.252455,-80.43687,2025,Serious Injury
25.946853,-80.225142,2025,Serious Injury
25.513566,-80.4097,2025,Serious Injury
25.82495,-80.20616,2025,Fatality
25.761872,-80.786747,2025,Fatality
25.899402,-80.24378,2025,Serious Injury
25.90832,-80.243976,2025,Serious Injury
25.847024,-80.266246,2025,Serious Injury
25.936031,-80.307659,2025,Serious Injury
25.93911,-80.285703,2025,Serious Injury
25.760839,-80.430464,2025,Serious Injury
25.604995,-80.382792,2025,Serious Injury
25.868975,-80.218037,2025,Fatality
25.779551,-80.235837,2025,Fatality
25.594734,-80.378795,2025,Serious Injury
25.772433,-80.239055,2025,Serious Injury
25.949688,-80.207496,2025,Serious Injury
25.770653,-80.298226,2025,Serious Injury
25.692709,-80.303809,2025,Serious Injury
25.925194,-80.275173,2025,Serious Injury
25.703874,-80.42918,2025,Serious Injury
25.536657,-80.400528,2025,Serious Injury
25.718444,-80.300415,2025,Serious Injury
25.941353,-80.188832,2025,Serious Injury
25.958365,-80.147081,2025,Serious Injury
25.838191,-80.277979,2025,Serious Injury
25.77045,-80.305201,2025,Fatality
25.813691,-80.206224,2025,Serious Injury
25.746336,-80.187729,2025,Fatality
25.951193,-80.245726,2025,Serious Injury
25.842054,-80.282157,2025,Serious Injury
25.690075,-80.307037,2025,Fatality
25.895156,-80.32568,2025,Serious Injury
25.823647,-80.278078,2025,Serious Injury
25.863537,-80.250594,2025,Serious Injury
25.926208,-80.248171,2025,Serious Injury
25.712474,-80.279513,2025,Serious Injury
25.717034,-80.27395,2025,Fatality
25.637736,-80.504379,2025,Serious Injury
25.736821,-80.237549,2025,Serious Injury
25.889316,-80.208904,2025,Fatality
25.838713,-80.206115,2025,Serious Injury
25.934268,-80.215074,2025,Serious Injury
25.733068,-80.338256,2025,Fatality
25.866978,-80.278804,2025,Serious Injury
25.585205,-80.361471,2025,Serious Injury
25.506017,-80.439841,2025,Serious Injury
25.939309,-80.14942,2025,Serious Injury
25.724959,-80.26335,2025,Serious Injury
25.713374,-80.278105,2025,Serious Injury
25.763819,-80.28231,2025,Fatality
25.852804,-80.134922,2025,Fatality
25.85208,-80.141734,2025,Fatality
25.781913,-80.134023,2025,Fatality
25.891455,-80.243495,2025,Serious Injury
25.899132,-80.329322,2025,Fatality
25.79139,-80.148931,2025,Serious Injury
25.778594,-80.140872,2025,Serious Injury
25.795386,-80.264438,2025,Fatality
25.738505,-80.336517,2025,Fatality
25.477297,-80.442408,2025,Serious Injury
25.870715,-80.316515,2025,Serious Injury
25.75015,-80.243301,2025,Fatality
25.824922,-80.208089,2025,Fatality
25.842826,-80.282223,2025,Serious Injury
25.972609,-80.206536,2025,Serious Injury
25.711106,-80.283257,2025,Serious Injury
25.781786,-80.140918,2025,Serious Injury
25.44497,-80.493349,2025,Serious Injury
25.874626,-80.210219,2025,Fatality
25.684926,-80.312668,2025,Fatality
25.898929,-80.209932,2025,Serious Injury
25.967607,-80.145328,2025,Serious Injury
25.819976,-80.207904,2025,Serious Injury
25.693856,-80.40336,2025,Serious Injury
25.559053,-80.363079,2025,Fatality
25.890041,-80.192362,2025,Fatality
25.86881,-80.208344,2025,Serious Injury
25.869661,-80.352299,2025,Serious Injury
25.642139,-80.325849,2025,Serious Injury
25.861303,-80.234116,2025,Serious Injury
25.964893,-80.178248,2025,Serious Injury
25.647589,-80.386645,2025,Serious Injury
25.76138,-80.198243,2025,Fatality
25.797011,-80.23982,2025,Serious Injury
25.8066,-80.124261,2025,Serious Injury
25.732643,-80.351809,2025,Serious Injury
25.45706,-80.477263,2025,Fatality
25.715846,-80.358858,2025,Serious Injury
25.77633,-80.255568,2025,Fatality
25.559043,-80.372127,2025,Serious Injury
25.811536,-80.200837,2025,Serious Injury
25.895978,-80.379174,2025,Serious Injury
25.761294,-80.40983,2025,Serious Injury
25.674201,-80.307586,2025,Serious Injury
25.824897,-80.20968,2025,Serious Injury
25.470241,-80.410037,2025,Serious Injury
25.808935,-80.246081,2025,Fatality
25.765357,-80.481866,2025,Fatality
25.894535,-80.211034,2025,Fatality
25.780702,-80.252053,2025,Serious Injury
25.947495,-80.261641,2025,Serious Injury
25.859722,-80.250408,2025,Fatality
25.58686,-80.376716,2025,Fatality
25.956839,-80.210228,2025,Fatality
25.922181,-80.225047,2025,Fatality
25.972366,-80.205886,2025,Fatality
25.941319,-80.237342,2025,Serious Injury
25.600593,-80.352979,2025,Serious Injury
25.897694,-80.209294,2025,Serious Injury
25.783759,-80.368631,2025,Serious Injury
25.899219,-80.190821,2025,Serious Injury
25.896711,-80.283152,2025,Fatality
25.829168,-80.249211,2025,Serious Injury
25.79733,-80.139062,2025,Serious Injury
25.870519,-80.323149,2025,Serious Injury
25.808139,-80.275446,2025,Serious Injury
25.823466,-80.257259,2025,Serious Injury
25.841199,-80.269949,2025,Serious Injury
25.748664,-80.258639,2025,Serious Injury
25.895852,-80.211243,2025,Fatality
25.561957,-80.372276,2025,Fatality
25.913245,-80.341037,2025,Fatality
25.754169,-80.230244,2025,Serious Injury
25.608303,-80.348267,2025,Serious Injury
25.823134,-80.26512,2025,Fatality
25.556272,-80.372044,2025,Serious Injury
25.761058,-80.409694,2025,Fatality
25.93484,-80.215821,2025,Fatality
25.535683,-80.477951,2025,Serious Injury
25.849297,-80.2561,2025,Serious Injury
25.469573,-80.471772,2025,Serious Injury
25.748483,-80.287189,2025,Serious Injury
25.686396,-80.354546,2025,Fatality
25.858853,-80.233827,2025,Serious Injury
25.767283,-80.385795,2025,Serious Injury
25.87048,-80.323152,2025,Serious Injury
25.750258,-80.236138,2025,Fatality
25.972569,-80.165999,2025,Serious Injury
25.403281,-80.560699,2025,Serious Injury
25.681313,-80.388923,2025,Serious Injury
25.595179,-80.389011,2025,Serious Injury
25.848725,-80.215237,2025,Fatality
25.882835,-80.234817,2025,Fatality
25.498435,-80.447057,2025,Fatality
25.88484,-80.263025,2020,Serious Injury
25.905748,-80.292247,2020,Serious Injury
25.923803,-80.213624,2025,Serious Injury
25.851416,-80.184769,2020,Serious Injury
25.969318,-80.165468,2020,Serious Injury
25.796856,-80.369183,2020,Serious Injury
25.684616,-80.436865,2021,Serious Injury
25.675421,-80.319372,2021,Fatality
25.78981,-80.182194,2021,Fatality
25.786883,-80.186621,2021,Fatality
25.526581,-80.438557,2021,Serious Injury
25.916125,-80.199836,2021,Serious Injury
25.807485,-80.289412,2021,Serious Injury
25.489929,-80.438491,2021,Fatality
25.802585,-80.313346,2021,Serious Injury
25.809768,-80.215714,2021,Serious Injury
25.906037,-80.292284,2021,Serious Injury
25.90169,-80.184873,2021,Serious Injury
25.491926,-80.453941,2022,Serious Injury
25.827454,-80.240859,2022,Serious Injury
25.695381,-80.405375,2022,Serious Injury
25.819823,-80.188708,2022,Serious Injury
25.433046,-80.509975,2022,Serious Injury
25.831445,-80.184211,2022,Serious Injury
25.587012,-80.479911,2022,Serious Injury
25.59826,-80.365081,2022,Serious Injury
25.506795,-80.424754,2022,Fatality
25.893058,-80.324251,2022,Serious Injury
25.81471,-80.201606,2022,Fatality
25.830712,-80.249255,2022,Serious Injury
25.634113,-80.338564,2022,Fatality
25.797116,-80.205358,2023,Serious Injury
25.843012,-80.206243,2023,Fatality
25.870836,-80.290771,2023,Serious Injury
25.601985,-80.375978,2023,Serious Injury
25.804303,-80.125386,2023,Serious Injury
25.926021,-80.162421,2023,Serious Injury
25.864256,-80.208206,2023,Serious Injury
25.945504,-80.175828,2023,Fatality
25.966076,-80.146138,2023,Serious Injury
25.882977,-80.230703,2023,Fatality
25.780576,-80.418411,2023,Serious Injury
25.914986,-80.156817,2023,Serious Injury
25.768615,-80.214499,2023,Serious Injury
25.804078,-80.190993,2024,Serious Injury
25.781588,-80.344274,2024,Serious Injury
25.840871,-80.387032,2024,Serious Injury
25.941155,-80.241269,2024,Serious Injury
25.842255,-80.233532,2024,Fatality
25.794335,-80.239904,2024,Fatality
25.78334,-80.255761,2024,Serious Injury
25.811993,-80.220708,2024,Serious Injury
25.942439,-80.205587,2024,Serious Injury
25.816269,-80.248635,2024,Serious Injury
25.949802,-80.205452,2024,Fatality
25.736425,-80.165246,2024,Serious Injury
25.841204,-80.269994,2024,Serious Injury
25.671888,-80.430021,2019,Serious Injury
25.714811,-80.407075,2019,Serious Injury
25.719337,-80.27107,2019,Serious Injury
25.906065,-80.23933,2019,Serious Injury
25.671297,-80.365892,2019,Serious Injury
25.847893,-80.182625,2019,Serious Injury
25.890114,-80.190065,2019,Serious Injury
25.795184,-80.206995,2019,Serious Injury
25.447764,-80.475184,2019,Serious Injury
25.863916,-80.314782,2020,Serious Injury
25.875084,-80.170032,2020,Serious Injury
25.810597,-80.264376,2020,Serious Injury
25.92705,-80.188204,2020,Fatality
25.764297,-80.266618,2020,Fatality
25.804427,-80.223567,2020,Fatality
25.847847,-80.184618,2020,Serious Injury
25.890762,-80.173848,2020,Serious Injury
25.812653,-80.264742,2020,Serious Injury
25.889369,-80.210899,2020,Serious Injury
25.652289,-80.381624,2020,Serious Injury
25.802347,-80.215424,2021,Serious Injury
25.859738,-80.330159,2021,Serious Injury
25.613722,-80.353172,2021,Serious Injury
25.87155,-80.242565,2021,Serious Injury
25.843512,-80.209009,2021,Serious Injury
25.641236,-80.385298,2021,Serious Injury
25.870799,-80.315003,2021,Serious Injury
25.781216,-80.34517,2022,Serious Injury
25.732594,-80.354038,2022,Fatality
25.681955,-80.351608,2022,Serious Injury
25.845138,-80.207061,2022,Serious Injury
25.941488,-80.233247,2022,Serious Injury
25.611927,-80.350142,2022,Serious Injury
25.925087,-80.29082,2022,Serious Injury
25.860417,-80.123442,2022,Serious Injury
25.673922,-80.322927,2023,Serious Injury
25.953497,-80.205483,2023,Serious Injury
25.832829,-80.205811,2023,Fatality
25.874655,-80.210157,2023,Serious Injury
25.843606,-80.127167,2023,Serious Injury
25.766904,-80.207154,2023,Serious Injury
25.761602,-80.348301,2023,Serious Injury
25.451208,-80.449659,2023,Serious Injury
25.740386,-80.335781,2023,Serious Injury
25.765124,-80.238739,2024,Serious Injury
25.927022,-80.179901,2024,Serious Injury
25.727294,-80.286203,2024,Serious Injury
25.84054,-80.206233,2024,Serious Injury
25.755093,-80.329397,2024,Fatality
25.672571,-80.359839,2024,Serious Injury
25.867504,-80.254827,2024,Serious Injury
25.947985,-80.352404,2024,Serious Injury
25.952782,-80.213721,2024,Serious Injury
25.861615,-80.215777,2024,Fatality
25.814995,-80.137969,2024,Serious Injury
25.485223,-80.460491,2019,Serious Injury
25.787123,-80.186871,2019,Serious Injury
25.928488,-80.188812,2019,Serious Injury
25.898168,-80.308071,2019,Serious Injury
25.926002,-80.163871,2019,Serious Injury
25.926523,-80.242739,2019,Serious Injury
25.831908,-80.220747,2019,Fatality
25.852841,-80.286461,2019,Serious Injury
25.917416,-80.225382,2019,Serious Injury
25.657099,-80.387463,2019,Serious Injury
25.782681,-80.31766,2019,Serious Injury
25.642014,-80.305734,2020,Serious Injury
25.972267,-80.227792,2020,Fatality
25.672308,-80.372862,2020,Fatality
25.870427,-80.210059,2020,Serious Injury
25.518331,-80.387753,2020,Fatality
25.437021,-80.474801,2020,Serious Injury
25.898821,-80.198876,2020,Serious Injury
25.81002,-80.240187,2020,Fatality
25.50651,-80.428815,2020,Serious Injury
25.655792,-80.308324,2020,Serious Injury
25.861163,-80.225828,2021,Fatality
25.825157,-80.200108,2021,Serious Injury
25.823525,-80.325688,2021,Serious Injury
25.94222,-80.347917,2021,Serious Injury
25.909816,-80.187358,2021,Serious Injury
25.807821,-80.281174,2021,Serious Injury
25.965887,-80.229326,2021,Fatality
25.805356,-80.124777,2021,Serious Injury
25.746568,-80.376579,2021,Fatality
25.787297,-80.141115,2021,Serious Injury
25.878923,-80.167586,2021,Fatality
25.928212,-80.212472,2021,Serious Injury
25.769393,-80.320505,2021,Serious Injury
25.85576,-80.324889,2021,Serious Injury
25.61891,-80.414627,2021,Serious Injury
25.593894,-80.52723,2021,Serious Injury
25.82249,-80.19631,2021,Serious Injury
25.588427,-80.377274,2022,Serious Injury
25.963004,-80.161996,2022,Serious Injury
25.857795,-80.208132,2022,Serious Injury
25.711246,-80.366688,2022,Serious Injury
25.956911,-80.21009,2022,Serious Injury
25.781702,-80.19885,2022,Serious Injury
25.858586,-80.314637,2023,Serious Injury
25.882603,-80.251262,2023,Fatality
25.867663,-80.250821,2023,Fatality
25.781956,-80.284663,2023,Serious Injury
25.801393,-80.199014,2023,Serious Injury
25.805692,-80.199267,2023,Serious Injury
25.853042,-80.184824,2023,Serious Injury
25.69485,-80.300899,2023,Serious Injury
25.771776,-80.190004,2023,Serious Injury
25.715351,-80.276739,2023,Serious Injury
25.969816,-80.143942,2023,Serious Injury
25.883659,-80.21457,2023,Serious Injury
25.462648,-80.452324,2023,Serious Injury
25.87975,-80.339422,2024,Serious Injury
25.800985,-80.235827,2024,Serious Injury
25.723725,-80.372777,2024,Serious Injury
25.783067,-80.24208,2024,Serious Injury
25.949219,-80.146598,2024,Serious Injury
25.562145,-80.372156,2024,Serious Injury
25.813013,-80.135746,2024,Serious Injury
25.756573,-80.25891,2024,Serious Injury
25.92644,-80.252711,2024,Serious Injury
25.877092,-80.311169,2024,Serious Injury
25.470175,-80.420935,2024,Fatality
25.78333,-80.174129,2019,Fatality
25.811448,-80.139228,2019,Serious Injury
25.779407,-80.239402,2019,Fatality
25.77344,-80.193557,2019,Fatality
25.913921,-80.209973,2019,Serious Injury
25.83467,-80.322147,2019,Serious Injury
25.86456,-80.336323,2019,Serious Injury
25.85386,-80.318512,2019,Serious Injury
25.847623,-80.274388,2019,Serious Injury
25.837948,-80.28593,2019,Serious Injury
25.881798,-80.251219,2019,Serious Injury
25.773287,-80.214655,2019,Serious Injury
25.47707,-80.492198,2019,Serious Injury
25.684997,-80.429311,2019,Serious Injury
25.850665,-80.31801,2019,Fatality
25.745641,-80.222328,2019,Fatality
25.89472,-80.243592,2019,Serious Injury
25.804586,-80.219587,2019,Serious Injury
25.781559,-80.352503,2020,Serious Injury
25.684853,-80.42973,2020,Serious Injury
25.7253,-80.383601,2020,Serious Injury
25.810608,-80.217783,2020,Serious Injury
25.661917,-80.385706,2020,Serious Injury
25.882784,-80.326611,2020,Serious Injury
25.690584,-80.348637,2020,Fatality
25.861199,-80.224732,2020,Serious Injury
25.921368,-80.184109,2020,Serious Injury
25.810122,-80.321211,2020,Serious Injury
25.822973,-80.212118,2020,Serious Injury
25.794088,-80.321021,2020,Serious Injury
25.771992,-80.251009,2020,Serious Injury
25.757708,-80.424901,2021,Serious Injury
25.837963,-80.28981,2021,Serious Injury
25.892741,-80.199859,2021,Fatality
25.562694,-80.376696,2021,Serious Injury
25.856644,-80.209496,2021,Serious Injury
25.816976,-80.272828,2021,Serious Injury
25.910941,-80.167399,2021,Serious Injury
25.829406,-80.205969,2021,Serious Injury
25.551906,-80.362655,2021,Fatality
25.94129,-80.148789,2021,Serious Injury
25.809348,-80.231718,2021,Serious Injury
25.580783,-80.40922,2021,Fatality
25.80779,-80.282084,2021,Serious Injury
25.847969,-80.310299,2022,Serious Injury
25.784002,-80.131014,2022,Serious Injury
25.910545,-80.232697,2022,Serious Injury
25.805233,-80.244191,2022,Fatality
25.839274,-80.271904,2022,Serious Injury
25.965603,-80.246563,2022,Fatality
25.786474,-80.264227,2022,Serious Injury
25.603294,-80.494727,2023,Serious Injury
25.691528,-80.424535,2023,Fatality
25.469689,-80.499622,2023,Serious Injury
25.67039,-80.427629,2023,Fatality
25.492077,-80.419525,2023,Serious Injury
25.733157,-80.335994,2023,Serious Injury
25.636213,-80.337777,2023,Serious Injury
25.827486,-80.224613,2023,Serious Injury
25.780053,-80.320858,2023,Serious Injury
25.779127,-80.372982,2024,Serious Injury
25.812241,-80.246685,2024,Serious Injury
25.775533,-80.250896,2024,Serious Injury
25.906392,-80.24391,2024,Serious Injury
25.373798,-80.463181,2024,Serious Injury
25.612271,-80.387125,2024,Serious Injury
25.564752,-80.51277,2024,Serious Injury
25.688357,-80.325475,2024,Serious Injury
25.670325,-80.429694,2024,Serious Injury
25.770282,-80.312228,2024,Fatality
25.85914,-80.248354,2024,Fatality
25.94026,-80.221337,2025,Serious Injury
25.940708,-80.246778,2025,Serious Injury
25.929359,-80.260854,2025,Fatality
25.84788,-80.314196,2025,Fatality
25.842499,-80.298087,2025,Serious Injury
25.885116,-80.307557,2025,Serious Injury
25.862003,-80.207708,2025,Serious Injury
25.819949,-80.195775,2025,Serious Injury
25.869608,-80.193779,2025,Serious Injury
25.973323,-80.182898,2025,Serious Injury
25.838342,-80.24963,2025,Serious Injury
25.95786,-80.195618,2025,Serious Injury
25.776519,-80.197815,2025,Serious Injury
25.86015,-80.209505,2025,Serious Injury
25.826232,-80.313642,2025,Fatality
25.784006,-80.136359,2025,Serious Injury
25.94565,-80.213457,2025,Serious Injury
25.517703,-80.412615,2025,Serious Injury
25.794628,-80.141455,2025,Serious Injury
25.467625,-80.473231,2025,Serious Injury
25.924531,-80.320989,2025,Fatality
25.815614,-80.270769,2025,Serious Injury
25.954535,-80.265751,2025,Serious Injury
25.883407,-80.210605,2025,Serious Injury
25.45064,-80.441093,2025,Serious Injury
25.684637,-80.440385,2025,Fatality
25.782927,-80.310514,2025,Serious Injury
25.92656,-80.309603,2025,Serious Injury
25.83897,-80.279973,2025,Serious Injury
25.964925,-80.139476,2025,Serious Injury
25.934146,-80.244879,2025,Serious Injury
25.795161,-80.206901,2025,Fatality
25.61211,-80.41424,2025,Serious Injury
25.777191,-80.388676,2025,Fatality
25.443847,-80.457633,2025,Serious Injury
25.792201,-80.20534,2025,Serious Injury
25.68595,-80.400902,2025,Serious Injury
25.780346,-80.214787,2025,Serious Injury
25.846895,-80.216161,2025,Serious Injury
25.613921,-80.44658,2025,Serious Injury
25.82924,-80.249254,2025,Serious Injury
25.680572,-80.368211,2025,Serious Injury
25.825436,-80.191972,2025,Serious Injury
25.841957,-80.22327,2025,Serious Injury
25.791627,-80.145173,2025,Serious Injury
25.447635,-80.517075,2025,Serious Injury
25.629414,-80.382272,2025,Serious Injury
25.794811,-80.143763,2025,Serious Injury
25.924499,-80.209841,2025,Fatality
25.927665,-80.216138,2025,Fatality
25.559477,-80.388403,2025,Serious Injury
25.590764,-80.38104,2025,Fatality
25.880015,-80.209066,2025,Serious Injury
25.870999,-80.31504,2025,Fatality
25.935651,-80.336618,2025,Fatality
25.82777,-80.23275,2025,Serious Injury
25.698641,-80.457741,2025,Serious Injury
25.853764,-80.1352,2025,Serious Injury
25.609173,-80.479206,2025,Serious Injury
25.963217,-80.205803,2025,Serious Injury
25.685975,-80.393897,2025,Fatality
25.830634,-80.208345,2025,Fatality
25.953178,-80.228786,2025,Serious Injury
25.890788,-80.209585,2025,Serious Injury
25.843791,-80.274184,2025,Serious Injury
25.795264,-80.20712,2025,Serious Injury
25.790953,-80.159464,2025,Serious Injury
25.768519,-80.365415,2025,Serious Injury
25.774423,-80.381508,2025,Serious Injury
25.925688,-80.355887,2025,Serious Injury
25.789078,-80.134228,2025,Serious Injury
25.734124,-80.27518,2025,Serious Injury
25.752083,-80.260786,2025,Serious Injury
25.789619,-80.314535,2025,Serious Injury
25.696558,-80.333833,2025,Serious Injury
25.843563,-80.204409,2025,Fatality
25.893699,-80.308169,2025,Serious Injury
25.597264,-80.39106,2025,Serious Injury
25.812531,-80.249185,2025,Serious Injury
25.945896,-80.165246,2025,Fatality
25.594245,-80.356355,2025,Fatality
25.780308,-80.321401,2025,Serious Injury
25.899388,-80.209903,2025,Serious Injury
25.683678,-80.354803,2025,Serious Injury
25.883121,-80.20894,2025,Serious Injury
25.701406,-80.293258,2025,Serious Injury
25.785713,-80.190129,2025,Serious Injury
25.957018,-80.223502,2025,Serious Injury
25.926729,-80.244523,2025,Serious Injury
25.869033,-80.329306,2025,Serious Injury
25.46021,-80.455831,2025,Serious Injury
25.784152,-80.290762,2025,Serious Injury
25.695001,-80.301012,2025,Serious Injury
25.825005,-80.208124,2025,Serious Injury
25.684835,-80.429959,2025,Serious Injury
25.882747,-80.208876,2025,Serious Injury
25.849251,-80.204882,2025,Serious Injury
25.831433,-80.24924,2025,Serious Injury
25.766457,-80.147224,2025,Serious Injury
25.899626,-80.323851,2025,Fatality
25.90614,-80.24387,2025,Fatality
25.81403,-80.13341,2025,Serious Injury
25.945742,-80.233467,2025,Serious Injury
25.927618,-80.213411,2025,Serious Injury
25.845586,-80.274313,2025,Serious Injury
25.859263,-80.274702,2025,Serious Injury
25.593997,-80.319613,2025,Serious Injury
25.729641,-80.415682,2025,Serious Injury
25.826715,-80.261375,2025,Fatality
25.77191,-80.149787,2025,Fatality
25.783904,-80.141141,2025,Serious Injury
25.777361,-80.163779,2025,Serious Injury
25.74573,-80.221711,2025,Serious Injury
25.809713,-80.13614,2025,Serious Injury
25.85614,-80.122304,2025,Serious Injury
25.825208,-80.248934,2025,Fatality
25.823089,-80.26935,2025,Serious Injury
25.859775,-80.274627,2025,Serious Injury
25.732338,-80.370553,2025,Fatality
25.787315,-80.203473,2025,Serious Injury
25.964463,-80.1656,2025,Fatality
25.846744,-80.217496,2025,Serious Injury
25.536758,-80.391133,2025,Serious Injury
25.948571,-80.35277,2025,Serious Injury
25.84675,-80.120109,2025,Fatality
25.780284,-80.321073,2025,Serious Injury
25.944715,-80.173196,2025,Serious Injury
25.883266,-80.210482,2025,Serious Injury
25.956686,-80.213775,2025,Serious Injury
25.748645,-80.258656,2025,Serious Injury
25.828399,-80.214333,2025,Serious Injury
25.857444,-80.225743,2025,Serious Injury
25.50676,-80.428874,2025,Serious Injury
25.564878,-80.494429,2025,Serious Injury
25.856876,-80.314572,2025,Serious Injury
25.83287,-80.283768,2025,Serious Injury
25.859934,-80.268641,2025,Fatality
25.866511,-80.320287,2025,Fatality
25.969792,-80.229514,2025,Serious Injury
25.556079,-80.36272,2025,Serious Injury
25.725062,-80.284064,2025,Serious Injury
25.898249,-80.211728,2025,Serious Injury
25.84074,-80.32466,2025,Serious Injury
25.811663,-80.139405,2025,Serious Injury
25.822075,-80.313537,2025,Fatality
25.953987,-80.177143,2025,Serious Injury
25.871915,-80.323203,2025,Serious Injury
25.801082,-80.321196,2025,Serious Injury
25.910493,-80.187468,2025,Serious Injury
25.930809,-80.26895,2025,Serious Injury
25.964803,-80.173939,2025,Serious Injury
25.577156,-80.39694,2025,Serious Injury
25.88726,-80.339635,2025,Serious Injury
25.666427,-80.369904,2025,Serious Injury
25.795682,-80.141409,2025,Serious Injury
25.878792,-80.35694,2025,Fatality
25.297249,-80.385572,2025,Fatality
25.596032,-80.429843,2025,Serious Injury
25.586893,-80.514558,2025,Serious Injury
25.868866,-80.209904,2025,Fatality
25.63585,-80.337761,2025,Serious Injury
25.851165,-80.233681,2025,Fatality
25.913134,-80.202919,2025,Serious Injury
25.591678,-80.380323,2025,Serious Injury
25.814517,-80.244551,2025,Serious Injury
25.924361,-80.244445,2025,Fatality
25.685186,-80.417078,2025,Serious Injury
25.954654,-80.24035,2025,Fatality
25.596243,-80.421711,2025,Serious Injury
25.816011,-80.256703,2025,Serious Injury
25.848922,-80.207221,2025,Serious Injury
25.701895,-80.420956,2025,Serious Injury
25.468224,-80.454162,2025,Serious Injury
25.860217,-80.314604,2025,Fatality
25.752395,-80.394167,2025,Fatality
25.440435,-80.501537,2025,Fatality
25.478599,-80.438124,2025,Fatality
25.834114,-80.265738,2025,Serious Injury
25.829887,-80.281661,2025,Serious Injury
25.785077,-80.141093,2025,Serious Injury
25.807053,-80.365392,2025,Serious Injury
25.796865,-80.369072,2025,Serious Injury
25.806095,-80.138194,2025,Serious Injury
25.843582,-80.200771,2025,Serious Injury
25.840702,-80.382542,2025,Serious Injury
25.694217,-80.306468,2025,Serious Injury
25.829811,-80.28367,2025,Serious Injury
25.888897,-80.291423,2025,Serious Injury
25.809882,-80.336823,2025,Serious Injury
25.850667,-80.23391,2025,Fatality
25.941509,-80.430605,2025,Serious Injury
25.750311,-80.236225,2025,Serious Injury
25.88272,-80.235016,2025,Serious Injury
25.812478,-80.206656,2025,Serious Injury
25.880459,-80.32374,2025,Serious Injury
25.875155,-80.209059,2025,Fatality
25.780914,-80.369156,2025,Fatality
25.758903,-80.40592,2025,Serious Injury
25.853689,-80.233939,2025,Fatality
25.700393,-80.398595,2025,Serious Injury
25.86392,-80.17719,2025,Serious Injury
25.733243,-80.323432,2025,Serious Injury
25.80968,-80.221876,2025,Fatality
25.889944,-80.19459,2025,Serious Injury
25.950053,-80.261911,2025,Fatality
25.941843,-80.224355,2025,Serious Injury
25.837047,-80.230212,2025,Serious Injury
25.734054,-80.259406,2025,Serious Injury
25.685413,-80.418302,2025,Serious Injury
28.737693,-80.884926,2025,Fatality
25.732613,-80.25404,2025,Serious Injury
25.830724,-80.259268,2025,Serious Injury
25.90899,-80.330058,2025,Fatality
25.541307,-80.331354,2025,Serious Injury
25.804094,-80.248181,2025,Serious Injury
25.726621,-80.154368,2025,Serious Injury
25.780158,-80.419201,2025,Serious Injury
25.775923,-80.200061,2025,Serious Injury
25.872039,-80.218143,2025,Serious Injury
25.756626,-80.206578,2025,Fatality
25.882511,-80.251001,2025,Serious Injury
25.829979,-80.279203,2025,Serious Injury
25.889265,-80.207755,2025,Fatality
25.847838,-80.184633,2025,Serious Injury
25.956668,-80.214292,2025,Serious Injury
25.771876,-80.202683,2025,Serious Injury
25.77568,-80.133808,2025,Serious Injury
25.695925,-80.478887,2025,Serious Injury
29.20582,-82.18327,2025,Fatality
25.902896,-80.235634,2025,Serious Injury
25.944036,-80.147916,2025,Serious Injury
25.935495,-80.121768,2025,Serious Injury
25.825625,-80.265307,2025,Serious Injury
25.627643,-80.374845,2025,Serious Injury
25.731367,-80.388276,2025,Serious Injury
25.794975,-80.130831,2025,Serious Injury
25.882867,-80.194371,2025,Serious Injury
25.748272,-80.295395,2025,Serious Injury
25.945725,-80.168581,2025,Serious Injury
25.942737,-80.188385,2025,Serious Injury
25.864567,-80.387674,2025,Serious Injury
25.778027,-80.386021,2025,Serious Injury
25.78147,-80.33087,2025,Fatality
25.76316,-80.303854,2025,Fatality
25.723652,-80.383989,2025,Fatality
25.795234,-80.204416,2025,Serious Injury
25.886672,-80.234824,2025,Serious Injury
25.800027,-80.231708,2025,Serious Injury
25.784293,-80.290391,2025,Serious Injury
25.685915,-80.395822,2025,Serious Injury
25.77755,-80.208035,2025,Serious Injury
25.861745,-80.180864,2025,Fatality
25.77733,-80.163404,2025,Serious Injury
25.511677,-80.434075,2025,Serious Injury
25.656844,-80.379026,2025,Fatality
25.763962,-80.274501,2025,Serious Injury
25.928655,-80.188289,2025,Serious Injury
25.484938,-80.427681,2025,Serious Injury
25.960521,-80.229928,2025,Serious Injury
25.939666,-80.281285,2025,Serious Injury
25.714415,-80.419105,2025,Fatality
25.754524,-80.202823,2025,Serious Injury
25.949329,-80.182484,2025,Fatality
25.854831,-80.322639,2025,Fatality
25.752554,-80.205885,2025,Serious Injury
25.93128,-80.244967,2025,Serious Injury
25.771879,-80.255513,2025,Fatality
25.84057,-80.38247,2025,Serious Injury
25.72359,-80.318189,2025,Serious Injury
25.815633,-80.265219,2025,Fatality
25.789917,-80.405242,2025,Serious Injury
25.850057,-80.185716,2025,Serious Injury
25.780716,-80.200396,2025,Serious Injury
25.928698,-80.244778,2025,Serious Injury
25.904481,-80.175033,2025,Serious Injury
25.787019,-80.185707,2025,Fatality
25.825471,-80.216338,2025,Serious Injury
25.755275,-80.320009,2025,Serious Injury
25.460335,-80.483265,2025,Serious Injury
25.838378,-80.273912,2025,Serious Injury
25.807877,-80.248337,2025,Fatality
25.804913,-80.198758,2025,Serious Injury
25.948304,-80.33564,2025,Serious Injury
25.684023,-80.35407,2025,Serious Injury
25.844743,-80.272228,2025,Serious Injury
25.748589,-80.281799,2025,Serious Injury
25.74766,-80.335718,2025,Serious Injury
25.764738,-80.25488,2025,Serious Injury
25.759523,-80.202404,2025,Serious Injury
25.825471,-80.22252,2025,Serious Injury
25.734969,-80.257621,2025,Serious Injury
25.699466,-80.334101,2025,Serious Injury
25.693535,-80.333717,2025,Fatality
25.446652,-80.491319,2025,Serious Injury
25.828797,-80.20018,2025,Serious Injury
25.851479,-80.274573,2025,Serious Injury
25.921571,-80.187977,2025,Serious Injury
25.810645,-80.264436,2025,Serious Injury
25.869595,-80.242637,2025,Fatality
25.866637,-80.308418,2025,Serious Injury
25.811342,-80.381528,2025,Serious Injury
25.808233,-80.205715,2025,Serious Injury
25.454375,-80.412198,2025,Serious Injury
25.896537,-80.286643,2025,Serious Injury
25.961245,-80.205737,2025,Fatality
25.792331,-80.223204,2025,Serious Injury
25.929475,-80.212205,2025,Serious Injury
25.732185,-80.371119,2025,Fatality
25.946145,-80.205168,2025,Serious Injury
25.702993,-80.4791,2025,Serious Injury
25.826685,-80.269425,2025,Serious Injury
25.865368,-80.322841,2025,Serious Injury
25.82411,-80.224617,2025,Fatality
25.97035,-80.165377,2025,Serious Injury
25.778653,-80.318586,2025,Serious Injury
25.849191,-80.282371,2025,Serious Injury
25.866265,-80.266728,2025,Serious Injury
25.772213,-80.234238,2025,Serious Injury
25.809389,-80.230505,2025,Fatality
25.952824,-80.228687,2025,Serious Injury
25.752127,-80.384925,2025,Serious Injury
25.748213,-80.385062,2025,Fatality
25.733084,-80.339818,2025,Serious Injury
25.942749,-80.198876,2025,Serious Injury
25.515668,-80.407206,2025,Serious Injury
25.742925,-80.22162,2025,Serious Injury
25.703111,-80.318118,2025,Fatality
25.884125,-80.200695,2025,Fatality
25.810053,-80.257612,2025,Serious Injury
25.837308,-80.281922,2025,Fatality
25.497025,-80.448535,2025,Fatality
25.943683,-80.187457,2025,Serious Injury
25.848928,-80.17428,2025,Serious Injury
25.779203,-80.246221,2025,Serious Injury
25.840166,-80.233301,2025,Serious Injury
25.643915,-80.327994,2025,Serious Injury
25.809157,-80.239499,2025,Serious Injury
25.514075,-80.433287,2025,Fatality
25.794841,-80.219504,2025,Serious Injury
25.835403,-80.22514,2025,Serious Injury
25.806406,-80.199205,2025,Serious Injury
25.935185,-80.311811,2025,Serious Injury
25.765989,-80.206187,2025,Fatality
25.702378,-80.334281,2025,Serious Injury
25.620877,-80.37856,2025,Serious Injury
25.638039,-80.385266,2025,Serious Injury
25.872773,-80.307026,2025,Serious Injury
25.884203,-80.301326,2025,Serious Injury
25.942614,-80.188406,2025,Serious Injury
25.478087,-80.477355,2025,Serious Injury
25.85159,-80.306499,2025,Serious Injury
25.85262,-80.266523,2025,Fatality
25.830001,-80.279566,2025,Serious Injury
25.867033,-80.27457,2025,Fatality
25.61864,-80.333028,2025,Serious Injury
25.558776,-80.429277,2025,Serious Injury
25.819392,-80.187685,2025,Serious Injury
25.684599,-80.442134,2025,Serious Injury
25.787898,-80.130455,2025,Serious Injury
25.791057,-80.129943,2025,Serious Injury
25.754955,-80.282032,2025,Serious Injury
25.873334,-80.322756,2025,Serious Injury
25.955199,-80.245893,2025,Fatality
25.930688,-80.244913,2025,Fatality
25.945558,-80.245616,2025,Serious Injury
25.787221,-80.185432,2025,Serious Injury
25.806709,-80.127808,2025,Fatality
25.766171,-80.19747,2025,Serious Injury
25.797856,-80.205393,2025,Serious Injury
25.93579,-80.204975,2025,Serious Injury
25.809108,-80.240402,2025,Fatality
25.817609,-80.369652,2025,Serious Injury
25.838278,-80.196551,2025,Serious Injury
25.805455,-80.383798,2025,Serious Injury
25.883014,-80.24477,2025,Serious Injury
25.781609,-80.347786,2025,Serious Injury
25.779387,-80.214822,2025,Serious Injury
25.7948,-80.256207,2025,Fatality
25.75158,-80.219884,2025,Fatality
25.831222,-80.241012,2025,Serious Injury
25.846094,-80.237539,2025,Serious Injury
25.799421,-80.248244,2025,Fatality
25.863875,-80.30968,2025,Fatality
25.863079,-80.208385,2025,Serious Injury
25.709575,-80.282905,2025,Fatality
25.624954,-80.342806,2025,Serious Injury
25.751173,-80.211787,2025,Serious Injury
25.767558,-80.217847,2025,Fatality
25.79948,-80.207113,2025,Serious Injury
25.77142,-80.197645,2025,Fatality
25.869481,-80.197736,2025,Fatality
25.884283,-80.29533,2025,Serious Injury
25.939008,-80.149508,2025,Serious Injury
25.462131,-80.475254,2025,Serious Injury
25.774871,-80.198916,2025,Serious Injury
25.943505,-80.180799,2025,Serious Injury
25.718754,-80.290075,2025,Serious Injury
25.749859,-80.210517,2025,Serious Injury
25.654608,-80.455845,2025,Serious Injury
25.77232,-80.219634,2025,Serious Injury
25.885239,-80.123526,2025,Serious Injury
25.807195,-80.289437,2025,Fatality
25.681414,-80.38881,2025,Serious Injury
25.726288,-80.261846,2025,Serious Injury
25.910528,-80.187464,2025,Serious Injury
25.459853,-80.465835,2025,Fatality
25.890674,-80.209497,2025,Serious Injury
