{"type": "FeatureCollection", "features": [{"type": "Feature", "geometry": {"type": "Polygon", "coordinates": [[[-80.3207900040057, 25.7842899996104], [-80.32265000791, 25.7842999999874], [-80.3226200055831, 25.7897900006319], [-80.3240699952321, 25.7897800007179], [-80.3241900045396, 25.7934200005802], [-80.3243900025068, 25.7934300001872], [-80.3311600012477, 25.7934200005802], [-80.3313800007662, 25.7917399993399], [-80.3337999954697, 25.7917000003366], [-80.3368700054984, 25.7939300031577], [-80.3369499941582, 25.7970400006629], [-80.3289800076138, 25.7972600009011], [-80.332419993705, 25.7984199989951], [-80.3369499941582, 25.7972300030468], [-80.337189995228, 25.8053999990738], [-80.3357200040278, 25.8054099976702], [-80.325159992049, 25.8043300022294], [-80.3252599998052, 25.8079599991808], [-80.3213799971319, 25.807840002756], [-80.3213199924781, 25.8053200023749], [-80.318760004461, 25.8082300025387], [-80.3092900068444, 25.808840003472], [-80.3089399972428, 25.7971999972865], [-80.3088899933646, 25.808700003406], [-80.3045500076482, 25.8068099981701], [-80.3049200012559, 25.8039999977102], [-80.291620004844, 25.8048399973541], [-80.2870500012882, 25.8076199984647], [-80.2686499953029, 25.8081999995634], [-80.2650599975775, 25.805949999597], [-80.2643899982463, 25.7948100010524], [-80.2655099973901, 25.7948300000311], [-80.2669500038086, 25.7914699979075], [-80.2687099999567, 25.7899899987347], [-80.2702199942594, 25.7885699970008], [-80.271270005519, 25.7891899964005], [-80.2695699964795, 25.7933900017541], [-80.2731799957562, 25.7931500029737], [-80.2717200053316, 25.7896300019067], [-80.2748400016932, 25.7893500036182], [-80.2723700031115, 25.7880200027189], [-80.2742899941244, 25.7852299997608], [-80.2798200019591, 25.7860399974438], [-80.3176100029904, 25.7844299969117], [-80.3188399931208, 25.7864899990322], [-80.3167500064676, 25.7885399969476], [-80.3016399924843, 25.7890099969087], [-80.3035500002667, 25.7897500009708], [-80.3019532799396, 25.7937802939448], [-80.3079100050796, 25.7938299995729], [-80.3087500000511, 25.7892800039428], [-80.3090700073259, 25.7965600015979], [-80.3107399964933, 25.7953900016582], [-80.3115400059076, 25.7906199984525], [-80.3129899955565, 25.7958299999524], [-80.3187400029098, 25.7928199989207], [-80.3207800032301, 25.7936599988141], [-80.3207900040057, 25.7842899996104]], [[-80.3007499936346, 25.7891099966601], [-80.2914000053255, 25.789800000545], [-80.296570002783, 25.7923799973536], [-80.2989299928328, 25.7923099994669], [-80.2990700036916, 25.7929300030066], [-80.3007499936346, 25.7891099966601]]]}, "properties": {"f1": 33122, "f2": "Miami", "f15": 587}}, {"type": "Feature", "geometry": {"type": "Polygon", "coordinates": [[[-80.38417, 25.51281], [-80.3820999999999, 25.5072400000001], [-80.3755199999999, 25.50355], [-80.37169, 25.5038000000002], [-80.37176, 25.5074600000001], [-80.36388, 25.5077800000001], [-80.3636, 25.4928], [-80.37163, 25.49271], [-80.37171, 25.4890600000001], [-80.3716, 25.48794], [-80.37841, 25.4888900000001], [-80.3858299999999, 25.4835100000002], [-80.38579, 25.47607], [-80.3957599999999, 25.4760500000001], [-80.39574, 25.4738500000002], [-80.40053, 25.47372], [-80.4025, 25.47246], [-80.4038699999999, 25.47223], [-80.40489, 25.4803600000002], [-80.41198, 25.48035], [-80.41215, 25.48717], [-80.41022, 25.48718], [-80.41014, 25.4913600000001], [-80.40817, 25.4941900000002], [-80.4051399999999, 25.49425], [-80.40521, 25.4997100000002], [-80.4003799999999, 25.4991200000001], [-80.3992599999999, 25.5044700000001], [-80.39846, 25.5037300000001], [-80.39896, 25.5063800000001], [-80.39608, 25.50715], [-80.3961299999999, 25.5024200000002], [-80.39145, 25.5024000000001], [-80.39448, 25.49979], [-80.3925, 25.49982], [-80.39082, 25.4966500000001], [-80.38974, 25.4975], [-80.39106, 25.49876], [-80.38941, 25.49931], [-80.38888, 25.49817], [-80.38693, 25.49968], [-80.39032, 25.5024000000001], [-80.3911399999999, 25.50483], [-80.38934, 25.5050100000001], [-80.39006, 25.50657], [-80.3954999999999, 25.50715], [-80.3960999999999, 25.5087300000001], [-80.40427, 25.5085100000001], [-80.40436, 25.5144600000002], [-80.39617, 25.51456], [-80.3962, 25.5177200000001], [-80.39158, 25.51826], [-80.38768, 25.5183000000001], [-80.38738, 25.51282], [-80.38417, 25.51281]]]}, "properties": {"f1": 33039, "f2": "Homestead", "f15": 353}}, {"type": "Feature", "geometry": {"type": "MultiPolygon", "coordinates": [[[[-80.1437199999999, 25.7702000000001], [-80.14519, 25.76991], [-80.1466099999999, 25.77218], [-80.14532, 25.7725200000001], [-80.1437199999999, 25.7702000000001]]], [[[-80.15245, 25.7728100000002], [-80.1503099999999, 25.7722600000001], [-80.14795, 25.7725500000001], [-80.14603, 25.7696200000001], [-80.1690399999999, 25.77937], [-80.16898, 25.77963], [-80.16892, 25.7797700000001], [-80.16889, 25.77986], [-80.15506, 25.7740800000001], [-80.15245, 25.7728100000002]]], [[[-80.14882, 25.7754400000001], [-80.15059, 25.77399], [-80.15182, 25.77481], [-80.15254, 25.78015], [-80.1509699999999, 25.78114], [-80.14957, 25.7803000000002], [-80.14882, 25.7754400000001]]], [[[-80.15662, 25.7772400000002], [-80.1584799999999, 25.77696], [-80.16786, 25.7811700000001], [-80.1670099999999, 25.7829400000002], [-80.1569699999999, 25.7787200000001], [-80.15662, 25.7772400000002]]], [[[-80.15565, 25.78087], [-80.15712, 25.78046], [-80.16539, 25.78407], [-80.16441, 25.7857800000002], [-80.15611, 25.78238], [-80.15565, 25.78087]]], [[[-80.1519, 25.78557], [-80.15258, 25.78475], [-80.15351, 25.7851], [-80.15262, 25.78601], [-80.1519, 25.78557]]], [[[-80.1716581218043, 25.7900049539826], [-80.1793399999999, 25.78961], [-80.17943, 25.7907], [-80.17218, 25.7912], [-80.1716581218043, 25.7900049539826]]], [[[-80.1664599999999, 25.7897], [-80.1705499999999, 25.78961], [-80.17078, 25.7897], [-80.17028, 25.79129], [-80.16649, 25.7914100000001], [-80.1664599999999, 25.7897]]], [[[-80.14576, 25.7904700000001], [-80.1472899999999, 25.7891700000001], [-80.15036, 25.7910600000002], [-80.1489, 25.7929500000001], [-80.14576, 25.7904700000001]]], [[[-80.1620199999999, 25.7926200000002], [-80.16241, 25.78804], [-80.16394, 25.7886800000001], [-80.16319, 25.79343], [-80.1620199999999, 25.7926200000002]]], [[[-80.15398, 25.7928000000001], [-80.15471, 25.7877], [-80.15604, 25.78841], [-80.1563899999999, 25.7922500000001], [-80.15509, 25.7944900000001], [-80.15398, 25.7928000000001]]], [[[-80.15764, 25.7871700000001], [-80.15916, 25.78624], [-80.15965, 25.79555], [-80.15828, 25.7951400000001], [-80.15797, 25.79077], [-80.15764, 25.7871700000001]]], [[[-80.17632, 25.79834], [-80.17768, 25.79745], [-80.17797, 25.7976200000002], [-80.1765999999999, 25.7996500000001], [-80.17664, 25.7986500000001], [-80.17632, 25.79834]]], [[[-80.12263, 25.8051500000001], [-80.13028, 25.77283], [-80.1301599999999, 25.7638900000002], [-80.1367599999999, 25.7665500000001], [-80.1386599999999, 25.7691700000001], [-80.14206, 25.77435], [-80.14352, 25.7835200000002], [-80.1458099999999, 25.7875800000001], [-80.14484, 25.7911100000001], [-80.1311791511152, 25.7986543190319], [-80.13682, 25.79564], [-80.14502, 25.7916100000001], [-80.14519, 25.79602], [-80.14165, 25.79632], [-80.14058, 25.7969100000001], [-80.13878, 25.79473], [-80.13669, 25.7958700000001], [-80.13477, 25.8000500000001], [-80.13115, 25.79935], [-80.13147, 25.80157], [-80.12974, 25.80108], [-80.1302199999999, 25.7994], [-80.12968, 25.80061], [-80.1286, 25.79994], [-80.1310195744251, 25.7986185518069], [-80.12802, 25.8001400000002], [-80.1277, 25.79948], [-80.12742, 25.80024], [-80.12802, 25.79835], [-80.12629, 25.7978000000001], [-80.12263, 25.8051500000001]]]]}, "properties": {"f1": 33139, "f2": "Miami Beach", "f15": 217}}, {"type": "Feature", "geometry": {"type": "Polygon", "coordinates": [[[-80.34385, 25.8696700000002], [-80.32381, 25.85461], [-80.32351, 25.8543900000001], [-80.32268, 25.8537600000002], [-80.32267, 25.8535700000001], [-80.32137, 25.8529400000001], [-80.31435, 25.84772], [-80.29048, 25.8297100000002], [-80.28056, 25.8224], [-80.28041, 25.8225600000001], [-80.27953, 25.82189], [-80.27973, 25.8216800000001], [-80.27304, 25.8170000000001], [-80.27301, 25.8166000000001], [-80.270448, 25.8147063478263], [-80.270448, 25.8150455354037], [-80.26198, 25.8086900000001], [-80.26141, 25.8082600000001], [-80.26503, 25.8083100000002], [-80.26447, 25.8075], [-80.26506, 25.8059500000001], [-80.26865, 25.8082], [-80.28705, 25.8076200000001], [-80.29162, 25.8048400000002], [-80.30492, 25.8040000000002], [-80.30455, 25.80681], [-80.30889, 25.8087], [-80.30894, 25.7972], [-80.30929, 25.80884], [-80.31876, 25.80823], [-80.32132, 25.80532], [-80.32138, 25.80784], [-80.32526, 25.80796], [-80.32516, 25.80433], [-80.33572, 25.8054100000001], [-80.3356, 25.80591], [-80.33589, 25.8059900000001], [-80.33598, 25.8071500000002], [-80.33582, 25.80727], [-80.33724, 25.8072200000001], [-80.33737, 25.8115100000002], [-80.32941, 25.8116900000002], [-80.33738, 25.8116900000002], [-80.33893, 25.8541100000001], [-80.345797, 25.8543239891304], [-80.345797, 25.8553024517136], [-80.33859, 25.8552800000001], [-80.33865, 25.85796], [-80.33578, 25.85796], [-80.34254, 25.86298], [-80.34185, 25.8662200000001], [-80.34009, 25.8648300000001], [-80.34058, 25.86316], [-80.33894, 25.8632200000001], [-80.33877, 25.8607000000001], [-80.33259, 25.8607300000001], [-80.34385, 25.8696700000002]]]}, "properties": {"f1": 33166, "f2": "Miami", "f15": 316}}, {"type": "Feature", "geometry": {"type": "MultiPolygon", "coordinates": [[[[-80.14229, 25.7965400000002], [-80.14518, 25.79651], [-80.1461999999999, 25.79795], [-80.1417, 25.79834], [-80.14229, 25.7965400000002]]], [[[-80.1439, 25.7986100000001], [-80.14671, 25.79856], [-80.14686, 25.7986100000001], [-80.14737, 25.7998000000001], [-80.14138, 25.7999800000001], [-80.14168, 25.79871], [-80.1439, 25.7986100000001]]], [[[-80.14217, 25.8006900000001], [-80.1474499999999, 25.8006300000001], [-80.14774, 25.80279], [-80.1417599999999, 25.8031200000001], [-80.14217, 25.8006900000001]]], [[[-80.1417599999999, 25.80397], [-80.14509, 25.80379], [-80.14711, 25.80425], [-80.14569, 25.80593], [-80.14144, 25.8056900000001], [-80.1417599999999, 25.80397]]], [[[-80.15207, 25.8112000000002], [-80.15028, 25.81056], [-80.15073, 25.80998], [-80.16019, 25.81004], [-80.1600699999999, 25.81046], [-80.1701399999999, 25.81054], [-80.1699999999999, 25.81122], [-80.1685899999999, 25.8112000000002], [-80.16846, 25.8113300000001], [-80.16829, 25.8112800000001], [-80.15207, 25.8112000000002]]], [[[-80.13049, 25.8228000000002], [-80.13371, 25.8102100000002], [-80.14715, 25.8102200000001], [-80.13884, 25.81631], [-80.1371499999999, 25.81946], [-80.13779, 25.8216700000001], [-80.13406, 25.8258800000001], [-80.13049, 25.8228000000002]]], [[[-80.1270599999999, 25.8045000000001], [-80.1273499999999, 25.8008100000002], [-80.1286, 25.79994], [-80.12968, 25.80061], [-80.1302199999999, 25.7994], [-80.12974, 25.80108], [-80.13147, 25.80157], [-80.13115, 25.79935], [-80.13477, 25.8000500000001], [-80.13669, 25.7958700000001], [-80.13878, 25.79473], [-80.14058, 25.7969100000001], [-80.14165, 25.79632], [-80.1398599999999, 25.79905], [-80.14094, 25.80596], [-80.13755, 25.80941], [-80.1336099999999, 25.80978], [-80.13002, 25.82227], [-80.1269299999999, 25.82261], [-80.1253399999999, 25.8261200000001], [-80.1235, 25.82637], [-80.1253399999999, 25.81087], [-80.12546, 25.80817], [-80.1270599999999, 25.8045000000001]]], [[[-80.12718, 25.8455000000001], [-80.1289599999999, 25.8434300000001], [-80.1276299999999, 25.8435300000002], [-80.1282, 25.84281], [-80.1273499999999, 25.8435800000001], [-80.1250499999999, 25.8439400000001], [-80.12312, 25.8385800000002], [-80.12349, 25.82683], [-80.12579, 25.82645], [-80.12689, 25.8234100000001], [-80.13118, 25.82396], [-80.13382, 25.82667], [-80.13029, 25.8324300000002], [-80.1330599999999, 25.8377400000001], [-80.13287, 25.8416000000001], [-80.12737, 25.8464300000001], [-80.12718, 25.8455000000001]]], [[[-80.12263, 25.8051500000001], [-80.12629, 25.7978000000001], [-80.12802, 25.79835], [-80.12742, 25.80024], [-80.12674, 25.8050199999999], [-80.12469, 25.80813], [-80.122, 25.8263300000001], [-80.1218699999999, 25.8443900000002], [-80.12047, 25.8448300000001], [-80.1202299999999, 25.84702], [-80.1184799999999, 25.8456], [-80.11972, 25.82417], [-80.12174, 25.8071100000001], [-80.12263, 25.8051500000001]]]]}, "properties": {"f1": 33140, "f2": "Miami Beach", "f15": 165}}, {"type": "Feature", "geometry": {"type": "MultiPolygon", "coordinates": [[[[-80.3814700259182, 25.2934198964166], [-80.3831299441292, 25.2950800629161], [-80.3821300069285, 25.2950501136224], [-80.381119963681, 25.2940899556514], [-80.3814700259182, 25.2934198964166]]], [[[-80.3802300701026, 25.2928800391804], [-80.3813400509256, 25.2933300472831], [-80.381119963681, 25.2938001047248], [-80.3803899421508, 25.293950106473], [-80.3799200109678, 25.2950399613178], [-80.3792900673749, 25.2950899614099], [-80.3802300701026, 25.2928800391804]]], [[[-80.3850600587342, 25.2912799968447], [-80.3869299581428, 25.2916701106359], [-80.388470007408, 25.2943399578643], [-80.3853200087195, 25.2944899589446], [-80.3852599338849, 25.2954001138043], [-80.3839600435964, 25.2945600101469], [-80.3824500317485, 25.292739934794], [-80.3850600587342, 25.2912799968447]]], [[[-80.3902899380289, 25.28527990388], [-80.3922600557364, 25.2856598838829], [-80.3923100245241, 25.2871500945694], [-80.3905800657933, 25.2856598838829], [-80.3902899380289, 25.28527990388]]], [[[-80.398209990876, 25.2755700845377], [-80.400690042869, 25.2782499321989], [-80.3969099602258, 25.2786999945861], [-80.3959400604425, 25.2796199138655], [-80.3967600538627, 25.2809398741566], [-80.3948500109899, 25.281289915063], [-80.393969942735, 25.2798998989504], [-80.398209990876, 25.2755700845377]]], [[[-80.4200900036002, 25.2644200442042], [-80.4207599502956, 25.2647899346959], [-80.4198999537729, 25.2651600779308], [-80.4197399413629, 25.2648699040089], [-80.4200900036002, 25.2644200442042]]], [[[-80.561740007006, 25.234980053891], [-80.5630400376562, 25.2366499072813], [-80.5616199976985, 25.2368599069887], [-80.5605599856632, 25.2353899014183], [-80.561740007006, 25.234980053891]]], [[[-80.5367000299082, 25.2330199275587], [-80.5380100262436, 25.2333000200944], [-80.5374499828087, 25.2338500458072], [-80.5372300359258, 25.2348299792649], [-80.5369000454207, 25.2346600976119], [-80.537079989201, 25.2339699033423], [-80.5367000299082, 25.2330199275587]]], [[[-80.5349300680749, 25.2312999979595], [-80.5349699308157, 25.2317200154945], [-80.5356499835581, 25.232129874012], [-80.5357699928656, 25.2326700014352], [-80.5354899711481, 25.2326900625392], [-80.5347099808303, 25.2320001110249], [-80.534610043255, 25.2316199630815], [-80.5349300680749, 25.2312999979595]]], [[[-80.520330058558, 25.2262799904843], [-80.5228400076066, 25.2264699459763], [-80.5209500364658, 25.2275101247995], [-80.5198599870133, 25.2265298783961], [-80.520330058558, 25.2262799904843]]], [[[-80.5802300024267, 25.2259501071804], [-80.5810099927444, 25.2262299620501], [-80.5798699745042, 25.2265999688157], [-80.5794199746915, 25.2279799292127], [-80.5783000281834, 25.2281099504377], [-80.5768700225405, 25.2274799048859], [-80.5787400623109, 25.2273199169831], [-80.5802300024267, 25.2259501071804]]], [[[-80.5273099683156, 25.225759896924], [-80.5275499869306, 25.2259800735221], [-80.5273700431503, 25.2265499405131], [-80.5258699969876, 25.2271700868515], [-80.5256799471603, 25.2264699459763], [-80.5269300090228, 25.2264100135269], [-80.5273099683156, 25.225759896924]]], [[[-80.5247699818498, 25.225299988119], [-80.5255199347503, 25.2267099294289], [-80.5243800568718, 25.2288298896657], [-80.5242700132495, 25.2259800735221], [-80.5230899919067, 25.2263899513868], [-80.5247699818498, 25.225299988119]]], [[[-80.5411900623494, 25.2250699060873], [-80.5419199435177, 25.225299988119], [-80.5428899836628, 25.226679963267], [-80.5407800656393, 25.2254800409726], [-80.5411900623494, 25.2250699060873]]], [[[-80.5547800286187, 25.2229300715546], [-80.5549100036114, 25.2236200745308], [-80.5534499605512, 25.2255001032628], [-80.5538300602058, 25.2240898939713], [-80.5547800286187, 25.2229300715546]]], [[[-80.5873999620116, 25.2226298923726], [-80.5850699567434, 25.223709975256], [-80.5846800317653, 25.2252799257958], [-80.5841500257477, 25.2247199570855], [-80.5844800162529, 25.2233899893212], [-80.5873999620116, 25.2226298923726]]], [[[-80.5678700262877, 25.2213499322167], [-80.572509965092, 25.224029960349], [-80.5699900503583, 25.2246600237738], [-80.5703399722338, 25.2237000709421], [-80.5678700262877, 25.2213499322167]]], [[[-80.5335100281172, 25.2182700998815], [-80.5365700549155, 25.2200001183743], [-80.5395200380915, 25.2197400584457], [-80.5385800353637, 25.2214101211211], [-80.5331999689824, 25.2210200355411], [-80.5324100129795, 25.2191500962145], [-80.5335100281172, 25.2182700998815]]], [[[-80.5331000314071, 25.2171800638522], [-80.5336099656926, 25.2181200046334], [-80.5320300536866, 25.2191500962145], [-80.5319100443792, 25.2185400676873], [-80.5311599511169, 25.2181499729042], [-80.532129991262, 25.2181299094017], [-80.5331000314071, 25.2171800638522]]], [[[-80.5409900468369, 25.2166899000129], [-80.5417800028399, 25.2178299723435], [-80.5405999814971, 25.2205100780266], [-80.54202998714, 25.2215800212853], [-80.5431099305457, 25.2188999391743], [-80.5441199737933, 25.2202500191882], [-80.5469200506062, 25.2192699682382], [-80.5442899518884, 25.2206898840078], [-80.5437000113979, 25.2238100341771], [-80.5419199435177, 25.2226999850397], [-80.5399899692745, 25.224260044348], [-80.5401599473697, 25.2227799820562], [-80.539720053604, 25.2197601216827], [-80.5388799884516, 25.2191399375629], [-80.5403999659847, 25.2188300982844], [-80.5409900468369, 25.2166899000129]]], [[[-80.7770799360622, 25.1374499410814], [-80.7782300603494, 25.138900035778], [-80.7728999627558, 25.1447899471896], [-80.7723699567382, 25.1499800102335], [-80.776989964172, 25.1612200701177], [-80.7822000524582, 25.1654500385157], [-80.7920099360843, 25.1645699082116], [-80.7962000154376, 25.1614700915507], [-80.7984900176033, 25.1543699441303], [-80.7977900334905, 25.1470200953281], [-80.7996499672139, 25.1432799490969], [-80.8007999511394, 25.1433599982698], [-80.800700013564, 25.1493399042252], [-80.8026299878073, 25.1523899703435], [-80.8001300044439, 25.1633599727548], [-80.7976799898682, 25.166400033468], [-80.7939900194769, 25.1762798978965], [-80.7967399871405, 25.1808799976866], [-80.8084899510567, 25.1843700332155], [-80.8081999636541, 25.1815199381662], [-80.8112800621845, 25.17983992846], [-80.8090899975942, 25.1835700622902], [-80.814350054668, 25.1825599930546], [-80.8123500399049, 25.1756699086292], [-80.8094500255166, 25.1729900862152], [-80.8094199880993, 25.1689300989259], [-80.8140999300061, 25.1655399821903], [-80.8259000030718, 25.1604499297393], [-80.8272599681949, 25.1608600281904], [-80.8308099979083, 25.1689300989259], [-80.8379100573352, 25.1747298942023], [-80.8472000409906, 25.1770799166773], [-80.8582900238966, 25.1765601210139], [-80.8579699990766, 25.2428900702713], [-80.8620299630755, 25.242899973022], [-80.8621400066978, 25.3642099406151], [-80.8731499833988, 25.3641701155748], [-80.873239955289, 25.4596599330485], [-80.8668000172342, 25.461469891227], [-80.8711999374235, 25.4603899012526], [-80.8718600587955, 25.4612100963546], [-80.873239955289, 25.4601301040486], [-80.8732100582335, 25.4803201236846], [-80.873399967699, 25.5548400270425], [-80.8732299896038, 25.6154900737593], [-80.8572499432317, 25.6157799104693], [-80.8569899932463, 25.7604500621941], [-80.6277600044712, 25.7607400520437], [-80.6289199540818, 25.7596200350221], [-80.6265399800259, 25.7584699207699], [-80.6248500243977, 25.7585500675847], [-80.6249799993904, 25.7607400520437], [-80.4985599490944, 25.7608399176082], [-80.4964949468351, 25.6885742227448], [-80.5131300615558, 25.6667501069873], [-80.5250800409846, 25.6595300980691], [-80.5526299671309, 25.6520500175846], [-80.5767100101305, 25.6519199470837], [-80.5756911240919, 25.6258098525415], [-80.5807600084443, 25.6275001154468], [-80.580729971027, 25.6264899597041], [-80.5846899974505, 25.6265400753746], [-80.5959200613961, 25.629960040539], [-80.5998799474579, 25.6282100794796], [-80.6099100586904, 25.6370299865937], [-80.6096800057606, 25.6226699700505], [-80.6069700411996, 25.6083401238208], [-80.5747000296823, 25.5426400706029], [-80.5667600454648, 25.5426400706029], [-80.5667899425203, 25.5202499505579], [-80.5700082973875, 25.5140909849365], [-80.5600007843989, 25.5140909849365], [-80.5599199360233, 25.5004000821139], [-80.5597399922429, 25.4950000097299], [-80.5628199504116, 25.4916200267372], [-80.562870059561, 25.4835498980613], [-80.5718439485259, 25.4834166034796], [-80.5629299940339, 25.4833998782936], [-80.5624099537015, 25.4818900405454], [-80.55814997419, 25.4819199435247], [-80.5569000526893, 25.481090006379], [-80.5603999732532, 25.481650056196], [-80.5603646020889, 25.4781508424417], [-80.5623800566459, 25.4766700827817], [-80.5583499897025, 25.4766799663997], [-80.5582900552297, 25.4692799502741], [-80.5502599587602, 25.4692999721656], [-80.5446899829134, 25.4583799433903], [-80.5475999629869, 25.4475098746787], [-80.5419700526672, 25.4475400396916], [-80.5419000121474, 25.4621298944095], [-80.5301100451286, 25.4622099867153], [-80.5299400670334, 25.4601498740018], [-80.5260300093975, 25.4587200924653], [-80.5259699345629, 25.4622700559097], [-80.509710006835, 25.4622900789678], [-80.5076600232843, 25.4641899732239], [-80.5055800023163, 25.4568599063058], [-80.5015700071051, 25.456829997096], [-80.5015799727902, 25.4623699177107], [-80.4998199766422, 25.46238005596], [-80.4997600421693, 25.4587200924653], [-80.4975600118938, 25.4587200924653], [-80.4976199463667, 25.4623899407522], [-80.491040067634, 25.4624299868253], [-80.4902800086866, 25.464239903338], [-80.4902499712693, 25.4624299868253], [-80.4881800563482, 25.4633500290094], [-80.4881699503013, 25.4624401250695], [-80.4803300440209, 25.4624763692856], [-80.4803300440209, 25.4633999594721], [-80.479289963356, 25.4624799176698], [-80.4690000424999, 25.4624401250695], [-80.4689799707678, 25.4579300428017], [-80.468989936453, 25.4576299391641], [-80.463329988716, 25.4615798920088], [-80.4629100263206, 25.4613598903446], [-80.4607999679353, 25.4625800327525], [-80.4607599648328, 25.4592799929846], [-80.459670055742, 25.4592701079369], [-80.4606500615723, 25.4566099867483], [-80.4587199469673, 25.4553499888653], [-80.4606399555253, 25.4552899162168], [-80.4606299898401, 25.4540499289439], [-80.4588204459897, 25.4526700098564], [-80.4588204459897, 25.4488046820476], [-80.4576300378765, 25.4495400392342], [-80.4588204459897, 25.4484411842821], [-80.4606299898401, 25.4480399159486], [-80.4606500615723, 25.4405600598624], [-80.4361699875477, 25.4406500530973], [-80.43612001876, 25.426000043717], [-80.4402100201762, 25.4259899024045], [-80.4401899484441, 25.4222499817154], [-80.4421700318368, 25.4222601233426], [-80.4422200006244, 25.4187099946343], [-80.4518099373677, 25.41868996433], [-80.4524999557953, 25.4148298850977], [-80.4606200241549, 25.4149001201706], [-80.4466099551285, 25.3926999974517], [-80.4527499400955, 25.3892400447507], [-80.4444124513648, 25.3893186638491], [-80.3867599800476, 25.3006700451476], [-80.3855500616493, 25.2971399474281], [-80.3851800680416, 25.2967399528783], [-80.3811800385156, 25.2927899358346], [-80.380250001473, 25.2923698756904], [-80.380250001473, 25.2921701245252], [-80.380250001473, 25.2919500679051], [-80.3865800362672, 25.2964100071421], [-80.3877700232952, 25.2988399095404], [-80.3895099477111, 25.2985300197467], [-80.3910099938738, 25.2958399603157], [-80.3886099480858, 25.294389958245], [-80.3919400309164, 25.295680062461], [-80.3897899694286, 25.2925399304256], [-80.3923400619414, 25.2922698732422], [-80.3902700066585, 25.2919500679051], [-80.3896900318532, 25.2904401184567], [-80.3908499814638, 25.2917500622338], [-80.3921699434844, 25.2907700804392], [-80.397820065898, 25.2932300456269], [-80.3976700191732, 25.2917399096529], [-80.3928499962269, 25.2898700435621], [-80.3926999495021, 25.2879300936463], [-80.3999500556537, 25.2907898781296], [-80.401949930055, 25.288819992096], [-80.3987999313665, 25.2851900487153], [-80.4001799682217, 25.2846100497936], [-80.4030200481372, 25.2872899515905], [-80.4049699537508, 25.2862099263074], [-80.4047199694506, 25.2805799325629], [-80.4060399314712, 25.2783100929193], [-80.4017900580068, 25.2746998892011], [-80.3989000093036, 25.274840014426], [-80.4009700645865, 25.2705998854989], [-80.3996600682511, 25.264939972316], [-80.4006299680344, 25.2598401125012], [-80.3991999623915, 25.2569900079377], [-80.3971300474704, 25.2562301210906], [-80.3977699567486, 25.2538100287913], [-80.3985399813812, 25.2538100287913], [-80.4016000081795, 25.2586499112828], [-80.4008900583815, 25.2618599750719], [-80.402109942465, 25.2633400692233], [-80.4008600209642, 25.2643999883389], [-80.4032700324374, 25.2655799784235], [-80.4036099886277, 25.2685200027945], [-80.4060100344157, 25.2689200904088], [-80.4076100181538, 25.2669198930165], [-80.4107600168422, 25.2679099681894], [-80.4021600516144, 25.2719300981522], [-80.4086399927717, 25.2776501002632], [-80.4105100325421, 25.2774701247198], [-80.4056999752809, 25.27407998545], [-80.4043700475751, 25.2712099065848], [-80.4068200621508, 25.2712299613249], [-80.4077300274613, 25.2720600723471], [-80.4067299498988, 25.2726099225771], [-80.4098799485873, 25.2738200412475], [-80.4113600633797, 25.2759899490172], [-80.4146800401633, 25.2757500628994], [-80.4153300554884, 25.2743698835034], [-80.4126199505657, 25.273139969748], [-80.4115499728452, 25.2705300743177], [-80.4131399908981, 25.2686999916116], [-80.4105299639124, 25.2672900297571], [-80.4135300562379, 25.2660199330648], [-80.4148599839437, 25.2637599760109], [-80.4199799599779, 25.2627500647294], [-80.4182999700348, 25.2647800337297], [-80.415119933929, 25.2641999372478], [-80.4137500031207, 25.2676099001053], [-80.4150000649833, 25.2713799909851], [-80.4172399579995, 25.2723799301247], [-80.4192099353453, 25.2709799114792], [-80.4162099833816, 25.2683699695991], [-80.4162099833816, 25.2665401081919], [-80.4186699636424, 25.2651798798004], [-80.420789987713, 25.2660300877983], [-80.420149938073, 25.2670001147927], [-80.4227800367908, 25.2708600904569], [-80.4236999677864, 25.2704099989921], [-80.422000046473, 25.2684298813542], [-80.4238299427791, 25.2696199866999], [-80.4234400178011, 25.2677200774745], [-80.4258000604866, 25.2681998809808], [-80.4246099330969, 25.265069953996], [-80.4227800367908, 25.2669800593536], [-80.4206200096178, 25.2652100903389], [-80.4209999689106, 25.2648501020887], [-80.4203399879003, 25.26367010491], [-80.4225199464437, 25.2623100982384], [-80.4229100117835, 25.25773998849], [-80.4260900478893, 25.2653999849802], [-80.4274400473272, 25.2652100903389], [-80.4274299412802, 25.261509878122], [-80.4287900467651, 25.2628198803849], [-80.4370799528581, 25.2672100620384], [-80.4427299349099, 25.2893200177376], [-80.4488199510892, 25.28967003446], [-80.4997799735397, 25.3076900885144], [-80.448729979199, 25.2892200127742], [-80.4427900097446, 25.288819992096], [-80.4375000556152, 25.2671999074036], [-80.4367399966678, 25.2662798939731], [-80.4398300608834, 25.2670001147927], [-80.4296399372409, 25.263179874655], [-80.4276199911075, 25.2610600058676], [-80.4297300494929, 25.2566500524652], [-80.4281800345425, 25.2548700310911], [-80.4252499827368, 25.2546699642994], [-80.4282700064326, 25.2528500522591], [-80.4314600082236, 25.2481198799059], [-80.4321100235487, 25.2433199504765], [-80.4302799868809, 25.2406400936039], [-80.4343500569267, 25.2409300714928], [-80.4301999806759, 25.2404801230188], [-80.4289900622776, 25.2392099998848], [-80.4232199305565, 25.240449906329], [-80.4215100435579, 25.2392998890836], [-80.4244100579462, 25.2364201006561], [-80.4244600267339, 25.2392000968334], [-80.424710011034, 25.2394298982027], [-80.4247599798217, 25.2394298982027], [-80.4298900619029, 25.2383400518307], [-80.4288300498676, 25.2357900981662], [-80.4315899832163, 25.2366699677285], [-80.4321299549191, 25.2368599069887], [-80.433250041789, 25.2363401126128], [-80.4333700510965, 25.2363200521112], [-80.4334600229867, 25.2362999916062], [-80.4338200509091, 25.2361900396658], [-80.436360037375, 25.236010002671], [-80.4343299851946, 25.2388199714046], [-80.4351000098272, 25.2408300266601], [-80.4398700639859, 25.2395901240937], [-80.4389999614162, 25.2423400854642], [-80.4427599723273, 25.2444199087323], [-80.4457600646527, 25.2426800809826], [-80.4444100652148, 25.2399298733825], [-80.448260048016, 25.2409100117487], [-80.4537199802406, 25.2384599049389], [-80.4536600457677, 25.2408800490868], [-80.4541799457384, 25.2422900636385], [-80.4551599515687, 25.2429700540041], [-80.4563799760139, 25.2418299634435], [-80.4559600136186, 25.2435799599748], [-80.4580099971693, 25.2456300544425], [-80.457899953547, 25.2446999749989], [-80.4608300053526, 25.2442500404828], [-80.4604500460598, 25.2424700913311], [-80.4579299909643, 25.2408201237407], [-80.4548100296931, 25.2424500318412], [-80.4539199957531, 25.2409800938783], [-80.4545799767634, 25.2390799905305], [-80.4576300378765, 25.2374599404291], [-80.4564500165337, 25.2351798991714], [-80.4600199776175, 25.2369398946899], [-80.4672100089346, 25.2350300787252], [-80.4684599304353, 25.2300000675068], [-80.471389982241, 25.2301199288373], [-80.4726599754739, 25.2285000132786], [-80.4758300458945, 25.2308500138393], [-80.4807599721014, 25.228029956927], [-80.4826399775569, 25.224619898913], [-80.4853499421179, 25.2259800735221], [-80.4866800101855, 25.2279700252465], [-80.4859800260727, 25.2281899438957], [-80.4861000353802, 25.2306100385571], [-80.4876100472281, 25.2316100594118], [-80.4839499738924, 25.2308799789735], [-80.4835899459699, 25.229699905775], [-80.4845699518002, 25.2336298834591], [-80.4829399306448, 25.2351798991714], [-80.4819099560268, 25.2382100415459], [-80.4848700452497, 25.241250011268], [-80.4851600326524, 25.237530024548], [-80.4832400240944, 25.2353500340305], [-80.4866499727682, 25.2369099310493], [-80.4894500495811, 25.2318799976081], [-80.4880200439382, 25.2304500547725], [-80.4864600633026, 25.2304701162427], [-80.4861199667506, 25.2282199096855], [-80.489109953029, 25.2288999787596], [-80.4906500022943, 25.2272899509716], [-80.4939299759754, 25.2270799347342], [-80.4961700093534, 25.2231299366398], [-80.4943499383707, 25.2208900067365], [-80.4949499849081, 25.216570025447], [-80.4933500011701, 25.2143200696811], [-80.4872400536204, 25.2123400538739], [-80.487429963086, 25.2120098787864], [-80.4878100627406, 25.2069499605116], [-80.4922499860323, 25.2076100832551], [-80.4928900356723, 25.2055199786132], [-80.4945499538832, 25.2077500318646], [-80.4958199471161, 25.2065900536832], [-80.4956700407531, 25.2084799971397], [-80.4977900648236, 25.2088000222891], [-80.4985000146216, 25.2108199711355], [-80.5004600262821, 25.2112100894188], [-80.5012499822851, 25.2097199629134], [-80.5009599948825, 25.2083601144861], [-80.4980800522263, 25.2077299666474], [-80.4956400033358, 25.2052200104742], [-80.4957600126433, 25.1994198884875], [-80.4991900330492, 25.2003500602202], [-80.5004100574944, 25.2043300075137], [-80.5030099784332, 25.2031900627107], [-80.5040600247832, 25.2061199126736], [-80.508190029302, 25.2064998863153], [-80.507160054684, 25.2101900900175], [-80.5099199880327, 25.2126300992502], [-80.5107300157678, 25.2161900832458], [-80.5152600513115, 25.2173200014565], [-80.5147599423494, 25.2195399338252], [-80.518490056205, 25.2221400044515], [-80.5238799479097, 25.2213400277106], [-80.5255300407972, 25.2182899093928], [-80.5278799774358, 25.2172499056894], [-80.528779977061, 25.2134199741343], [-80.5311999542194, 25.2148300531422], [-80.5330399565725, 25.2139599306705], [-80.5321399569472, 25.2178398771354], [-80.5292799456614, 25.2180798776152], [-80.5282700427755, 25.2196001236251], [-80.528390052083, 25.2238499053487], [-80.5250299318351, 25.2244200362762], [-80.5261299469729, 25.2261100968853], [-80.5246300411719, 25.2251199349988], [-80.5188099406632, 25.2261700294824], [-80.5158400261168, 25.2249701021568], [-80.5137100363611, 25.2264100135269], [-80.5100800004427, 25.2203500809555], [-80.5079199732697, 25.220800103927], [-80.5056900459386, 25.2191998735946], [-80.5038100404831, 25.2205601088136], [-80.5015399696878, 25.2202200514348], [-80.5020699757054, 25.2173799383847], [-80.4999899547373, 25.2168600607405], [-80.4998599797447, 25.2155599759505], [-80.4988099333946, 25.2213600906837], [-80.4999600576818, 25.2204699517968], [-80.5040399530511, 25.2218799490977], [-80.5007000448971, 25.2237399421497], [-80.5004699919673, 25.2275598987584], [-80.5042899373513, 25.2322700483552], [-80.5071200515815, 25.2315498755554], [-80.507549979662, 25.2266101268442], [-80.5092900444397, 25.2291099918537], [-80.5117400590154, 25.2289500060955], [-80.5073800015669, 25.2307298992863], [-80.5102400128527, 25.2332101264588], [-80.5156999450772, 25.2320801019237], [-80.5163399947171, 25.2279601212795], [-80.5189100186003, 25.2265100702267], [-80.5207699523237, 25.2279100935364], [-80.5230999575919, 25.2270601266544], [-80.5232299325846, 25.2311499187907], [-80.5282000022557, 25.233469903648], [-80.5291199332514, 25.232380003841], [-80.529969964089, 25.2349201256362], [-80.5326199941771, 25.2326199756299], [-80.5304500013189, 25.2306900303704], [-80.5307799918241, 25.2290299990009], [-80.5335900343222, 25.2318599363705], [-80.5303399576966, 25.23735989274], [-80.5314899416221, 25.239310046051], [-80.5323600441918, 25.2375201213597], [-80.5339799593002, 25.2395901240937], [-80.5348799589255, 25.2367700159854], [-80.5329800220996, 25.2361499186097], [-80.5360400488979, 25.2351699957917], [-80.5353900335728, 25.2376999021904], [-80.5366600268057, 25.2379799839433], [-80.534999968233, 25.2388400314937], [-80.5373299735012, 25.2398600445704], [-80.5378299421015, 25.2424599346278], [-80.5386700072539, 25.2396800130114], [-80.5398299568645, 25.2402500697129], [-80.5401000128968, 25.2392899860395], [-80.5406600563318, 25.2410400191455], [-80.5423199745427, 25.2411200040959], [-80.542819943143, 25.2385000252326], [-80.5408499657973, 25.2374700975503], [-80.5415499499101, 25.2348398826724], [-80.5367099955934, 25.2375800483328], [-80.5418900464622, 25.2286198760878], [-80.5423100088575, 25.2325801073338], [-80.5485399657146, 25.2377199624643], [-80.5553000689512, 25.2392199029354], [-80.5553100346364, 25.2415900098361], [-80.5569900245794, 25.2439999350793], [-80.556469984247, 25.2427199459662], [-80.5582399460802, 25.2432199076112], [-80.5584500676396, 25.244660110665], [-80.5611399604685, 25.2438399689168], [-80.5593899300057, 25.2435799599748], [-80.5592000205401, 25.2410199594195], [-80.5573399464549, 25.2397599988569], [-80.5640700122742, 25.2402800325302], [-80.5659299459976, 25.2427801242924], [-80.5681699793756, 25.2388600915795], [-80.5708100437786, 25.239460115146], [-80.5717799435619, 25.2411700264032], [-80.573800030057, 25.237260098897], [-80.5743800048623, 25.2402500697129], [-80.5761999354833, 25.2396099301322], [-80.5753399389605, 25.2380899342647], [-80.5778900314733, 25.2378299130209], [-80.576590000823, 25.2361798824377], [-80.577539969236, 25.2349201256362], [-80.5729499992194, 25.2344699009802], [-80.575699966883, 25.2331700044192], [-80.5766899383984, 25.2296399749175], [-80.5797099620942, 25.22863993786], [-80.5829799700902, 25.2292900390664], [-80.5832299543903, 25.2268998842492], [-80.585050025373, 25.225749992777], [-80.587370064956, 25.2280098950542], [-80.5890100517966, 25.2277699141669], [-80.5906500386372, 25.2257299305281], [-80.5904500231247, 25.2228000447918], [-80.5917699851453, 25.2258299877874], [-80.5954000210637, 25.22863993786], [-80.5966600486114, 25.2248299193985], [-80.5938299343812, 25.2229600386404], [-80.5947999745263, 25.2208300715376], [-80.5976500201269, 25.223529919782], [-80.5977700294344, 25.227369944969], [-80.59900998525, 25.2285200750706], [-80.5993799788576, 25.2253799834254], [-80.5976400544417, 25.2232099333734], [-80.5993700131724, 25.2232200916851], [-80.6010199656982, 25.2273600409531], [-80.6015999405035, 25.22500006874], [-80.5999000191901, 25.2232500586994], [-80.6016900527554, 25.2229300715546], [-80.6014500341405, 25.2214799605297], [-80.5989900538796, 25.2200001183743], [-80.5988700445721, 25.2231599036763], [-80.5970300422191, 25.2198098988132], [-80.5959099553492, 25.2192999362257], [-80.5957499429392, 25.2215899257719], [-80.5948200462584, 25.2194401253572], [-80.5914099572228, 25.2235200154534], [-80.5922500223752, 25.2204100163909], [-80.5898599422724, 25.2191699055825], [-80.588160020959, 25.2156399776622], [-80.5895999922871, 25.2130400220969], [-80.5879500397613, 25.2107800956936], [-80.5863100529207, 25.2107099961591], [-80.5843299695281, 25.214290100467], [-80.5814500268719, 25.2155201020619], [-80.5747900015725, 25.2150299315351], [-80.5724100275166, 25.2131200254654], [-80.5664300549597, 25.2152999065307], [-80.5650199806871, 25.2182200681527], [-80.5671499704428, 25.2199399287723], [-80.5659400520445, 25.2211200966751], [-80.563900034179, 25.2192999362257], [-80.5643599996768, 25.2204801103373], [-80.5625500347411, 25.2223299664094], [-80.5639599686519, 25.2240500228784], [-80.5631700126489, 25.2255100074301], [-80.5618799476838, 25.2246899904333], [-80.5620299944086, 25.2211599687283], [-80.5570200619967, 25.2238400010461], [-80.5549400410287, 25.2220198812956], [-80.5526600045482, 25.2232800257064], [-80.5530200324707, 25.2259399490967], [-80.5506299523679, 25.2263899513868], [-80.552570032658, 25.2223200619831], [-80.55032999928, 25.2213999626583], [-80.552959957636, 25.2211200966751], [-80.5534600665981, 25.21689993419], [-80.5500499775625, 25.215959983983], [-80.5494299996547, 25.2179800679494], [-80.5481200033193, 25.2181400681375], [-80.5485600374468, 25.2169199978953], [-80.545139982726, 25.2168399970253], [-80.5422200369674, 25.2128398864558], [-80.5403599628822, 25.216439991886], [-80.5346699777278, 25.2161100818958], [-80.5337200093149, 25.2150799645758], [-80.5346500463575, 25.2139700897545], [-80.5385300665761, 25.2141001259551], [-80.5404799721897, 25.2108799112655], [-80.5378299421015, 25.2031999686941], [-80.535399999258, 25.2010201249133], [-80.5356300521878, 25.1987800420372], [-80.5407000594343, 25.2053099247949], [-80.5479100221217, 25.2060099334503], [-80.5492699872448, 25.2082699484295], [-80.5487200498568, 25.2137498914183], [-80.5534499605512, 25.2139401204542], [-80.5565199530347, 25.2120799775722], [-80.561980025621, 25.2117899308847], [-80.5582900552297, 25.1993398761141], [-80.5641000496915, 25.1969801224787], [-80.5643900370941, 25.1923498938744], [-80.5682499855806, 25.1928899438694], [-80.5764200227279, 25.1994501153704], [-80.5772599475185, 25.2029599388687], [-80.5757499356706, 25.2032098746767], [-80.57442997365, 25.1983599107808], [-80.5716099654667, 25.1983500044036], [-80.5694899413962, 25.2007800907902], [-80.5689099665909, 25.2043201016222], [-80.5646800244968, 25.2045400630228], [-80.5638399593444, 25.2076900901931], [-80.5677800543976, 25.2115499179981], [-80.5739700081522, 25.209879973963], [-80.5765700694527, 25.2120700723114], [-80.5795899527867, 25.2117200859136], [-80.5823800639145, 25.2101400549664], [-80.5821500109847, 25.2080400881801], [-80.5837700664549, 25.207459974858], [-80.5832100230199, 25.2007300518711], [-80.5912200477573, 25.1993599427143], [-80.5938400404281, 25.1954298740777], [-80.5943599403988, 25.1902801034223], [-80.6063799603474, 25.1862798822275], [-80.6150999348827, 25.1757799152491], [-80.6191899362989, 25.1778499520241], [-80.6175799868757, 25.1804999441083], [-80.6193799861262, 25.1819200580368], [-80.6217300631265, 25.1799499313162], [-80.6246299371531, 25.1828198783687], [-80.6213200664164, 25.1837301077035], [-80.6119499361942, 25.1821700370226], [-80.609699937131, 25.1830599478878], [-80.6095299590358, 25.1863599031807], [-80.6035899895814, 25.1903799358015], [-80.6060300384718, 25.1956501055545], [-80.604200001804, 25.2009401135915], [-80.6052399421071, 25.2027000965241], [-80.6084299438981, 25.2026800304745], [-80.6099200243756, 25.2000300128562], [-80.6144699912897, 25.2007399580547], [-80.6195499642214, 25.1973900980287], [-80.6226000253345, 25.199130065641], [-80.6248599900829, 25.1950198919285], [-80.629750053549, 25.1980898982105], [-80.6340600018481, 25.1922500631098], [-80.6368000038264, 25.1923100123829], [-80.6386700435968, 25.1902801034223], [-80.6438300227335, 25.1908100015782], [-80.6469099809022, 25.1894400348434], [-80.6483799896476, 25.1922000206856], [-80.651140063358, 25.1921700460257], [-80.6542100558415, 25.1842999184762], [-80.6580499325958, 25.1846901217303], [-80.6637000550094, 25.1788498982854], [-80.6626100055568, 25.175510106688], [-80.6593200661905, 25.1742100885176], [-80.6577099764055, 25.1776599206586], [-80.6549500430568, 25.1757199578427], [-80.6504799419859, 25.1751099657732], [-80.638119965847, 25.1786799384858], [-80.6349600014734, 25.1781200094577], [-80.6332400084278, 25.1761599835461], [-80.6406300552573, 25.1762798978965], [-80.644579975634, 25.1745500203452], [-80.6478099805274, 25.1704100536312], [-80.6512499666186, 25.1621401159735], [-80.6507700697504, 25.1572399851255], [-80.6555499492325, 25.1552600579137], [-80.6561899988724, 25.1533100827947], [-80.6558500426821, 25.1495500545234], [-80.6521899693463, 25.1462399547039], [-80.6570800328125, 25.1448100227704], [-80.6562899364477, 25.146299926603], [-80.657749979508, 25.1470699021823], [-80.6582799855256, 25.142610075231], [-80.6643799673901, 25.1411000501742], [-80.6680000376233, 25.1421800935591], [-80.6729600012475, 25.1383500895186], [-80.6749100472229, 25.1397399443005], [-80.6741499882754, 25.1426400620759], [-80.6704900553015, 25.1444400216605], [-80.6617699404044, 25.1541399821915], [-80.6569799548754, 25.1559601000185], [-80.6530200688136, 25.1628299552481], [-80.6577099764055, 25.1689300989259], [-80.6647300296273, 25.1664599954579], [-80.6688299967288, 25.1666701162662], [-80.6680900095135, 25.17083993582], [-80.6717200454319, 25.1743899628763], [-80.6731399450279, 25.1734199593067], [-80.673949972763, 25.1690800007351], [-80.6723199516076, 25.1674099825423], [-80.6749500503254, 25.166939944391], [-80.677950002289, 25.1639298787503], [-80.6801100294621, 25.1648900487224], [-80.6771499402391, 25.1706399848959], [-80.6773799931689, 25.1733899800268], [-80.6789399738045, 25.1744400126153], [-80.6874200700866, 25.1684900471264], [-80.6930400147211, 25.1670700308067], [-80.6974799380128, 25.162540045369], [-80.6976299847376, 25.1541300722197], [-80.7003600210308, 25.1525899511874], [-80.7026400575113, 25.1529101231395], [-80.7046200005422, 25.1499800102335], [-80.7026699545668, 25.1418799695207], [-80.7035400571366, 25.1403300369384], [-80.707400005623, 25.1402799732035], [-80.7096299329541, 25.1502699499605], [-80.7109500353365, 25.1519300385693], [-80.7135300249048, 25.1516899077553], [-80.7168099985859, 25.1556699197133], [-80.7167900672156, 25.1578200834827], [-80.7174100451234, 25.1557199771357], [-80.7271599942766, 25.1528300802303], [-80.7229000147652, 25.1606000960608], [-80.7252300200334, 25.1653900760292], [-80.7318600079155, 25.1673899106799], [-80.7289299561099, 25.1634100270216], [-80.7296900150573, 25.1593499748548], [-80.7335700352759, 25.1606798797841], [-80.737399946345, 25.1588600864655], [-80.7452499586724, 25.1653100413085], [-80.7477399763505, 25.1631000459528], [-80.747379948428, 25.1595199616007], [-80.7420300598258, 25.1523998804566], [-80.7378200491021, 25.1506201128843], [-80.7308700364, 25.1526300997799], [-80.7286200373369, 25.1502099800121], [-80.7211800217197, 25.1468000301064], [-80.7214099342877, 25.1452300844843], [-80.7270399849692, 25.1454300770609], [-80.7306499491554, 25.1429600060057], [-80.7358899344971, 25.1437998865971], [-80.7426799347892, 25.1423999129836], [-80.7517899746643, 25.1517900258452], [-80.7546499859501, 25.1514599407656], [-80.7564099820981, 25.1529101231395], [-80.7547100607847, 25.1572900419037], [-80.7553300386925, 25.1596398923162], [-80.7661899686687, 25.1623400808351], [-80.7705800635346, 25.1614700915507], [-80.7719099912403, 25.159999937845], [-80.7719099912403, 25.1558998787685], [-80.7688800018593, 25.1502099800121], [-80.769330001672, 25.1455500216257], [-80.77141002264, 25.1403999228285], [-80.7770799360622, 25.1374499410814]]], [[[-80.7191899726418, 25.172910056483], [-80.7112400227391, 25.1813200047608], [-80.7116699508196, 25.1839000604598], [-80.7140399591903, 25.1853800874468], [-80.71475004935, 25.1914100081168], [-80.7165799456562, 25.1931800355875], [-80.7185799604192, 25.1926999359598], [-80.720810028112, 25.1959099629441], [-80.7225600585749, 25.1962300211369], [-80.7277099316646, 25.2032299406391], [-80.7310599458656, 25.2036701209809], [-80.7331200354632, 25.2078998859143], [-80.7357300624489, 25.208880028445], [-80.7381399335603, 25.2077200610326], [-80.7429400251363, 25.2052901131706], [-80.745390039712, 25.2015100978608], [-80.7486300102906, 25.2000300128562], [-80.7486899447635, 25.1950800938547], [-80.7463800112274, 25.1931800355875], [-80.7445199371422, 25.1941999234897], [-80.7398200638651, 25.1923399870083], [-80.7386900113101, 25.1938199114614], [-80.7368599746422, 25.1916800354972], [-80.7335099604413, 25.1932699587994], [-80.7314800486227, 25.1911498871014], [-80.7286799718097, 25.1911300731732], [-80.7253900324434, 25.1850699082028], [-80.7224999837403, 25.1843298950726], [-80.7218599341003, 25.1796600621439], [-80.7187700102465, 25.178619982506], [-80.7224000461649, 25.1784700924273], [-80.7232700083729, 25.1751999023219], [-80.7223499370155, 25.1733099505571], [-80.7191899726418, 25.172910056483]]], [[[-80.822330041988, 25.1994800882385], [-80.8110199718374, 25.2000698918197], [-80.8074000419659, 25.2024100274845], [-80.8022500285144, 25.2009299534199], [-80.7972600274729, 25.2013698880741], [-80.7945900660144, 25.2047999014401], [-80.7945600285971, 25.2067300034656], [-80.7965899404157, 25.208619944749], [-80.8033399376052, 25.2113500338889], [-80.804519958948, 25.2152600325568], [-80.8112800621845, 25.216449896791], [-80.8130599897029, 25.2138499585317], [-80.8169300442363, 25.2145199489118], [-80.8193400557095, 25.2134601026893], [-80.8218100016555, 25.2172400008494], [-80.8265999871846, 25.2190700968108], [-80.8272199650924, 25.2150299315351], [-80.8342700557316, 25.2131700592913], [-80.8401799877687, 25.2145999513074], [-80.8429900302669, 25.2138100840827], [-80.8445599765876, 25.2149699934492], [-80.8477000095909, 25.2115900471698], [-80.8517299361725, 25.2122801144631], [-80.8542800286853, 25.2104199462065], [-80.8540800131728, 25.2041499233606], [-80.8510100206894, 25.2035700454977], [-80.8492900276438, 25.2012200259859], [-80.8427999804396, 25.2017399704407], [-80.8403899689664, 25.2040699140957], [-80.8390700069458, 25.2024100274845], [-80.8356200551695, 25.2023000449096], [-80.8331899719642, 25.2003800328667], [-80.822330041988, 25.1994800882385]]], [[[-80.7663300497083, 25.6579301189358], [-80.7631400479174, 25.6601599115812], [-80.7597199931966, 25.6709899568329], [-80.7631999823902, 25.678890092295], [-80.7623399858674, 25.6865400109611], [-80.7593800370063, 25.6927300693844], [-80.7630899387679, 25.6991398774339], [-80.760640064554, 25.7038700484374], [-80.7620199610475, 25.7066200379217], [-80.7614700236595, 25.712570036831], [-80.7591199466592, 25.7148901117911], [-80.7595800525187, 25.7169799868701], [-80.7625899701676, 25.7195000294477], [-80.7592299902815, 25.7236601073652], [-80.7586699468465, 25.7269000064572], [-80.7600400180166, 25.7335800755044], [-80.7586999842638, 25.7402200689184], [-80.760709964712, 25.7440800362406], [-80.7628200230974, 25.7450899539325], [-80.7630300042951, 25.7552599584436], [-80.766380018496, 25.7578699556715], [-80.7663300497083, 25.6579301189358]]]]}, "properties": {"f1": 33034, "f2": "Homestead", "f15": 176}}, {"type": "Feature", "geometry": {"type": "Polygon", "coordinates": [[[-80.2284699999999, 25.92723], [-80.228, 25.9161200000002], [-80.2327735000001, 25.9158125189189], [-80.22237, 25.9160800000001], [-80.22807, 25.9096700000001], [-80.22743, 25.89911], [-80.23145, 25.8975400000001], [-80.24356, 25.8979400000001], [-80.24326, 25.89009], [-80.2596300000001, 25.8891800000001], [-80.26056, 25.8905600000001], [-80.25951, 25.8819700000001], [-80.26434, 25.8819400000002], [-80.26723, 25.88461], [-80.26729, 25.88193], [-80.2673899999999, 25.88505], [-80.274, 25.8884], [-80.28197, 25.89578], [-80.29179, 25.8963900000001], [-80.29206, 25.89874], [-80.287, 25.8970100000001], [-80.27551, 25.8963000000002], [-80.27614, 25.9106300000001], [-80.25831, 25.9113], [-80.2590299999999, 25.9149000000002], [-80.270448, 25.9144692679738], [-80.270448, 25.9155229887642], [-80.27618, 25.91533], [-80.27845, 25.91671], [-80.27873, 25.92332], [-80.2766, 25.9233600000001], [-80.2771199999999, 25.9251300000001], [-80.27729, 25.9252800000001], [-80.2755, 25.9253100000001], [-80.2754, 25.9256], [-80.27499, 25.92533], [-80.26066, 25.9258500000001], [-80.25475, 25.92558], [-80.25287, 25.9242400000001], [-80.2536238565536, 25.9259285242898], [-80.25264, 25.9261600000001], [-80.2284699999999, 25.92723]]]}, "properties": {"f1": 33054, "f2": "Opa Locka", "f15": 312}}, {"type": "Feature", "geometry": {"type": "MultiPolygon", "coordinates": [[[[-80.18395, 25.7650200000002], [-80.1845799999999, 25.76385], [-80.1852299999999, 25.76418], [-80.18755, 25.76898], [-80.18741, 25.7693900000001], [-80.1828299999999, 25.7695], [-80.18395, 25.7650200000002]]], [[[-80.18898, 25.75809], [-80.19066, 25.75671], [-80.19289, 25.7580600000002], [-80.1926399999999, 25.7589200000001], [-80.19397, 25.75894], [-80.1922399999999, 25.76549], [-80.19331, 25.76641], [-80.1920899999999, 25.7664400000001], [-80.1934399999999, 25.76943], [-80.19292, 25.76987], [-80.19246, 25.7700200000001], [-80.19185, 25.77008], [-80.19102, 25.76987], [-80.18796, 25.7691200000001], [-80.18898, 25.75809]]], [[[-80.1878, 25.7752600000001], [-80.18662, 25.77282], [-80.1849999999999, 25.7728600000001], [-80.1849999999999, 25.77162], [-80.18908, 25.7701500000001], [-80.19359, 25.77005], [-80.1934699999999, 25.7724800000002], [-80.19193, 25.7725600000001], [-80.1935799999999, 25.77412], [-80.1885699999999, 25.7742800000002], [-80.1878, 25.7752600000001]]]]}, "properties": {"f1": 33131, "f2": "Miami", "f15": 140}}, {"type": "Feature", "geometry": {"type": "Polygon", "coordinates": [[[-80.4230867328433, 25.8094534485063], [-80.42116, 25.8095600000001], [-80.4200525281746, 25.8117713186757], [-80.4230799999999, 25.8117900000001], [-80.4230867328433, 25.8094534485063], [-80.42845, 25.8078], [-80.43351, 25.8094900000002], [-80.4334316981131, 25.807034], [-80.4588204999999, 25.807034], [-80.4823578166189, 25.807034], [-80.4845399999999, 25.8907600000001], [-80.45412, 25.9253900000001], [-80.45297, 25.91307], [-80.43733, 25.91307], [-80.43802, 25.92784], [-80.4408966198257, 25.932581], [-80.4292754734143, 25.932581], [-80.38548, 25.9001200000001], [-80.38541, 25.9003300000002], [-80.37477, 25.8921500000001], [-80.34377, 25.8697800000002], [-80.34385, 25.8696700000002], [-80.33259, 25.8607300000001], [-80.33877, 25.8607000000001], [-80.33894, 25.8632200000001], [-80.34058, 25.86316], [-80.34009, 25.8648300000001], [-80.34185, 25.8662200000001], [-80.34254, 25.86298], [-80.33578, 25.85796], [-80.33865, 25.85796], [-80.33859, 25.8552800000001], [-80.345797, 25.8553024517136], [-80.345797, 25.8543239891304], [-80.33893, 25.8541100000001], [-80.33738, 25.8116900000002], [-80.32941, 25.8116900000002], [-80.33737, 25.8115100000002], [-80.33724, 25.8072200000001], [-80.33747, 25.80987], [-80.33899, 25.8101100000001], [-80.3414, 25.80807], [-80.35347, 25.8085200000001], [-80.35336, 25.80441], [-80.38546, 25.8050100000001], [-80.38505, 25.8116400000001], [-80.38626, 25.8116300000001], [-80.38666, 25.79679], [-80.38672, 25.79796], [-80.39275, 25.79849], [-80.39285, 25.8028400000002], [-80.38896, 25.80392], [-80.38931, 25.8065600000001], [-80.3947465794393, 25.807034], [-80.39539, 25.80469], [-80.39989, 25.80402], [-80.4000030666667, 25.807034], [-80.41023, 25.8069200000002], [-80.417047671875, 25.807034], [-80.4172, 25.7826799999999], [-80.4218584798074, 25.782757587724], [-80.42383, 25.7951700000001], [-80.42815, 25.7978800000001], [-80.42378, 25.79791], [-80.42261, 25.79937], [-80.4230867328433, 25.8094534485063]]]}, "properties": {"f1": 33178, "f2": "Miami", "f15": 263}}, {"type": "Feature", "geometry": {"type": "MultiPolygon", "coordinates": [[[[-80.1273499999999, 25.8435800000001], [-80.1282, 25.84281], [-80.1276299999999, 25.8435300000002], [-80.1289599999999, 25.8434300000001], [-80.12718, 25.8455000000001], [-80.12737, 25.8464300000001], [-80.12607, 25.8466800000001], [-80.12592, 25.84667], [-80.12585, 25.84659], [-80.1250499999999, 25.8439400000001], [-80.1273499999999, 25.8435800000001]]], [[[-80.1261199999999, 25.8469400000001], [-80.1311, 25.8461], [-80.1327399999999, 25.8471200000001], [-80.1301299999999, 25.8498700000001], [-80.12636, 25.8486900000001], [-80.1261199999999, 25.8469400000001]]], [[[-80.12254, 25.84303], [-80.1232199999999, 25.84162], [-80.12418, 25.8432900000001], [-80.12511, 25.8503700000001], [-80.1241, 25.8504], [-80.1235399999999, 25.8486600000001], [-80.12254, 25.84303]]], [[[-80.14516, 25.8443100000002], [-80.15511, 25.8440400000001], [-80.15546, 25.85043], [-80.15416, 25.85045], [-80.1541299999999, 25.84935], [-80.14647, 25.84923], [-80.14517, 25.84793], [-80.14516, 25.8443100000002]]], [[[-80.16232, 25.8544100000001], [-80.1638799999999, 25.85237], [-80.16442, 25.8529400000001], [-80.16283, 25.8548700000001], [-80.16232, 25.8544100000001]]], [[[-80.1570199999999, 25.8546800000001], [-80.15683, 25.8442200000002], [-80.15982, 25.8438900000001], [-80.1606, 25.85489], [-80.15961, 25.85501], [-80.15935, 25.85011], [-80.158, 25.85028], [-80.15816, 25.8550400000001], [-80.1570199999999, 25.8546800000001]]], [[[-80.1315, 25.8520200000001], [-80.13643, 25.8493200000001], [-80.14191, 25.8495300000001], [-80.14543, 25.8530100000001], [-80.12833, 25.8575], [-80.12575, 25.85278], [-80.1315, 25.8520200000001]]], [[[-80.12661, 25.8603100000001], [-80.1259877233548, 25.8570759260038], [-80.1274999999999, 25.85725], [-80.1284, 25.86025], [-80.12661, 25.8603100000001]]], [[[-80.1286499999999, 25.8579400000001], [-80.14567, 25.85374], [-80.14449, 25.8587300000002], [-80.14026, 25.86113], [-80.1320399999999, 25.8613600000001], [-80.1286499999999, 25.8579400000001]]], [[[-80.12915, 25.8639800000002], [-80.1292499999999, 25.8610100000001], [-80.13323, 25.86299], [-80.14178, 25.8628400000001], [-80.14167, 25.86381], [-80.12915, 25.8639800000002]]], [[[-80.15503, 25.8642700000001], [-80.1554, 25.86392], [-80.1560499999999, 25.8639800000002], [-80.1553499999999, 25.86465], [-80.15503, 25.8642700000001]]], [[[-80.14204, 25.8649000000001], [-80.14198, 25.8628400000001], [-80.14267, 25.863], [-80.14316, 25.86365], [-80.1429099999999, 25.8645600000001], [-80.14233, 25.8649100000001], [-80.14204, 25.8649000000001]]], [[[-80.13628, 25.8641000000001], [-80.14177, 25.8639600000001], [-80.14186, 25.8649000000001], [-80.1330299999999, 25.86526], [-80.12921, 25.86736], [-80.12923, 25.86424], [-80.13628, 25.8641000000001]]], [[[-80.1245299999999, 25.86685], [-80.12869, 25.8601500000001], [-80.1290099999999, 25.86736], [-80.12941, 25.86847], [-80.13823, 25.86894], [-80.12553, 25.8709600000001], [-80.1248, 25.8698400000001], [-80.1245299999999, 25.86685]]], [[[-80.11936, 25.87198], [-80.11885, 25.86778], [-80.1187399999999, 25.8623300000002], [-80.11888, 25.8607000000001], [-80.1186899999999, 25.8586], [-80.1184799999999, 25.8456], [-80.1202299999999, 25.84702], [-80.12047, 25.8448300000001], [-80.1218699999999, 25.8443900000002], [-80.12254, 25.85043], [-80.1272, 25.8566700000002], [-80.12514, 25.8570900000001], [-80.12636, 25.8603700000001], [-80.128, 25.8607600000001], [-80.12399, 25.8667300000001], [-80.12444, 25.8724500000001], [-80.12225, 25.87249], [-80.12227, 25.8718900000001], [-80.1214999999999, 25.8719], [-80.12001, 25.87196], [-80.1201499999999, 25.8725800000001], [-80.11941, 25.8726200000001], [-80.11936, 25.87198]]]]}, "properties": {"f1": 33141, "f2": "Miami Beach", "f15": 241}}, {"type": "Feature", "geometry": {"type": "MultiPolygon", "coordinates": [[[[-80.45372, 25.67706], [-80.4572199999999, 25.67699], [-80.4568499999999, 25.6802500000001], [-80.4531199999999, 25.67793], [-80.45372, 25.67706]]], [[[-80.37184, 25.68686], [-80.3738599999999, 25.6868000000001], [-80.37395, 25.69014], [-80.37165, 25.69024], [-80.3699199999999, 25.6902900000001], [-80.36986, 25.6869200000001], [-80.3704199999999, 25.6869100000001], [-80.37184, 25.68686]]], [[[-80.4230867328433, 25.8094534485063], [-80.42261, 25.79937], [-80.42378, 25.79791], [-80.42815, 25.7978800000001], [-80.42383, 25.7951700000001], [-80.4218584798074, 25.782757587724], [-80.4292399999999, 25.7833400000002], [-80.43256, 25.7829400000002], [-80.421146, 25.7738769693721], [-80.4211459999999, 25.7651850000002], [-80.4588204999999, 25.7651850000002], [-80.4588204999999, 25.807034], [-80.4334316981131, 25.807034], [-80.43351, 25.8094900000002], [-80.42845, 25.8078], [-80.4230867328433, 25.8094534485063]]], [[[-80.4230867328433, 25.8094534485063], [-80.4230799999999, 25.8117900000001], [-80.4200525281746, 25.8117713186757], [-80.42116, 25.8095600000001], [-80.4230867328433, 25.8094534485063]]], [[[-80.22005, 25.87558], [-80.21988, 25.87231], [-80.21813, 25.8711200000001], [-80.21802, 25.86885], [-80.2200699999999, 25.8687700000001], [-80.218, 25.86812], [-80.2182, 25.86386], [-80.2157899999999, 25.86173], [-80.2176, 25.8559000000001], [-80.20942, 25.85457], [-80.21898, 25.85568], [-80.2129665026404, 25.8547529209976], [-80.21753, 25.8547800000001], [-80.2174299999999, 25.85046], [-80.21602, 25.8487000000002], [-80.21739, 25.8486600000001], [-80.21706, 25.8411200000001], [-80.22094, 25.84101], [-80.2171699999999, 25.8406400000001], [-80.2182011140407, 25.8398581829043], [-80.21714, 25.83938], [-80.21744, 25.8320300000001], [-80.2330799999999, 25.8314000000001], [-80.23304, 25.8305400000001], [-80.25734, 25.8307800000001], [-80.25723, 25.82815], [-80.25886, 25.8284800000001], [-80.25901, 25.8287000000002], [-80.2592, 25.8294500000001], [-80.25942, 25.8380600000001], [-80.25974, 25.8554199999999], [-80.2599, 25.85643], [-80.26004, 25.87078], [-80.22563, 25.87198], [-80.22556, 25.87547], [-80.22308, 25.87555], [-80.22418, 25.8730300000001], [-80.2213, 25.8723800000001], [-80.2216499999999, 25.87521], [-80.22005, 25.87558]]], [[[-80.24796, 25.8771700000002], [-80.2455899999999, 25.87441], [-80.2471, 25.87435], [-80.24715, 25.8755300000001], [-80.24904, 25.8746300000001], [-80.24796, 25.8771700000002]]]]}, "properties": {"f1": 33147, "f2": "Miami", "f15": 389}}, {"type": "Feature", "geometry": {"type": "Polygon", "coordinates": [[[-80.21863, 25.8311600000002], [-80.21654, 25.8305], [-80.21599, 25.81732], [-80.21702, 25.81727], [-80.21581, 25.8124200000001], [-80.21716, 25.8123900000001], [-80.21578, 25.8114100000002], [-80.21572, 25.8082], [-80.2176, 25.8081100000001], [-80.21568, 25.8073600000002], [-80.21555, 25.8033600000001], [-80.21742, 25.8033100000001], [-80.21737, 25.8023200000001], [-80.21552, 25.8023700000001], [-80.21735, 25.8014800000001], [-80.21545, 25.8007200000001], [-80.21527, 25.79501], [-80.21706, 25.7937700000001], [-80.21708, 25.79495], [-80.22533, 25.7937700000001], [-80.22534, 25.7947000000001], [-80.23799, 25.7943500000001], [-80.23793, 25.79246], [-80.23891, 25.79431], [-80.24796, 25.79333], [-80.25626, 25.79411], [-80.2584699999999, 25.79362], [-80.2633199999999, 25.7935500000001], [-80.2646, 25.79323], [-80.26865, 25.78975], [-80.26871, 25.78999], [-80.26695, 25.79147], [-80.26551, 25.79483], [-80.26439, 25.79481], [-80.26506, 25.8059500000001], [-80.26447, 25.8075], [-80.26503, 25.8083100000002], [-80.26141, 25.8082600000001], [-80.26198, 25.8086900000001], [-80.26025, 25.8090000000002], [-80.26014, 25.80872], [-80.25866, 25.80936], [-80.25916, 25.82841], [-80.25886, 25.8284800000001], [-80.25723, 25.82815], [-80.25734, 25.8307800000001], [-80.23304, 25.8305400000001], [-80.2330799999999, 25.8314000000001], [-80.21744, 25.8320300000001], [-80.21662, 25.83205], [-80.21662, 25.8319600000001], [-80.21863, 25.8311600000002]]]}, "properties": {"f1": 33142, "f2": "Miami", "f15": 336}}, {"type": "Feature", "geometry": {"type": "MultiPolygon", "coordinates": [[[[-80.21475, 25.7823200000001], [-80.20816, 25.7783100000001], [-80.2103999999999, 25.77952], [-80.21478, 25.7783499999999], [-80.21481, 25.7793], [-80.21559, 25.77979], [-80.2148199999999, 25.77982], [-80.21475, 25.7823200000001]]], [[[-80.21475, 25.7823200000001], [-80.2163257653866, 25.7828740557601], [-80.2149299999999, 25.78551], [-80.2151399999999, 25.78938], [-80.21675, 25.7893400000001], [-80.2151399999999, 25.7899100000001], [-80.21527, 25.79501], [-80.2110699999999, 25.79512], [-80.21051, 25.7931], [-80.20701, 25.79392], [-80.20697, 25.7915400000002], [-80.20557, 25.7915500000001], [-80.20531, 25.7952500000001], [-80.19848, 25.79543], [-80.19766, 25.79411], [-80.19674, 25.7954700000001], [-80.19575, 25.79417], [-80.19578, 25.7955000000001], [-80.1944399999999, 25.79563], [-80.19479, 25.7933199999999], [-80.19076, 25.7934400000001], [-80.19074, 25.7925900000002], [-80.19476, 25.7924500000001], [-80.19406, 25.7864400000001], [-80.1927199999999, 25.78595], [-80.19405, 25.7862000000001], [-80.19379, 25.779], [-80.19685, 25.77984], [-80.1968, 25.7788500000001], [-80.2001499999999, 25.7787700000001], [-80.20126, 25.7797100000001], [-80.2012199999999, 25.77876], [-80.2067199999999, 25.7784300000001], [-80.2109699999999, 25.7814300000001], [-80.21475, 25.7823200000001]]]]}, "properties": {"f1": 33136, "f2": "Miami", "f15": 209}}, {"type": "Feature", "geometry": {"type": "Polygon", "coordinates": [[[-80.21404, 25.77438], [-80.21328, 25.7735600000001], [-80.1935799999999, 25.77412], [-80.19193, 25.7725600000001], [-80.1934699999999, 25.7724800000002], [-80.19359, 25.77005], [-80.19588, 25.76898], [-80.1987969802179, 25.7696955595512], [-80.19663, 25.76823], [-80.1934399999999, 25.76943], [-80.1920899999999, 25.7664400000001], [-80.19331, 25.76641], [-80.1922399999999, 25.76549], [-80.19397, 25.75894], [-80.19567, 25.7607], [-80.19622, 25.7600100000001], [-80.19615, 25.76116], [-80.1997799999999, 25.76209], [-80.2001499999999, 25.76448], [-80.20066, 25.7626], [-80.20399, 25.7631900000001], [-80.20402, 25.7641600000001], [-80.20571, 25.7641], [-80.2056699999999, 25.76314], [-80.20731, 25.7630800000001], [-80.20734, 25.7640600000001], [-80.21432, 25.76294], [-80.21533, 25.7631700000001], [-80.21446, 25.76674], [-80.21615, 25.7666900000001], [-80.21619, 25.7686], [-80.21451, 25.7686600000001], [-80.21468, 25.77352], [-80.21404, 25.77438]]]}, "properties": {"f1": 33130, "f2": "Miami", "f15": 288}}, {"type": "Feature", "geometry": {"type": "MultiPolygon", "coordinates": [[[[-80.29907, 25.7929300000001], [-80.29893, 25.79231], [-80.29657, 25.7923800000001], [-80.2914, 25.7898000000001], [-80.30075, 25.7891100000001], [-80.29907, 25.7929300000001]]], [[[-80.30907, 25.79656], [-80.3087499999999, 25.7892800000001], [-80.30791, 25.7938300000002], [-80.3019532726834, 25.7937802936484], [-80.3035499999999, 25.78975], [-80.30164, 25.78901], [-80.3167499999999, 25.7885400000002], [-80.3188399999999, 25.7864900000001], [-80.31761, 25.78443], [-80.27982, 25.78604], [-80.27429, 25.78523], [-80.27237, 25.7880200000002], [-80.27484, 25.7893500000001], [-80.2717199999999, 25.7896300000001], [-80.27318, 25.7931500000001], [-80.26957, 25.7933900000001], [-80.27127, 25.7891900000001], [-80.27022, 25.78857], [-80.26871, 25.78999], [-80.26865, 25.78975], [-80.2646, 25.79323], [-80.2633199999999, 25.7935500000001], [-80.2584699999999, 25.79362], [-80.25626, 25.79411], [-80.25602, 25.79011], [-80.25808, 25.78998], [-80.2582699999999, 25.7875200000002], [-80.25815, 25.7863300000001], [-80.2559199999999, 25.7864200000001], [-80.25809, 25.78601], [-80.2558899999999, 25.78593], [-80.25576, 25.78219], [-80.25904, 25.7821300000001], [-80.25932, 25.7794400000001], [-80.25568, 25.7789700000001], [-80.2555, 25.7725500000001], [-80.26918, 25.77153], [-80.26925, 25.77331], [-80.27042, 25.7733], [-80.27035, 25.7715000000001], [-80.2791299999999, 25.7711600000002], [-80.2791599999999, 25.77236], [-80.28554, 25.7709100000001], [-80.2865299999999, 25.77265], [-80.28646, 25.77086], [-80.28814, 25.7707900000001], [-80.28988, 25.77077], [-80.2908599999999, 25.7725300000001], [-80.29079, 25.7707600000002], [-80.3084299999999, 25.77029], [-80.30972, 25.7712800000002], [-80.3133899999999, 25.7702100000001], [-80.3143799999999, 25.7711600000002], [-80.31441, 25.7701600000001], [-80.31818, 25.7700000000001], [-80.32029, 25.7708000000001], [-80.3201699999999, 25.7757900000001], [-80.32117, 25.77621], [-80.3223799999999, 25.77004], [-80.33591, 25.7696900000001], [-80.33658, 25.7812700000002], [-80.3335, 25.78167], [-80.33658, 25.78162], [-80.33661, 25.78514], [-80.33225, 25.7851], [-80.33236, 25.7898400000001], [-80.33382, 25.7898400000001], [-80.33377, 25.7881], [-80.33619, 25.7880100000001], [-80.3369, 25.7899600000001], [-80.33694, 25.7915100000001], [-80.3367499999999, 25.78997], [-80.33236, 25.7899600000001], [-80.3338, 25.7917], [-80.33138, 25.7917400000002], [-80.33116, 25.7934200000001], [-80.3243899999999, 25.79343], [-80.32419, 25.7934200000001], [-80.32407, 25.7897800000001], [-80.32262, 25.78979], [-80.32265, 25.7843000000001], [-80.32079, 25.7842900000001], [-80.32078, 25.7936600000001], [-80.31874, 25.79282], [-80.3129899999999, 25.7958300000001], [-80.31154, 25.79062], [-80.31074, 25.7953900000001], [-80.30907, 25.79656]]]]}, "properties": {"f1": 33126, "f2": "Miami", "f15": 305}}, {"type": "Feature", "geometry": {"type": "MultiPolygon", "coordinates": [[[[-80.1450299999999, 25.7666000000002], [-80.16118, 25.7665500000001], [-80.17881, 25.7746100000001], [-80.1815299999999, 25.7780500000001], [-80.17993, 25.7811300000001], [-80.1450299999999, 25.7666000000002]]], [[[-80.16898, 25.77963], [-80.1690399999999, 25.77937], [-80.17781, 25.78307], [-80.17946, 25.7871400000001], [-80.1793399999999, 25.7878900000001], [-80.1731899999999, 25.78688], [-80.1717199999999, 25.7811300000001], [-80.16889, 25.77986], [-80.16892, 25.7797700000001], [-80.16898, 25.77963]]], [[[-80.18567, 25.7957900000001], [-80.18536, 25.7942200000001], [-80.1854099999999, 25.78305], [-80.189, 25.7824600000001], [-80.1852899999999, 25.78223], [-80.18619, 25.7779500000001], [-80.18491, 25.77737], [-80.1834299999999, 25.7787200000001], [-80.1849999999999, 25.7728600000001], [-80.18662, 25.77282], [-80.1878, 25.7752600000001], [-80.1885699999999, 25.7742800000002], [-80.1935799999999, 25.77412], [-80.1937599999999, 25.778], [-80.1920699999999, 25.7786400000001], [-80.19379, 25.779], [-80.19405, 25.7862000000001], [-80.1927199999999, 25.78595], [-80.19406, 25.7864400000001], [-80.19476, 25.7924500000001], [-80.19074, 25.7925900000002], [-80.19076, 25.7934400000001], [-80.19479, 25.7933199999999], [-80.1944399999999, 25.79563], [-80.19078, 25.7957700000001], [-80.18775, 25.7948500000001], [-80.1870099999999, 25.79591], [-80.18567, 25.7957900000001]]]]}, "properties": {"f1": 33132, "f2": "Miami", "f15": 151}}, {"type": "Feature", "geometry": {"type": "Polygon", "coordinates": [[[-80.3711038155717, 25.5696150791087], [-80.36394, 25.56828], [-80.3623, 25.56831], [-80.36224, 25.5665200000001], [-80.36284, 25.56634], [-80.36282, 25.56421], [-80.3631, 25.56391], [-80.36306, 25.5594700000001], [-80.3640999999999, 25.5596500000001], [-80.36397, 25.5518100000001], [-80.36795, 25.5518000000001], [-80.3680099999999, 25.55448], [-80.3721, 25.5544000000001], [-80.37207, 25.5499500000001], [-80.37394, 25.55004], [-80.37394, 25.55166], [-80.38025, 25.5528300000002], [-80.38021, 25.5515800000001], [-80.39047, 25.55148], [-80.3904199999999, 25.5478300000001], [-80.39363, 25.5477800000001], [-80.3937499999999, 25.55026], [-80.39683, 25.5518600000002], [-80.4373199999999, 25.5510500000001], [-80.43731, 25.5483000000001], [-80.43839, 25.54829], [-80.4384, 25.5510400000001], [-80.44551, 25.5509600000001], [-80.45747, 25.5508400000001], [-80.45879, 25.5489300000001], [-80.4618015620659, 25.5488901117607], [-80.46182, 25.55078], [-80.48013, 25.5504900000002], [-80.48616, 25.5449], [-80.4862, 25.5504200000001], [-80.51471, 25.5502700000001], [-80.51554, 25.54656], [-80.51869, 25.55025], [-80.5348199998302, 25.5500099833644], [-80.5348, 25.54805], [-80.53838, 25.5480600000001], [-80.5384, 25.5500000000001], [-80.54007, 25.5493300000002], [-80.54243, 25.5500000000001], [-80.54057, 25.5478900000002], [-80.54291, 25.5500000000001], [-80.54287, 25.54632], [-80.54573, 25.54633], [-80.54957, 25.5370900000002], [-80.5591, 25.5430800000002], [-80.55883, 25.54992], [-80.54902, 25.54994], [-80.5455936401241, 25.55594], [-80.54456, 25.56357], [-80.53714, 25.56836], [-80.53709, 25.5646400000001], [-80.51483, 25.5647500000002], [-80.51156, 25.55938], [-80.51068, 25.5647800000002], [-80.48231, 25.5651100000001], [-80.48231, 25.56873], [-80.47826, 25.56875], [-80.47823, 25.56513], [-80.43342, 25.5657900000002], [-80.43315, 25.5685300000001], [-80.43049, 25.56856], [-80.43268, 25.56764], [-80.43054, 25.5658100000001], [-80.42316, 25.56588], [-80.38869, 25.56621], [-80.38873, 25.5669100000001], [-80.38667, 25.5669400000001], [-80.38665, 25.5662200000001], [-80.3825, 25.56626], [-80.3814999999999, 25.56628], [-80.38128, 25.56655], [-80.38113, 25.56628], [-80.37222, 25.56635], [-80.37226, 25.5697900000002], [-80.3711038155717, 25.5696150791087]]]}, "properties": {"f1": 33170, "f2": "Miami", "f15": 311}}, {"type": "Feature", "geometry": {"type": "MultiPolygon", "coordinates": [[[[-80.16019, 25.81004], [-80.17226, 25.8098400000001], [-80.17336, 25.81041], [-80.17334, 25.8110500000001], [-80.17023, 25.8113700000001], [-80.1699999999999, 25.81122], [-80.1701399999999, 25.81054], [-80.1600699999999, 25.81046], [-80.16019, 25.81004]]], [[[-80.18199, 25.81114], [-80.17969, 25.8105100000001], [-80.1848899999999, 25.8106], [-80.18508, 25.8121000000001], [-80.18199, 25.81114]]], [[[-80.1803299999999, 25.8184800000001], [-80.1826199999999, 25.81677], [-80.18355, 25.8211200000002], [-80.17847, 25.82138], [-80.1803299999999, 25.8184800000001]]], [[[-80.16941, 25.8236600000001], [-80.17007, 25.82304], [-80.16944, 25.82471], [-80.1697099999999, 25.82558], [-80.16931, 25.82559], [-80.1688499999999, 25.82534], [-80.16884, 25.82467], [-80.16942, 25.8243000000001], [-80.16941, 25.8236600000001]]], [[[-80.17624, 25.8278], [-80.17648, 25.8274800000001], [-80.1767599999999, 25.8277700000002], [-80.17667, 25.8289000000002], [-80.17632, 25.8290100000001], [-80.17604, 25.8286600000001], [-80.17624, 25.8278]]], [[[-80.18079, 25.8333300000001], [-80.17812, 25.82204], [-80.1837, 25.8214], [-80.1847399999999, 25.8202700000001], [-80.1828299999999, 25.8164800000001], [-80.18535, 25.81448], [-80.18538, 25.80399], [-80.18677, 25.80392], [-80.1854099999999, 25.8032500000001], [-80.18542, 25.7973000000001], [-80.187, 25.7972300000001], [-80.1870099999999, 25.79591], [-80.18775, 25.7948500000001], [-80.19078, 25.7957700000001], [-80.1944399999999, 25.79563], [-80.19282, 25.8026200000002], [-80.19374, 25.7998200000001], [-80.19498, 25.7997900000001], [-80.19518, 25.8058], [-80.19385, 25.8058400000001], [-80.1934999999999, 25.80681], [-80.19385, 25.80594], [-80.19521, 25.8067400000001], [-80.19535, 25.81144], [-80.19319, 25.8113900000001], [-80.19536, 25.81156], [-80.19633, 25.8320199999999], [-80.19627, 25.8322600000002], [-80.1962299999999, 25.83258], [-80.19281, 25.8327], [-80.1913799999999, 25.8324400000001], [-80.1914, 25.8330300000001], [-80.19106, 25.83314], [-80.18818, 25.8332200000001], [-80.18794, 25.83258], [-80.18798, 25.8332200000001], [-80.18079, 25.8333300000001]]]]}, "properties": {"f1": 33137, "f2": "Miami", "f15": 185}}, {"type": "Feature", "geometry": {"type": "Polygon", "coordinates": [[[-80.19931, 25.83251], [-80.19927, 25.83164], [-80.19633, 25.8320199999999], [-80.19536, 25.81156], [-80.19319, 25.8113900000001], [-80.19535, 25.81144], [-80.19521, 25.8067400000001], [-80.19385, 25.80594], [-80.1934999999999, 25.80681], [-80.19385, 25.8058400000001], [-80.19518, 25.8058], [-80.19498, 25.7997900000001], [-80.19374, 25.7998200000001], [-80.19282, 25.8026200000002], [-80.1944399999999, 25.79563], [-80.19578, 25.7955000000001], [-80.19575, 25.79417], [-80.19674, 25.7954700000001], [-80.19766, 25.79411], [-80.19848, 25.79543], [-80.20531, 25.7952500000001], [-80.20557, 25.7915500000001], [-80.20697, 25.7915400000002], [-80.20701, 25.79392], [-80.21051, 25.7931], [-80.2110699999999, 25.79512], [-80.21527, 25.79501], [-80.21545, 25.8007200000001], [-80.21735, 25.8014800000001], [-80.21552, 25.8023700000001], [-80.21737, 25.8023200000001], [-80.21742, 25.8033100000001], [-80.21555, 25.8033600000001], [-80.21568, 25.8073600000002], [-80.2176, 25.8081100000001], [-80.21572, 25.8082], [-80.21578, 25.8114100000002], [-80.21716, 25.8123900000001], [-80.21581, 25.8124200000001], [-80.21702, 25.81727], [-80.21599, 25.81732], [-80.21654, 25.8305], [-80.21863, 25.8311600000002], [-80.21662, 25.8319600000001], [-80.21051, 25.8321700000001], [-80.21047, 25.83129], [-80.20844, 25.8313600000001], [-80.20849, 25.8322400000002], [-80.19931, 25.83251]]]}, "properties": {"f1": 33127, "f2": "Miami", "f15": 246}}, {"type": "Feature", "geometry": {"type": "Polygon", "coordinates": [[[-80.2600399942091, 25.8707799983807], [-80.2599300032224, 25.8715099956645], [-80.2592300015644, 25.8727199963659], [-80.2595100057367, 25.881970005625], [-80.2605599994511, 25.8905600018993], [-80.2596299974989, 25.8891799968406], [-80.2432600086036, 25.8900899947821], [-80.2435599967818, 25.8979400062672], [-80.2314500049431, 25.8975399957878], [-80.227429991411, 25.8991099944132], [-80.2280700059605, 25.909669997842], [-80.2223700024853, 25.9160799967575], [-80.211929999814, 25.9165600000102], [-80.2170399926178, 25.9154300000877], [-80.2199200054549, 25.9125899922761], [-80.2192200037968, 25.8958399992577], [-80.2212395112997, 25.8956397696591], [-80.2192200037968, 25.8956199929035], [-80.2181899940885, 25.8725300046431], [-80.2181599917616, 25.8718199996343], [-80.2181300069799, 25.8711199991905], [-80.2198800023524, 25.8723100022132], [-80.2200499979928, 25.8755800018577], [-80.2216499992761, 25.8752100042188], [-80.2213000072197, 25.8723800001605], [-80.2241800025115, 25.8730299971607], [-80.223080004919, 25.8755499922793], [-80.2255600042763, 25.875470003534], [-80.2256299921604, 25.8719799978003], [-80.2600399942091, 25.8707799983807]], [[-80.2471000081744, 25.8743499975495], [-80.2455899963265, 25.8744100015221], [-80.2479600046972, 25.8771699934529], [-80.2490400007385, 25.8746300000412], [-80.2471499945073, 25.8755300069377], [-80.2471000081744, 25.8743499975495]]]}, "properties": {"f1": 33167, "f2": "Miami", "f15": 343}}, {"type": "Feature", "geometry": {"type": "Polygon", "coordinates": [[[-80.19792, 25.8732400000002], [-80.1977199999999, 25.86866], [-80.19565, 25.8678500000001], [-80.19768, 25.86779], [-80.19761, 25.86602], [-80.19554, 25.86521], [-80.19758, 25.86511], [-80.19752, 25.8633800000001], [-80.19544, 25.86256], [-80.19748, 25.8623400000001], [-80.1973999999999, 25.86042], [-80.19535, 25.8604900000001], [-80.1952999999999, 25.8595400000001], [-80.19736, 25.8594600000001], [-80.1971699999999, 25.8548100000001], [-80.1956193141214, 25.852964658772], [-80.1971, 25.8529], [-80.19557, 25.8400600000001], [-80.19656, 25.8400200000001], [-80.19647, 25.8371400000001], [-80.19537, 25.8363800000001], [-80.19641, 25.83632], [-80.1962299999999, 25.83258], [-80.19627, 25.8322600000002], [-80.19633, 25.8320199999999], [-80.19927, 25.83164], [-80.19931, 25.83251], [-80.20849, 25.8322400000002], [-80.20844, 25.8313600000001], [-80.21047, 25.83129], [-80.21051, 25.8321700000001], [-80.21662, 25.8319600000001], [-80.21662, 25.83205], [-80.21744, 25.8320300000001], [-80.21714, 25.83938], [-80.2182011140407, 25.8398581829043], [-80.2171699999999, 25.8406400000001], [-80.22094, 25.84101], [-80.21706, 25.8411200000001], [-80.21739, 25.8486600000001], [-80.21602, 25.8487000000002], [-80.2174299999999, 25.85046], [-80.21753, 25.8547800000001], [-80.2129665026404, 25.8547529209976], [-80.21898, 25.85568], [-80.20942, 25.85457], [-80.2176, 25.8559000000001], [-80.2157899999999, 25.86173], [-80.2182, 25.86386], [-80.218, 25.86812], [-80.2200699999999, 25.8687700000001], [-80.21802, 25.86885], [-80.21813, 25.8711200000001], [-80.21816, 25.8718200000001], [-80.21819, 25.8725300000001], [-80.2092499999999, 25.8728800000001], [-80.20908, 25.87197], [-80.2086199999999, 25.8729800000001], [-80.2023899999999, 25.8731000000001], [-80.2022368850793, 25.8694200798699], [-80.202, 25.8731200000001], [-80.19792, 25.8732400000002]]]}, "properties": {"f1": 33150, "f2": "Miami", "f15": 263}}, {"type": "Feature", "geometry": {"type": "Polygon", "coordinates": [[[-80.21527, 25.79501], [-80.2151399999999, 25.7899100000001], [-80.21675, 25.7893400000001], [-80.2151399999999, 25.78938], [-80.2149299999999, 25.78551], [-80.2163257653866, 25.7828740557601], [-80.21475, 25.7823200000001], [-80.2148199999999, 25.77982], [-80.21559, 25.77979], [-80.21481, 25.7793], [-80.21478, 25.7783499999999], [-80.21473, 25.7764200000001], [-80.21642, 25.77637], [-80.21639, 25.7754000000001], [-80.21471, 25.7754400000001], [-80.21554, 25.7734900000001], [-80.22283, 25.7742499999999], [-80.22403, 25.7727700000001], [-80.22904, 25.77379], [-80.22899, 25.7726400000001], [-80.23505, 25.7733], [-80.24229, 25.77225], [-80.24212, 25.7731400000001], [-80.25544, 25.77184], [-80.25547, 25.7719600000001], [-80.25547, 25.7720600000001], [-80.2555, 25.7725500000001], [-80.25568, 25.7789700000001], [-80.25932, 25.7794400000001], [-80.25904, 25.7821300000001], [-80.25576, 25.78219], [-80.2558899999999, 25.78593], [-80.25809, 25.78601], [-80.2559199999999, 25.7864200000001], [-80.25815, 25.7863300000001], [-80.2582699999999, 25.7875200000002], [-80.25808, 25.78998], [-80.25602, 25.79011], [-80.25626, 25.79411], [-80.24796, 25.79333], [-80.23891, 25.79431], [-80.23793, 25.79246], [-80.23799, 25.7943500000001], [-80.22534, 25.7947000000001], [-80.22533, 25.7937700000001], [-80.21708, 25.79495], [-80.21706, 25.7937700000001], [-80.21527, 25.79501]]]}, "properties": {"f1": 33125, "f2": "Miami", "f15": 315}}, {"type": "Feature", "geometry": {"type": "Polygon", "coordinates": [[[-80.2109699999999, 25.7814300000001], [-80.2067199999999, 25.7784300000001], [-80.2012199999999, 25.77876], [-80.20126, 25.7797100000001], [-80.2001499999999, 25.7787700000001], [-80.1968, 25.7788500000001], [-80.19685, 25.77984], [-80.19379, 25.779], [-80.1920699999999, 25.7786400000001], [-80.1937599999999, 25.778], [-80.1935799999999, 25.77412], [-80.21328, 25.7735600000001], [-80.21404, 25.77438], [-80.21468, 25.77352], [-80.21554, 25.7734900000001], [-80.21471, 25.7754400000001], [-80.21639, 25.7754000000001], [-80.21642, 25.77637], [-80.21473, 25.7764200000001], [-80.21478, 25.7783499999999], [-80.2103999999999, 25.77952], [-80.20816, 25.7783100000001], [-80.21475, 25.7823200000001], [-80.2109699999999, 25.7814300000001]]]}, "properties": {"f1": 33128, "f2": "Miami", "f15": 333}}, {"type": "Feature", "geometry": {"type": "Polygon", "coordinates": [[[-80.22283, 25.7742499999999], [-80.21554, 25.7734900000001], [-80.21468, 25.77352], [-80.21451, 25.7686600000001], [-80.21619, 25.7686], [-80.21615, 25.7666900000001], [-80.21446, 25.76674], [-80.21533, 25.7631700000001], [-80.21432, 25.76294], [-80.21429, 25.7620000000001], [-80.21523, 25.7608300000002], [-80.2386, 25.7605300000001], [-80.23856, 25.7596], [-80.23872, 25.7605300000001], [-80.24686, 25.7602700000001], [-80.24676, 25.7575100000001], [-80.24889, 25.7574300000001], [-80.24743, 25.75836], [-80.24803, 25.7606100000001], [-80.25495, 25.76032], [-80.25609, 25.76466], [-80.25513, 25.76468], [-80.25544, 25.77184], [-80.24212, 25.7731400000001], [-80.24229, 25.77225], [-80.23505, 25.7733], [-80.22899, 25.7726400000001], [-80.22904, 25.77379], [-80.22403, 25.7727700000001], [-80.22283, 25.7742499999999]]]}, "properties": {"f1": 33135, "f2": "Miami", "f15": 351}}, {"type": "Feature", "geometry": {"type": "MultiPolygon", "coordinates": [[[[-80.12511, 25.95934], [-80.1267499999999, 25.9528800000001], [-80.1313899999999, 25.95229], [-80.13129, 25.9545000000001], [-80.12835, 25.95389], [-80.12762, 25.95984], [-80.12511, 25.95934]]], [[[-80.13397, 25.97452], [-80.13397, 25.9741400000001], [-80.12392, 25.97441], [-80.13365, 25.9740800000001], [-80.12378, 25.9741400000001], [-80.1237, 25.9740800000001], [-80.12407, 25.9697000000001], [-80.12697, 25.9701700000001], [-80.12767, 25.9721400000001], [-80.12981, 25.9717900000002], [-80.1293599999999, 25.9696400000001], [-80.12413, 25.96931], [-80.12418, 25.96776], [-80.13348, 25.9668900000002], [-80.12425, 25.96729], [-80.1244799999999, 25.9619600000001], [-80.12527, 25.9599000000001], [-80.12859, 25.95988], [-80.12898, 25.9548200000001], [-80.13245, 25.95467], [-80.13281, 25.9509000000002], [-80.13451, 25.95206], [-80.1348999999999, 25.9507000000002], [-80.14136, 25.95055], [-80.13472, 25.95033], [-80.13472, 25.9487300000001], [-80.14253, 25.94839], [-80.1353799999999, 25.94817], [-80.13547, 25.9470700000001], [-80.13808, 25.9465100000001], [-80.14759, 25.9474], [-80.14783, 25.9465800000001], [-80.14863, 25.9466300000002], [-80.14868, 25.94741], [-80.1527199999999, 25.94725], [-80.1526899999999, 25.94657], [-80.15396, 25.9465100000001], [-80.15428, 25.9472], [-80.1567, 25.9471200000001], [-80.15882, 25.9475800000001], [-80.1567599999999, 25.94832], [-80.1588899999999, 25.94858], [-80.15908, 25.95172], [-80.15693, 25.9514], [-80.15859, 25.96228], [-80.15617, 25.96238], [-80.1584799999999, 25.96367], [-80.15662, 25.96456], [-80.1581, 25.96483], [-80.1569099999999, 25.9671500000001], [-80.15849, 25.9671300000001], [-80.15718, 25.9724399999999], [-80.15964, 25.9717300000001], [-80.1561899999999, 25.97403], [-80.1574245, 25.9740685588236], [-80.1421299999999, 25.9745600000001], [-80.13397, 25.97452]]]]}, "properties": {"f1": 33180, "f2": "Miami", "f15": 62}}, {"type": "Feature", "geometry": {"type": "MultiPolygon", "coordinates": [[[[-80.37226, 25.5697900000002], [-80.37222, 25.56635], [-80.38113, 25.56628], [-80.38128, 25.56655], [-80.3814999999999, 25.56628], [-80.3825, 25.56626], [-80.3809, 25.56774], [-80.37982, 25.56878], [-80.3780499999999, 25.5705900000001], [-80.37746, 25.5701800000001], [-80.37728, 25.5701], [-80.3729699999999, 25.5698700000002], [-80.37226, 25.5697900000002]]], [[[-80.3587299868913, 25.5806844996879], [-80.36211, 25.57257], [-80.36229, 25.56851], [-80.3785235326348, 25.5713107622786], [-80.3806599999999, 25.57263], [-80.3807265707775, 25.5735334605525], [-80.3780499999999, 25.5730300000001], [-80.3800299999999, 25.57521], [-80.37972, 25.5809000000002], [-80.37111, 25.58101], [-80.3706199999999, 25.57824], [-80.3651999999999, 25.58314], [-80.36435, 25.5810900000002], [-80.3587299868913, 25.5806844996879]]], [[[-80.3048399999999, 25.5770900000001], [-80.3026699999999, 25.5693200000001], [-80.30658, 25.5655800000001], [-80.3078299999999, 25.56776], [-80.3076799999999, 25.5575100000001], [-80.3118, 25.5466300000001], [-80.31427, 25.5476200000001], [-80.31427, 25.5512499999999], [-80.31544, 25.5511600000001], [-80.31631, 25.5462800000001], [-80.31818, 25.54675], [-80.31221, 25.5448500000001], [-80.3134, 25.5372600000001], [-80.3166, 25.5363300000001], [-80.3169299999999, 25.5382500000001], [-80.31531, 25.5389300000001], [-80.31613, 25.5412], [-80.31924, 25.5395500000001], [-80.31841, 25.5391200000001], [-80.3206899999999, 25.53947], [-80.3243899999999, 25.5360700000001], [-80.32722, 25.54051], [-80.33026, 25.5439000000001], [-80.3306699999999, 25.5455600000001], [-80.33078, 25.55196], [-80.3309899999999, 25.5638700000001], [-80.33958, 25.5639700000001], [-80.34188, 25.5668000000001], [-80.34567, 25.5666300000001], [-80.34564, 25.56799], [-80.34581, 25.56664], [-80.36188, 25.5665200000001], [-80.36198, 25.5724000000001], [-80.36026, 25.5745700000002], [-80.3600299999999, 25.5771200000002], [-80.35838, 25.57913], [-80.35829, 25.5804600000001], [-80.35707, 25.5811700000001], [-80.3571399999999, 25.5793600000001], [-80.35519, 25.5795], [-80.35451, 25.5811800000001], [-80.3455, 25.58246], [-80.34332, 25.58619], [-80.34111, 25.58367], [-80.3415, 25.5813200000001], [-80.3318699999999, 25.5814000000001], [-80.33191, 25.58503], [-80.3309, 25.5832400000002], [-80.3281499999999, 25.58322], [-80.32847, 25.5854000000001], [-80.31752, 25.58504], [-80.31784, 25.5835700000001], [-80.3081224999999, 25.5768412727272], [-80.3081224999999, 25.5878186111113], [-80.30621, 25.5809200000001], [-80.30508, 25.5794800000001], [-80.3048399999999, 25.5770900000001]]]]}, "properties": {"f1": 33189, "f2": "Miami", "f15": 163}}, {"type": "Feature", "geometry": {"type": "Polygon", "coordinates": [[[-80.46138, 25.5065], [-80.4603499999999, 25.50107], [-80.45865, 25.50231], [-80.4571699999999, 25.5014100000001], [-80.45713, 25.4992800000001], [-80.4612, 25.4992400000002], [-80.46119, 25.49818], [-80.46217, 25.50122], [-80.46474, 25.50284], [-80.46234, 25.5013000000001], [-80.46119, 25.4980900000001], [-80.46103, 25.48595], [-80.46235, 25.4845800000001], [-80.4608999999999, 25.4846000000001], [-80.4608999999999, 25.47726], [-80.45884, 25.47728], [-80.4572199999999, 25.4745200000001], [-80.4608399999999, 25.4735900000001], [-80.4591699999999, 25.4726200000001], [-80.46082, 25.47188], [-80.4594399999999, 25.4700700000001], [-80.4607899999999, 25.47006], [-80.4608, 25.46808], [-80.46622, 25.4679300000001], [-80.46858, 25.4657100000001], [-80.46873, 25.4627100000001], [-80.46849, 25.4655600000001], [-80.46632, 25.4677], [-80.4595, 25.46799], [-80.459, 25.4682800000001], [-80.45879, 25.47008], [-80.45262, 25.47011], [-80.45261, 25.4692800000002], [-80.46898, 25.45793], [-80.469, 25.4624400000001], [-80.47929, 25.46248], [-80.48033, 25.4634], [-80.48033, 25.4624763870967], [-80.4881699999999, 25.4624400000001], [-80.48818, 25.4633500000001], [-80.49025, 25.4624300000001], [-80.4902799999999, 25.4642400000001], [-80.49104, 25.4624300000001], [-80.49762, 25.4623900000001], [-80.49756, 25.45872], [-80.49976, 25.45872], [-80.4998199999999, 25.4623800000001], [-80.50158, 25.46237], [-80.5015699999999, 25.4568300000001], [-80.5055799999999, 25.4568600000001], [-80.50766, 25.4641900000001], [-80.5097099999999, 25.46229], [-80.52597, 25.4622700000002], [-80.52603, 25.45872], [-80.5299399999999, 25.4601500000002], [-80.53011, 25.4622100000001], [-80.5419, 25.4621300000001], [-80.54197, 25.44754], [-80.5475999999999, 25.4475100000001], [-80.54469, 25.4583800000001], [-80.55026, 25.4693000000001], [-80.55829, 25.4692800000002], [-80.55835, 25.4766800000001], [-80.5623799999999, 25.47667], [-80.5603646552512, 25.4781508698745], [-80.5604, 25.48165], [-80.5568999999999, 25.4810900000002], [-80.5581499999999, 25.4819200000002], [-80.56241, 25.48189], [-80.56293, 25.4834], [-80.571844, 25.483416531746], [-80.5628699999999, 25.48355], [-80.56282, 25.49162], [-80.5597399999999, 25.495], [-80.55992, 25.5003999999999], [-80.55913, 25.50591], [-80.55859, 25.5035600000001], [-80.54254, 25.5037200000001], [-80.54256, 25.5059700000001], [-80.5265122380583, 25.5060099716702], [-80.52647, 25.5023900000001], [-80.51836, 25.5060600000002], [-80.51775, 25.5027900000001], [-80.51415, 25.50085], [-80.51415, 25.49884], [-80.51012, 25.50035], [-80.51023, 25.50614], [-80.47777, 25.5069400000001], [-80.47358, 25.5046100000001], [-80.46954, 25.5045900000001], [-80.46957, 25.50727], [-80.46138, 25.5065]]]}, "properties": {"f1": 33030, "f2": "Homestead", "f15": 214}}, {"type": "Feature", "geometry": {"type": "Polygon", "coordinates": [[[-80.32029, 25.7708000000001], [-80.31818, 25.7700000000001], [-80.31441, 25.7701600000001], [-80.3143799999999, 25.7711600000002], [-80.3133899999999, 25.7702100000001], [-80.30972, 25.7712800000002], [-80.3084299999999, 25.77029], [-80.29079, 25.7707600000002], [-80.2908599999999, 25.7725300000001], [-80.28988, 25.77077], [-80.28814, 25.7707900000001], [-80.28799, 25.76647], [-80.28588, 25.76583], [-80.28796, 25.76575], [-80.28667, 25.7626400000001], [-80.2876, 25.7562700000001], [-80.29019, 25.7571200000001], [-80.29016, 25.7562000000001], [-80.30166, 25.7558800000001], [-80.30274, 25.7567600000001], [-80.30242, 25.7558500000002], [-80.31569, 25.7554500000001], [-80.31572, 25.75725], [-80.3165, 25.7554300000001], [-80.31895, 25.7553800000001], [-80.31958, 25.7624500000002], [-80.31976, 25.75514], [-80.3207, 25.75602], [-80.33586, 25.75491], [-80.33594, 25.7567600000001], [-80.33495, 25.7567700000001], [-80.33633, 25.7696800000001], [-80.33591, 25.7696900000001], [-80.3223799999999, 25.77004], [-80.32117, 25.77621], [-80.3201699999999, 25.7757900000001], [-80.32029, 25.7708000000001]]]}, "properties": {"f1": 33144, "f2": "Miami", "f15": 292}}, {"type": "Feature", "geometry": {"type": "MultiPolygon", "coordinates": [[[[-80.2031699999999, 25.9133900000002], [-80.19998, 25.90947], [-80.1982, 25.9062200000001], [-80.19938, 25.90615], [-80.19825, 25.88061], [-80.19419, 25.88079], [-80.19403, 25.8770900000001], [-80.1981, 25.8769300000001], [-80.19792, 25.8732400000002], [-80.202, 25.8731200000001], [-80.2022368850793, 25.8694200798699], [-80.2023899999999, 25.8731000000001], [-80.2086199999999, 25.8729800000001], [-80.20908, 25.87197], [-80.2092499999999, 25.8728800000001], [-80.21819, 25.8725300000001], [-80.21922, 25.8956200000001], [-80.2212395115077, 25.8956397745421], [-80.21922, 25.8958400000001], [-80.21992, 25.9125900000001], [-80.21024, 25.9131000000002], [-80.21012, 25.91101], [-80.2099499999999, 25.91311], [-80.2031699999999, 25.9133900000002]]], [[[-80.20266, 25.91424], [-80.20195, 25.9134000000001], [-80.19968, 25.91351], [-80.19954, 25.91031], [-80.19957, 25.9101000000001], [-80.19971, 25.91031], [-80.19979, 25.91012], [-80.20266, 25.91424]]]]}, "properties": {"f1": 33168, "f2": "Miami", "f15": 297}}, {"type": "Feature", "geometry": {"type": "Polygon", "coordinates": [[[-80.18769, 25.9166600000001], [-80.18726, 25.91253], [-80.18663, 25.9139300000001], [-80.1827, 25.9140600000002], [-80.18273, 25.91535], [-80.18155, 25.9141], [-80.17553, 25.9143299999999], [-80.17549, 25.9134100000001], [-80.16744, 25.9137100000002], [-80.1671599999999, 25.90837], [-80.16334, 25.90851], [-80.1630699999999, 25.90762], [-80.16711, 25.9074700000002], [-80.1666899999999, 25.90144], [-80.16453, 25.9003500000002], [-80.1666999999999, 25.90027], [-80.1661699999999, 25.88751], [-80.16438, 25.8875300000001], [-80.16668, 25.8813600000001], [-80.16994, 25.8811500000001], [-80.16986, 25.87836], [-80.16356, 25.87787], [-80.16376, 25.8772], [-80.16396, 25.8753800000001], [-80.16422, 25.8744000000001], [-80.16488, 25.87499], [-80.16953, 25.87484], [-80.16998, 25.8738100000001], [-80.17125, 25.8738000000001], [-80.17066, 25.8748200000001], [-80.17451, 25.87464], [-80.1741747090581, 25.873406940612], [-80.1752199999999, 25.8743600000001], [-80.17764, 25.8739600000001], [-80.1771699999999, 25.87387], [-80.1773099999999, 25.8713500000001], [-80.18323, 25.8753800000001], [-80.1916059408729, 25.8874819067292], [-80.18358, 25.8753800000001], [-80.18186, 25.8737800000002], [-80.18335, 25.87231], [-80.18576, 25.8736700000001], [-80.19792, 25.8732400000002], [-80.1981, 25.8769300000001], [-80.19403, 25.8770900000001], [-80.19419, 25.88079], [-80.19825, 25.88061], [-80.19938, 25.90615], [-80.1982, 25.9062200000001], [-80.19998, 25.90947], [-80.19995, 25.90962], [-80.19987, 25.9099], [-80.19979, 25.91012], [-80.19971, 25.91031], [-80.19957, 25.9101000000001], [-80.19954, 25.91031], [-80.19968, 25.91351], [-80.19101, 25.9123800000001], [-80.18769, 25.9166600000001]]]}, "properties": {"f1": 33161, "f2": "Miami", "f15": 203}}, {"type": "Feature", "geometry": {"type": "Polygon", "coordinates": [[[-80.33586, 25.75491], [-80.33577, 25.73302], [-80.33543, 25.72703], [-80.33465, 25.72618], [-80.33533, 25.7252800000001], [-80.33487, 25.7167100000001], [-80.3449, 25.7162600000001], [-80.34484, 25.7147900000001], [-80.34602, 25.7147400000002], [-80.3484, 25.7146700000001], [-80.34848, 25.71616], [-80.38255, 25.7148200000001], [-80.38255, 25.7149200000001], [-80.38328, 25.73435], [-80.38208, 25.73384], [-80.38331, 25.7348300000001], [-80.38381, 25.7428300000001], [-80.38199, 25.7428700000001], [-80.38209, 25.74582], [-80.38382, 25.74604], [-80.38387, 25.7472300000002], [-80.38218, 25.74739], [-80.3839, 25.7476900000001], [-80.38407, 25.7491100000001], [-80.38413, 25.75075], [-80.3834715, 25.75075], [-80.3828, 25.75075], [-80.3828, 25.7525100000001], [-80.37921, 25.7525], [-80.37896, 25.7512400000002], [-80.37672, 25.7524900000001], [-80.37316, 25.75288], [-80.37274, 25.75198], [-80.36818, 25.75254], [-80.36974, 25.7532000000001], [-80.36821, 25.7531700000002], [-80.36827, 25.7542800000001], [-80.34088, 25.7547700000001], [-80.34095, 25.75656], [-80.33605, 25.7567600000001], [-80.33586, 25.75491]]]}, "properties": {"f1": 33165, "f2": "Miami", "f15": 316}}, {"type": "Feature", "geometry": {"type": "MultiPolygon", "coordinates": [[[[-80.37515, 25.3081500000001], [-80.37695, 25.3061300000001], [-80.37807, 25.30768], [-80.37592, 25.30921], [-80.37515, 25.3081500000001]]], [[[-80.2490299999999, 25.34563], [-80.2497699999999, 25.3444700000001], [-80.25066, 25.3451400000001], [-80.2510399999999, 25.3468800000002], [-80.25041, 25.3472000000001], [-80.2490299999999, 25.34563]]], [[[-80.2542299999999, 25.3527800000001], [-80.25067, 25.34961], [-80.24569, 25.35171], [-80.2420199999999, 25.3492600000002], [-80.2482299999999, 25.3456700000001], [-80.24973, 25.3475700000001], [-80.25191, 25.3474300000002], [-80.2534, 25.35074], [-80.2580599999999, 25.3530100000001], [-80.25865, 25.3549], [-80.2542299999999, 25.3527800000001]]], [[[-80.28778, 25.37454], [-80.2883, 25.37408], [-80.2901299999999, 25.37426], [-80.2893499999999, 25.37616], [-80.28844, 25.3760400000001], [-80.28778, 25.37454]]], [[[-80.24393, 25.3720999999999], [-80.2455, 25.36997], [-80.24367, 25.3771700000001], [-80.24133, 25.37724], [-80.2413, 25.3771700000001], [-80.2442099999999, 25.3744600000001], [-80.24393, 25.3720999999999]]], [[[-80.24274, 25.3780400000002], [-80.2433199999999, 25.37794], [-80.24315, 25.3789200000001], [-80.24213, 25.37893], [-80.2420199999999, 25.37827], [-80.24274, 25.3780400000002]]], [[[-80.2930499999999, 25.3791900000001], [-80.29522, 25.3766], [-80.30382, 25.3785400000001], [-80.30198, 25.3804400000002], [-80.30047, 25.37893], [-80.2983, 25.3799400000002], [-80.29891, 25.3818600000001], [-80.29386, 25.38547], [-80.2930499999999, 25.3791900000001]]], [[[-80.22908, 25.3825400000001], [-80.24109, 25.35623], [-80.2396999999999, 25.3496900000001], [-80.2507299999999, 25.35344], [-80.25352, 25.3564400000001], [-80.25549, 25.3566100000001], [-80.2585599999999, 25.35904], [-80.2584999999999, 25.3640600000002], [-80.25471, 25.36536], [-80.2534699999999, 25.368], [-80.2476199999999, 25.3692000000001], [-80.2493499999999, 25.36679], [-80.25147, 25.36734], [-80.2517499999999, 25.3643500000002], [-80.24752, 25.3619], [-80.24446, 25.3635900000001], [-80.2377699999999, 25.37409], [-80.2384999999999, 25.3764100000001], [-80.24141, 25.37596], [-80.23836, 25.38062], [-80.23994, 25.38099], [-80.2393299999999, 25.3853700000001], [-80.23531, 25.3856900000001], [-80.2327, 25.38757], [-80.2312, 25.38634], [-80.22908, 25.3825400000001]]], [[[-80.24532, 25.3881800000001], [-80.2410499999999, 25.3868300000001], [-80.24213, 25.3870900000001], [-80.24091, 25.38563], [-80.24136, 25.38227], [-80.24382, 25.38052], [-80.24267, 25.38001], [-80.2433499999999, 25.3791100000001], [-80.24368, 25.3776600000001], [-80.2446, 25.37947], [-80.24949, 25.37351], [-80.2497699999999, 25.3708700000001], [-80.25333, 25.36879], [-80.2534199999999, 25.3736800000001], [-80.2553, 25.3745600000001], [-80.25349, 25.3735], [-80.25467, 25.37181], [-80.2559199999999, 25.37539], [-80.25453, 25.37794], [-80.25214, 25.37788], [-80.2494299999999, 25.3867], [-80.24532, 25.3881800000001]]], [[[-80.23388, 25.3903800000001], [-80.23298, 25.38852], [-80.2359499999999, 25.38632], [-80.23954, 25.3868500000001], [-80.23989, 25.39003], [-80.23848, 25.38866], [-80.2366299999999, 25.38913], [-80.2388699999999, 25.39033], [-80.23731, 25.3924600000001], [-80.23388, 25.3903800000001]]], [[[-80.23317, 25.39376], [-80.23288, 25.3923300000001], [-80.2351, 25.39294], [-80.23513, 25.39416], [-80.23317, 25.39376]]], [[[-80.2390699999999, 25.3913900000002], [-80.2420199999999, 25.39129], [-80.2431399999999, 25.3925300000001], [-80.23799, 25.3942600000002], [-80.23716, 25.39342], [-80.2390699999999, 25.3913900000002]]], [[[-80.23184, 25.39404], [-80.23139, 25.39293], [-80.23242, 25.3934400000001], [-80.23286, 25.3944800000002], [-80.23184, 25.39404]]], [[[-80.24644, 25.39271], [-80.24759, 25.39164], [-80.2495799999999, 25.39513], [-80.2471099999999, 25.39458], [-80.24644, 25.39271]]], [[[-80.2310899999999, 25.39652], [-80.23119, 25.39582], [-80.2316, 25.3964000000002], [-80.23128, 25.39698], [-80.23067, 25.39708], [-80.2305, 25.39683], [-80.2310899999999, 25.39652]]], [[[-80.23971, 25.39695], [-80.24015, 25.39547], [-80.24255, 25.3940700000001], [-80.24433, 25.3956000000001], [-80.24284, 25.39374], [-80.2458999999999, 25.39277], [-80.24667, 25.3967800000001], [-80.24156, 25.39899], [-80.23971, 25.39695]]], [[[-80.22989, 25.3984900000001], [-80.23386, 25.3967800000001], [-80.2361999999999, 25.3976700000001], [-80.23601, 25.39994], [-80.23381, 25.4020100000002], [-80.2291699999999, 25.4028200000001], [-80.22815, 25.4015100000001], [-80.22989, 25.3984900000001]]], [[[-80.2999599999999, 25.4049700000001], [-80.3021, 25.40306], [-80.30385, 25.40575], [-80.30032, 25.40666], [-80.2999599999999, 25.4049700000001]]], [[[-80.3212099999999, 25.39165], [-80.31973, 25.38843], [-80.31664, 25.38869], [-80.317, 25.38676], [-80.31456, 25.38335], [-80.3087, 25.3902300000001], [-80.30569, 25.3856000000002], [-80.30847, 25.3839300000002], [-80.30801, 25.3819], [-80.31161, 25.3703600000002], [-80.31631, 25.3648199999999], [-80.32195, 25.36246], [-80.3262199999999, 25.35759], [-80.33121, 25.3463100000001], [-80.33817, 25.3495300000002], [-80.3383, 25.3570700000001], [-80.33207, 25.3573400000002], [-80.3316699999999, 25.41901], [-80.32623, 25.41927], [-80.32767, 25.41455], [-80.3253299999999, 25.4095800000001], [-80.32825, 25.40889], [-80.32971, 25.40575], [-80.32808, 25.40511], [-80.32707, 25.40182], [-80.3299299999999, 25.3992800000001], [-80.3275499999999, 25.3949100000001], [-80.3212099999999, 25.39165]]], [[[-80.32916, 25.4250500000001], [-80.32919, 25.42079], [-80.3361499999999, 25.4211400000001], [-80.3292399999999, 25.4205600000002], [-80.32903, 25.41946], [-80.33528, 25.4196800000001], [-80.3360699999999, 25.4205500000002], [-80.33765, 25.42856], [-80.3347499999999, 25.42593], [-80.33012, 25.42526], [-80.32916, 25.4250500000001]]], [[[-80.33035, 25.4283400000002], [-80.32939, 25.42548], [-80.3349199999999, 25.42635], [-80.33743, 25.42975], [-80.3290099999999, 25.4301500000001], [-80.33035, 25.4283400000002]]], [[[-80.31897, 25.43741], [-80.32182, 25.43523], [-80.32169, 25.4325900000001], [-80.32286, 25.4339], [-80.32492, 25.4335800000001], [-80.32526, 25.4307599999999], [-80.32722, 25.43071], [-80.32854, 25.42906], [-80.32825, 25.42557], [-80.3261699999999, 25.4233400000001], [-80.32672, 25.4204400000001], [-80.32851, 25.4205200000001], [-80.32678, 25.4199199999999], [-80.32883, 25.4195100000001], [-80.32889, 25.4229900000002], [-80.32896, 25.4256], [-80.33003, 25.4283400000002], [-80.32716, 25.4311700000001], [-80.32716, 25.43549], [-80.3284099999999, 25.4362800000002], [-80.3264199999999, 25.43793], [-80.32123, 25.43724], [-80.31726, 25.43889], [-80.31897, 25.43741]]], [[[-80.34702, 25.4630000000001], [-80.34801, 25.45042], [-80.3498399999999, 25.4483300000001], [-80.45895, 25.44785], [-80.34985, 25.44817], [-80.35001, 25.4473300000002], [-80.34956, 25.44818], [-80.3306, 25.4482300000002], [-80.33066, 25.44228], [-80.32683, 25.4384600000001], [-80.3302, 25.4358400000001], [-80.32903, 25.4341600000001], [-80.32802, 25.4358500000001], [-80.32802, 25.43123], [-80.33755, 25.43018], [-80.3384199999999, 25.4330000000001], [-80.3367799999999, 25.4205200000001], [-80.33853, 25.41762], [-80.33869, 25.3575600000001], [-80.33893, 25.4199100000001], [-80.33754, 25.42097], [-80.33893, 25.42026], [-80.3392299999999, 25.43193], [-80.33907, 25.4332900000001], [-80.33359, 25.43333], [-80.33231, 25.4359000000002], [-80.33401, 25.4339800000002], [-80.3494699999999, 25.4338200000001], [-80.36705, 25.38501], [-80.3671, 25.35738], [-80.33886, 25.3570700000001], [-80.3387, 25.34939], [-80.33141, 25.3459], [-80.33849, 25.3479400000001], [-80.3324, 25.3450200000001], [-80.34323, 25.3305500000001], [-80.34248, 25.32297], [-80.34839, 25.3226000000001], [-80.35207, 25.32616], [-80.35474, 25.32625], [-80.35728, 25.32463], [-80.3588899999999, 25.32631], [-80.36192, 25.32573], [-80.3597, 25.32854], [-80.3628999999999, 25.32848], [-80.36555, 25.3267700000002], [-80.3655099999999, 25.3242], [-80.37181, 25.3221900000002], [-80.37074, 25.31749], [-80.37186, 25.3172100000001], [-80.37267, 25.3192], [-80.37454, 25.3187400000001], [-80.37624, 25.3136700000001], [-80.3735, 25.31268], [-80.37366, 25.30949], [-80.37617, 25.3097500000001], [-80.37488, 25.31129], [-80.377, 25.31318], [-80.37708, 25.31228], [-80.3791699999999, 25.3136700000001], [-80.38111, 25.3129200000002], [-80.38093, 25.3090200000001], [-80.38268, 25.30736], [-80.38127, 25.30568], [-80.3826199999999, 25.3049600000001], [-80.38005, 25.3015399999999], [-80.3857, 25.30184], [-80.38555, 25.2971400000001], [-80.38676, 25.30067], [-80.4444124827286, 25.3893187198431], [-80.4527499999999, 25.3892400000001], [-80.4466099999999, 25.3927000000001], [-80.46062, 25.4149], [-80.4525, 25.4148300000002], [-80.45181, 25.41869], [-80.4422199999999, 25.41871], [-80.4421699999999, 25.42226], [-80.4401899999999, 25.42225], [-80.4402099999999, 25.4259900000001], [-80.43612, 25.426], [-80.43617, 25.4406499999999], [-80.46065, 25.4405600000001], [-80.46063, 25.44804], [-80.4588204999999, 25.4484412692308], [-80.4576299999999, 25.44954], [-80.4588204999999, 25.44880475], [-80.4588204999999, 25.45267], [-80.46063, 25.45405], [-80.46064, 25.45529], [-80.45872, 25.45535], [-80.46065, 25.45661], [-80.4596699999999, 25.45927], [-80.4607599999999, 25.45928], [-80.4608, 25.46258], [-80.42002, 25.4627100000001], [-80.42, 25.45824], [-80.4119999999999, 25.45823], [-80.41181, 25.45552], [-80.41182, 25.45823], [-80.40377, 25.4582600000001], [-80.40376, 25.4554600000002], [-80.39971, 25.4555300000001], [-80.39973, 25.46276], [-80.34702, 25.4630000000001]]], [[[-80.34271, 25.4631200000001], [-80.3407, 25.4618400000001], [-80.3349499999999, 25.4628900000001], [-80.3373599999999, 25.4591700000001], [-80.33701, 25.4564700000001], [-80.32954, 25.4483500000001], [-80.3495499999999, 25.4483300000001], [-80.34782, 25.4503500000001], [-80.34688, 25.4628400000002], [-80.34651, 25.4627800000001], [-80.3457199999999, 25.4632300000001], [-80.34271, 25.4632500000001], [-80.34271, 25.4631200000001]]], [[[-80.2114099999999, 25.4077099999999], [-80.22856, 25.3908800000001], [-80.23101, 25.3961100000001], [-80.23033, 25.39657], [-80.22873, 25.3993300000001], [-80.22246, 25.4057200000001], [-80.2168899999999, 25.4053], [-80.21423, 25.41039], [-80.2091699999999, 25.4140500000001], [-80.20955, 25.4252200000001], [-80.2121, 25.42725], [-80.20714, 25.4302200000001], [-80.2032299999999, 25.4364000000002], [-80.20146, 25.44374], [-80.19601, 25.45302], [-80.1969, 25.4536600000002], [-80.1922899999999, 25.4653600000002], [-80.1920899999999, 25.47154], [-80.19005, 25.47369], [-80.18694, 25.4821300000001], [-80.18178, 25.48811], [-80.18037, 25.49301], [-80.1778799999999, 25.4939200000001], [-80.1771399999999, 25.4860500000001], [-80.1770199999999, 25.48378], [-80.18198, 25.4745500000001], [-80.1855499999999, 25.47157], [-80.18532, 25.4681400000001], [-80.18947, 25.46368], [-80.18965, 25.45422], [-80.1915, 25.44875], [-80.19366, 25.44675], [-80.1929499999999, 25.4451900000001], [-80.1983199999999, 25.43707], [-80.19966, 25.4318400000002], [-80.2037199999999, 25.4282800000001], [-80.20448, 25.4210100000002], [-80.20331, 25.4173000000001], [-80.2055199999999, 25.4113800000001], [-80.2114099999999, 25.4077099999999]]]]}, "properties": {"f1": 33035, "f2": "Homestead", "f15": 169}}, {"type": "Feature", "geometry": {"type": "Polygon", "coordinates": [[[-80.22977, 25.9722200000001], [-80.2289, 25.9525200000001], [-80.2335660288808, 25.9523104933815], [-80.2295, 25.9520500000002], [-80.23012, 25.9510200000001], [-80.228, 25.9477000000001], [-80.22947, 25.9460200000001], [-80.22608, 25.9462100000001], [-80.22299, 25.9418800000002], [-80.22936, 25.94341], [-80.22909, 25.9379000000002], [-80.22735, 25.93796], [-80.22722, 25.9357300000001], [-80.22896, 25.93565], [-80.22847, 25.92723], [-80.25264, 25.9261600000001], [-80.2536238565536, 25.9259285242898], [-80.25287, 25.9242400000001], [-80.25475, 25.92558], [-80.26066, 25.9258500000001], [-80.26158, 25.9448], [-80.26324, 25.9447000000001], [-80.263, 25.94723], [-80.26406, 25.9474700000002], [-80.26171, 25.9475800000001], [-80.26196, 25.95307], [-80.26418, 25.9536200000002], [-80.26199, 25.95372], [-80.26226, 25.9617200000001], [-80.270448, 25.9620527923569], [-80.26226, 25.9619600000001], [-80.26249, 25.9698400000001], [-80.26378, 25.9695], [-80.26416, 25.9707400000001], [-80.26314, 25.9712900000001], [-80.26253, 25.97128], [-80.2605099999999, 25.97131], [-80.2524999999999, 25.97154], [-80.2504899999999, 25.9715900000001], [-80.2497699999999, 25.9715900000001], [-80.2469299999999, 25.9717], [-80.24673, 25.97169], [-80.24126, 25.97184], [-80.23373, 25.9719800000001], [-80.23092, 25.9722], [-80.22977, 25.9722200000001]]]}, "properties": {"f1": 33056, "f2": "Miami Gardens", "f15": 176}}, {"type": "Feature", "geometry": {"type": "MultiPolygon", "coordinates": [[[[-80.33762, 25.4706300000001], [-80.34686, 25.4704900000002], [-80.34698, 25.4894], [-80.33818, 25.48956], [-80.34042, 25.48862], [-80.3394599999999, 25.48265], [-80.3406099999999, 25.4726000000001], [-80.3403199999999, 25.47081], [-80.33762, 25.4706300000001]]], [[[-80.17771, 25.50617], [-80.17819, 25.49576], [-80.17946, 25.4942100000001], [-80.1817599999999, 25.4936200000002], [-80.1892799999999, 25.49709], [-80.18983, 25.5038400000001], [-80.18812, 25.506], [-80.18399, 25.5046600000001], [-80.1829899999999, 25.50719], [-80.18193, 25.50605], [-80.18003, 25.50665], [-80.18074, 25.50969], [-80.17836, 25.5106800000002], [-80.17868, 25.5157800000001], [-80.17721, 25.51842], [-80.17533, 25.5161200000002], [-80.17573, 25.5106000000001], [-80.17771, 25.50617]]], [[[-80.1740099999999, 25.5253300000001], [-80.1729, 25.5226000000001], [-80.17674, 25.52131], [-80.1758499999999, 25.5243000000001], [-80.1747299999999, 25.5242400000001], [-80.17624, 25.5248100000001], [-80.1740099999999, 25.5253300000001]]], [[[-80.17263, 25.5263300000001], [-80.17304, 25.5258], [-80.1737599999999, 25.52689], [-80.17334, 25.5285500000001], [-80.17263, 25.5263300000001]]], [[[-80.3255, 25.5346200000001], [-80.3209999999999, 25.5325600000001], [-80.32179, 25.5326800000001], [-80.3256499999999, 25.5345200000001], [-80.3255, 25.5346200000001]]], [[[-80.31786, 25.53156], [-80.3066599999999, 25.5280000000002], [-80.31741, 25.5311400000001], [-80.32411, 25.5343800000001], [-80.32942, 25.54208], [-80.33221, 25.5441600000001], [-80.33462, 25.5475400000002], [-80.33332, 25.5519300000002], [-80.33078, 25.55196], [-80.3306699999999, 25.5455600000001], [-80.33026, 25.5439000000001], [-80.32722, 25.54051], [-80.3243899999999, 25.5360700000001], [-80.3237, 25.53439], [-80.31786, 25.53156]]], [[[-80.36306, 25.5594700000001], [-80.36191, 25.5444200000001], [-80.34767, 25.54454], [-80.34773, 25.5487400000002], [-80.3453099999999, 25.5468300000001], [-80.34016, 25.5439600000002], [-80.33238, 25.54393], [-80.32858, 25.54051], [-80.32996, 25.54173], [-80.33105, 25.54111], [-80.33066, 25.53871], [-80.32793, 25.53954], [-80.32564, 25.5360000000001], [-80.32515, 25.5346800000001], [-80.33333, 25.5373800000001], [-80.32597, 25.5347700000002], [-80.33134, 25.52901], [-80.32994, 25.52644], [-80.33157, 25.52589], [-80.33174, 25.5215800000001], [-80.33109, 25.51965], [-80.3293199999999, 25.5193500000001], [-80.36453, 25.51959], [-80.3657199999999, 25.52396], [-80.38731, 25.5237100000001], [-80.38828, 25.52499], [-80.38753, 25.52365], [-80.38698, 25.5235400000001], [-80.36591, 25.52386], [-80.3649099999999, 25.51965], [-80.36429, 25.5194100000001], [-80.33102, 25.5190300000001], [-80.33115, 25.5180500000001], [-80.3337999999999, 25.5177500000001], [-80.33606, 25.51085], [-80.33575, 25.50917], [-80.33333, 25.5077800000001], [-80.33243, 25.5041400000001], [-80.33604, 25.5070200000002], [-80.3363599999999, 25.50545], [-80.33849, 25.5046100000001], [-80.3395399999999, 25.5010500000001], [-80.33864, 25.5007000000001], [-80.3407399999999, 25.4988600000001], [-80.3369799999999, 25.49364], [-80.3399399999999, 25.49355], [-80.3407699999999, 25.49165], [-80.34004, 25.4898700000001], [-80.33817, 25.48969], [-80.36357, 25.4893300000001], [-80.3636, 25.4928], [-80.36388, 25.5077800000001], [-80.37176, 25.5074600000001], [-80.37169, 25.5038000000002], [-80.3755199999999, 25.50355], [-80.3820999999999, 25.5072400000001], [-80.38417, 25.51281], [-80.38738, 25.51282], [-80.38768, 25.5183000000001], [-80.39158, 25.51826], [-80.3962, 25.5177200000001], [-80.39617, 25.51456], [-80.40436, 25.5144600000002], [-80.40427, 25.5085100000001], [-80.3960999999999, 25.5087300000001], [-80.3954999999999, 25.50715], [-80.39608, 25.50715], [-80.4097399999999, 25.50767], [-80.40969, 25.506], [-80.41241, 25.5066], [-80.41306, 25.50325], [-80.4125799999999, 25.51073], [-80.4161999999999, 25.5070100000001], [-80.42076, 25.5072000000001], [-80.42416, 25.51254], [-80.4247999999999, 25.51309], [-80.42563, 25.5137599999999], [-80.42969, 25.5158500000002], [-80.42563, 25.5136100000001], [-80.42424, 25.50963], [-80.42279, 25.5100900000001], [-80.42229, 25.5091400000001], [-80.42422, 25.50775], [-80.42086, 25.50716], [-80.43026, 25.5059300000001], [-80.43296, 25.5067400000001], [-80.43296, 25.50308], [-80.4369, 25.5030700000001], [-80.43689, 25.50676], [-80.44298, 25.50665], [-80.443, 25.5085200000002], [-80.4450399999999, 25.50846], [-80.443, 25.5177500000001], [-80.44354, 25.51954], [-80.44519, 25.51953], [-80.44529, 25.5287600000002], [-80.44328, 25.5288100000001], [-80.44327, 25.5307], [-80.44122, 25.5307], [-80.4413099999999, 25.53621], [-80.44536, 25.5361800000001], [-80.44551, 25.5509600000001], [-80.4384, 25.5510400000001], [-80.43839, 25.54829], [-80.43731, 25.5483000000001], [-80.4373199999999, 25.5510500000001], [-80.39683, 25.5518600000002], [-80.3937499999999, 25.55026], [-80.39363, 25.5477800000001], [-80.3904199999999, 25.5478300000001], [-80.39047, 25.55148], [-80.38021, 25.5515800000001], [-80.38025, 25.5528300000002], [-80.37394, 25.55166], [-80.37394, 25.55004], [-80.37207, 25.5499500000001], [-80.3721, 25.5544000000001], [-80.3680099999999, 25.55448], [-80.36795, 25.5518000000001], [-80.36397, 25.5518100000001], [-80.3640999999999, 25.5596500000001], [-80.36306, 25.5594700000001]]]]}, "properties": {"f1": 33032, "f2": "Homestead", "f15": 239}}, {"type": "Feature", "geometry": {"type": "MultiPolygon", "coordinates": [[[[-80.17516, 25.8341700000001], [-80.17678, 25.8341500000001], [-80.17583, 25.83624], [-80.1748999999999, 25.8350600000002], [-80.17516, 25.8341700000001]]], [[[-80.16794, 25.83849], [-80.1682, 25.83784], [-80.16893, 25.8382400000001], [-80.16838, 25.83975], [-80.16869, 25.8407100000001], [-80.16837, 25.8404700000001], [-80.16794, 25.83849]]], [[[-80.17377, 25.8445700000001], [-80.17435, 25.84193], [-80.17528, 25.8422100000001], [-80.17537, 25.84402], [-80.17885, 25.8455700000001], [-80.17879, 25.8461800000001], [-80.17377, 25.8445700000001]]], [[[-80.16621, 25.8480400000001], [-80.16649, 25.8468], [-80.1698, 25.8478700000001], [-80.16487, 25.8505200000001], [-80.166, 25.8493700000002], [-80.16462, 25.8491200000001], [-80.16621, 25.8485600000002], [-80.1618699999999, 25.8481800000002], [-80.16621, 25.8480400000001]]], [[[-80.1804, 25.87241], [-80.17998, 25.8719], [-80.17729, 25.8711400000001], [-80.1647, 25.8715500000002], [-80.1664, 25.86945], [-80.17058, 25.8698300000001], [-80.1667499999999, 25.8692], [-80.17099, 25.8678], [-80.17116, 25.8589900000001], [-80.17558, 25.8587800000002], [-80.17119, 25.8585500000002], [-80.17119, 25.85753], [-80.17552, 25.8573900000001], [-80.1711999999999, 25.8573500000001], [-80.17133, 25.8553], [-80.1754299999999, 25.85507], [-80.1754199999999, 25.85489], [-80.17139, 25.85507], [-80.17174, 25.85327], [-80.17636, 25.8525200000002], [-80.17184, 25.85255], [-80.17365, 25.85144], [-80.1720099999999, 25.8513300000001], [-80.17365, 25.85046], [-80.17213, 25.8504200000002], [-80.17307, 25.8452500000002], [-80.18058, 25.84743], [-80.18668, 25.8466800000001], [-80.18835, 25.8487400000002], [-80.1878699999999, 25.8521700000001], [-80.1885399999999, 25.8530700000002], [-80.1919039925975, 25.8536118621012], [-80.18819, 25.8522800000002], [-80.18863, 25.84897], [-80.18694, 25.8466], [-80.1794, 25.8468500000001], [-80.1789199999999, 25.8451500000001], [-80.1754, 25.84355], [-80.1756, 25.8423000000001], [-80.17453, 25.8415500000001], [-80.17992, 25.8380300000001], [-80.18079, 25.8333300000001], [-80.18798, 25.8332200000001], [-80.18794, 25.83258], [-80.18818, 25.8332200000001], [-80.19106, 25.83314], [-80.1914, 25.8330300000001], [-80.1913799999999, 25.8324400000001], [-80.19281, 25.8327], [-80.1962299999999, 25.83258], [-80.19641, 25.83632], [-80.19537, 25.8363800000001], [-80.19647, 25.8371400000001], [-80.19656, 25.8400200000001], [-80.19557, 25.8400600000001], [-80.1971, 25.8529], [-80.1956193141214, 25.852964658772], [-80.1971699999999, 25.8548100000001], [-80.19736, 25.8594600000001], [-80.1952999999999, 25.8595400000001], [-80.19535, 25.8604900000001], [-80.1973999999999, 25.86042], [-80.19748, 25.8623400000001], [-80.19544, 25.86256], [-80.19752, 25.8633800000001], [-80.19758, 25.86511], [-80.19554, 25.86521], [-80.19761, 25.86602], [-80.19768, 25.86779], [-80.19565, 25.8678500000001], [-80.1977199999999, 25.86866], [-80.19792, 25.8732400000002], [-80.18576, 25.8736700000001], [-80.18335, 25.87231], [-80.18186, 25.8737800000002], [-80.1815299999999, 25.8734900000001], [-80.18138, 25.87323], [-80.18063, 25.87249], [-80.1804, 25.87241]]], [[[-80.1642899999999, 25.8738100000001], [-80.1646599999999, 25.87184], [-80.1731299999999, 25.87151], [-80.1770199999999, 25.87132], [-80.1773099999999, 25.8713500000001], [-80.1771699999999, 25.87387], [-80.17764, 25.8739600000001], [-80.1752199999999, 25.8743600000001], [-80.1741747090581, 25.873406940612], [-80.17451, 25.87464], [-80.17066, 25.8748200000001], [-80.17125, 25.8738000000001], [-80.16998, 25.8738100000001], [-80.16953, 25.87484], [-80.16488, 25.87499], [-80.16422, 25.8744000000001], [-80.1642899999999, 25.8738100000001]]]]}, "properties": {"f1": 33138, "f2": "Miami", "f15": 154}}, {"type": "Feature", "geometry": {"type": "MultiPolygon", "coordinates": [[[[-80.3341699999999, 25.4650200000001], [-80.3333, 25.4634200000001], [-80.3266799999999, 25.4633300000002], [-80.33377, 25.4632900000001], [-80.33424, 25.4648900000002], [-80.3362099999999, 25.46338], [-80.33411, 25.46407], [-80.33424, 25.4632500000001], [-80.34271, 25.4631200000001], [-80.34271, 25.4632500000001], [-80.3457199999999, 25.4632300000001], [-80.34651, 25.4627800000001], [-80.34688, 25.4628400000002], [-80.34682, 25.4700500000001], [-80.34013, 25.47011], [-80.33859, 25.4697], [-80.34013, 25.4695000000001], [-80.3400099999999, 25.46815], [-80.33701, 25.4650700000001], [-80.3341699999999, 25.4650200000001]]], [[[-80.4053999999999, 25.47217], [-80.40385, 25.4719100000001], [-80.39392, 25.47353], [-80.38664, 25.47258], [-80.38454, 25.47104], [-80.3726299999999, 25.47011], [-80.3470499999999, 25.4700299999999], [-80.34702, 25.4630000000001], [-80.39973, 25.46276], [-80.39971, 25.4555300000001], [-80.40376, 25.4554600000002], [-80.40377, 25.4582600000001], [-80.41182, 25.45823], [-80.41181, 25.45552], [-80.4119999999999, 25.45823], [-80.42, 25.45824], [-80.42002, 25.4627100000001], [-80.4608, 25.46258], [-80.46291, 25.4613600000001], [-80.46333, 25.4615800000001], [-80.46899, 25.4576300000001], [-80.46898, 25.45793], [-80.45261, 25.4692800000002], [-80.45262, 25.47011], [-80.45879, 25.47008], [-80.4583, 25.4728400000002], [-80.44847, 25.47292], [-80.44544, 25.47429], [-80.42126, 25.4745], [-80.4189099999999, 25.4735600000001], [-80.40761, 25.4734000000001], [-80.4053999999999, 25.47217]]], [[[-80.36357, 25.4893300000001], [-80.37161, 25.48927], [-80.34724, 25.4894300000001], [-80.3470799999999, 25.4782100000001], [-80.34828, 25.4781200000001], [-80.3470799999999, 25.4780600000001], [-80.3470499999999, 25.47037], [-80.37167, 25.47028], [-80.3845999999999, 25.4713400000002], [-80.3866599999999, 25.47289], [-80.39574, 25.4738500000002], [-80.3957599999999, 25.4760500000001], [-80.38579, 25.47607], [-80.3858299999999, 25.4835100000002], [-80.37841, 25.4888900000001], [-80.3716, 25.48794], [-80.37171, 25.4890600000001], [-80.37163, 25.49271], [-80.3636, 25.4928], [-80.36357, 25.4893300000001]]], [[[-80.4480399999999, 25.4865000000001], [-80.44614, 25.4744700000001], [-80.44841, 25.4730700000001], [-80.4584399999999, 25.47295], [-80.45914, 25.46831], [-80.4608, 25.46808], [-80.4607899999999, 25.47006], [-80.4594399999999, 25.4700700000001], [-80.46082, 25.47188], [-80.4591699999999, 25.4726200000001], [-80.4608399999999, 25.4735900000001], [-80.4572199999999, 25.4745200000001], [-80.45884, 25.47728], [-80.4608999999999, 25.47726], [-80.4608999999999, 25.4846000000001], [-80.46235, 25.4845800000001], [-80.46103, 25.48595], [-80.46119, 25.4980900000001], [-80.4595899999999, 25.49796], [-80.45271, 25.49322], [-80.45193, 25.4908800000001], [-80.4480399999999, 25.4865000000001]]], [[[-80.39608, 25.50715], [-80.3954999999999, 25.50715], [-80.39006, 25.50657], [-80.38934, 25.5050100000001], [-80.3911399999999, 25.50483], [-80.39032, 25.5024000000001], [-80.38693, 25.49968], [-80.38888, 25.49817], [-80.38941, 25.49931], [-80.39106, 25.49876], [-80.38974, 25.4975], [-80.39082, 25.4966500000001], [-80.3925, 25.49982], [-80.39448, 25.49979], [-80.39145, 25.5024000000001], [-80.3961299999999, 25.5024200000002], [-80.39608, 25.50715]]], [[[-80.4208399999999, 25.5069400000001], [-80.4189, 25.4947700000002], [-80.4166, 25.49248], [-80.4184, 25.4803], [-80.41838, 25.47456], [-80.41815, 25.4738000000002], [-80.42101, 25.4746900000001], [-80.4459499999999, 25.4745200000001], [-80.44791, 25.48691], [-80.4525499999999, 25.49338], [-80.45955, 25.49801], [-80.46119, 25.49818], [-80.4612, 25.4992400000002], [-80.45713, 25.4992800000001], [-80.4571699999999, 25.5014100000001], [-80.45865, 25.50231], [-80.4603499999999, 25.50107], [-80.46138, 25.5065], [-80.45931, 25.50654], [-80.45497, 25.5065800000002], [-80.44298, 25.50665], [-80.43689, 25.50676], [-80.4369, 25.5030700000001], [-80.43296, 25.50308], [-80.43296, 25.5067400000001], [-80.43026, 25.5059300000001], [-80.42086, 25.50716], [-80.4208399999999, 25.5069400000001]]], [[[-80.39608, 25.50715], [-80.39896, 25.5063800000001], [-80.39846, 25.5037300000001], [-80.3992599999999, 25.5044700000001], [-80.4003799999999, 25.4991200000001], [-80.40521, 25.4997100000002], [-80.4051399999999, 25.49425], [-80.40817, 25.4941900000002], [-80.41014, 25.4913600000001], [-80.41022, 25.48718], [-80.41215, 25.48717], [-80.41198, 25.48035], [-80.40489, 25.4803600000002], [-80.4038699999999, 25.47223], [-80.40756, 25.4736800000001], [-80.41821, 25.47449], [-80.41827, 25.48019], [-80.4164, 25.4836600000001], [-80.41646, 25.4926600000001], [-80.41875, 25.4947400000001], [-80.42076, 25.5072000000001], [-80.4161999999999, 25.5070100000001], [-80.4125799999999, 25.51073], [-80.41306, 25.50325], [-80.41241, 25.5066], [-80.40969, 25.506], [-80.4097399999999, 25.50767], [-80.39608, 25.50715]]]]}, "properties": {"f1": 33033, "f2": "Homestead", "f15": 215}}, {"type": "Feature", "geometry": {"type": "MultiPolygon", "coordinates": [[[[-80.15541, 25.8757], [-80.1561899999999, 25.8754200000001], [-80.15491, 25.87735], [-80.15424, 25.87756], [-80.15541, 25.8757]]], [[[-80.14763, 25.8846000000001], [-80.14912, 25.88362], [-80.14934, 25.88423], [-80.1484399999999, 25.8850700000002], [-80.14763, 25.8846000000001]]], [[[-80.14378, 25.88809], [-80.14389, 25.88736], [-80.1497, 25.8886700000002], [-80.15015, 25.8891600000001], [-80.15006, 25.88936], [-80.1480699999999, 25.88911], [-80.14378, 25.88809]]], [[[-80.1504199999999, 25.89051], [-80.15159, 25.89009], [-80.15205, 25.8917700000002], [-80.15362, 25.8935300000001], [-80.1495099999999, 25.8937800000001], [-80.1504199999999, 25.89051]]], [[[-80.14337, 25.89969], [-80.1480199999999, 25.89515], [-80.14885, 25.8967000000002], [-80.1490399999999, 25.8951200000001], [-80.1500499999999, 25.89666], [-80.15114, 25.8950500000002], [-80.15127, 25.8966200000001], [-80.15237, 25.8949900000002], [-80.15273, 25.8965700000001], [-80.15299, 25.8946900000001], [-80.14875, 25.8948700000001], [-80.14901, 25.8939900000001], [-80.1535299999999, 25.8938800000001], [-80.1538099999999, 25.89873], [-80.15401, 25.89653], [-80.15497, 25.89648], [-80.15503, 25.8987100000001], [-80.15515, 25.8964700000001], [-80.15614, 25.8986500000001], [-80.15628, 25.89641], [-80.15729, 25.8986200000002], [-80.1573600278228, 25.8963804772695], [-80.15828, 25.89656], [-80.15807, 25.8991400000001], [-80.1500499999999, 25.8993100000001], [-80.1532, 25.8984500000001], [-80.15002, 25.89752], [-80.15311, 25.89706], [-80.14986, 25.8972300000001], [-80.1489899999999, 25.8994600000002], [-80.1484699999999, 25.89694], [-80.1478399999999, 25.89964], [-80.14726, 25.8969700000001], [-80.14734, 25.89977], [-80.1463799999999, 25.8975100000001], [-80.14613, 25.9000100000001], [-80.1451999999999, 25.8985600000001], [-80.1449, 25.9001000000001], [-80.14337, 25.89969]]], [[[-80.13588, 25.89874], [-80.1372799999999, 25.89854], [-80.1352499999999, 25.9024800000001], [-80.1332399999999, 25.9025300000001], [-80.13588, 25.89874]]], [[[-80.14461, 25.9155500000002], [-80.14426, 25.9130200000001], [-80.14113, 25.9152800000001], [-80.13966, 25.91499], [-80.14209, 25.9129900000001], [-80.13899, 25.9143500000001], [-80.13682, 25.9102600000001], [-80.13782, 25.90815], [-80.13696, 25.9059900000002], [-80.13511, 25.90616], [-80.13491, 25.9049500000001], [-80.13589, 25.9037000000001], [-80.14238, 25.90218], [-80.1435099999999, 25.90103], [-80.1418, 25.90053], [-80.1588, 25.89934], [-80.15868, 25.8969000000001], [-80.16286, 25.90125], [-80.16365, 25.90746], [-80.16301, 25.90132], [-80.16164, 25.8989400000001], [-80.16356, 25.89909], [-80.16258, 25.89846], [-80.16619, 25.89387], [-80.16102, 25.8986500000001], [-80.1589, 25.8966], [-80.16017, 25.8963000000001], [-80.15421, 25.8959200000002], [-80.15437, 25.8947800000002], [-80.15578, 25.8956500000001], [-80.1557599999999, 25.8946800000001], [-80.15685, 25.8955800000002], [-80.1587399999999, 25.89453], [-80.1588, 25.8958000000002], [-80.15906, 25.89456], [-80.15999, 25.8957200000001], [-80.16066, 25.8943800000001], [-80.15448, 25.8945000000001], [-80.1540999999999, 25.8936], [-80.16118, 25.8926700000002], [-80.1540399999999, 25.8931900000001], [-80.15219, 25.8902600000001], [-80.16113, 25.8896000000001], [-80.15061, 25.8898000000001], [-80.15228, 25.8870400000001], [-80.1513099999999, 25.8866900000002], [-80.15344, 25.88542], [-80.15678, 25.8879100000002], [-80.1543299999999, 25.88458], [-80.15755, 25.8870700000001], [-80.1551399999999, 25.88376], [-80.15842, 25.88629], [-80.1560499999999, 25.88298], [-80.15938, 25.8856200000002], [-80.1568, 25.88245], [-80.16031, 25.88504], [-80.15758, 25.88211], [-80.15971, 25.8809800000001], [-80.16472, 25.8814400000001], [-80.16122, 25.8808700000001], [-80.16338, 25.88028], [-80.16183, 25.8799100000001], [-80.16356, 25.87787], [-80.16986, 25.87836], [-80.16994, 25.8811500000001], [-80.16668, 25.8813600000001], [-80.16438, 25.8875300000001], [-80.1661699999999, 25.88751], [-80.1666999999999, 25.90027], [-80.16453, 25.9003500000002], [-80.1666899999999, 25.90144], [-80.16711, 25.9074700000002], [-80.1630699999999, 25.90762], [-80.16334, 25.90851], [-80.1671599999999, 25.90837], [-80.16744, 25.9137100000002], [-80.16748, 25.9145900000001], [-80.16741, 25.9146200000001], [-80.15774, 25.9150500000002], [-80.14461, 25.9155500000002]]], [[[-80.1293599999999, 25.9171900000001], [-80.1284199999999, 25.9151600000001], [-80.1280699999999, 25.9166400000001], [-80.13, 25.90715], [-80.13202, 25.9057000000001], [-80.1333499999999, 25.90672], [-80.1331599999999, 25.9088500000001], [-80.13463, 25.9090000000001], [-80.13187, 25.9129], [-80.1317, 25.91354], [-80.13092, 25.91295], [-80.1313, 25.91428], [-80.13164, 25.91777], [-80.1293599999999, 25.9171900000001]]]]}, "properties": {"f1": 33181, "f2": "Miami", "f15": 108}}, {"type": "Feature", "geometry": {"type": "Polygon", "coordinates": [[[-80.31958, 25.7624500000002], [-80.31895, 25.7553800000001], [-80.3165, 25.7554300000001], [-80.31572, 25.75725], [-80.31569, 25.7554500000001], [-80.30242, 25.7558500000002], [-80.30274, 25.7567600000001], [-80.30166, 25.7558800000001], [-80.29016, 25.7562000000001], [-80.29019, 25.7571200000001], [-80.2876, 25.7562700000001], [-80.2863, 25.7494100000001], [-80.28699, 25.7431200000001], [-80.2843, 25.74169], [-80.28691, 25.74163], [-80.28678, 25.7392900000002], [-80.28452, 25.7393100000001], [-80.28454, 25.7382600000001], [-80.28636, 25.73817], [-80.28655, 25.7348200000002], [-80.28618, 25.7257000000001], [-80.28411, 25.72579], [-80.28614, 25.72498], [-80.28594, 25.7189500000001], [-80.30153, 25.7184], [-80.3022299999999, 25.7169000000001], [-80.3050999999999, 25.7182800000001], [-80.3076799999999, 25.7181600000001], [-80.30762, 25.7172100000002], [-80.31831, 25.7177], [-80.318, 25.71203], [-80.3184999999999, 25.71769], [-80.32317, 25.7174000000001], [-80.32504, 25.71552], [-80.32344, 25.7173800000002], [-80.33487, 25.7167100000001], [-80.33533, 25.7252800000001], [-80.33465, 25.72618], [-80.33543, 25.72703], [-80.33577, 25.73302], [-80.33586, 25.75491], [-80.3207, 25.75602], [-80.31976, 25.75514], [-80.31958, 25.7624500000002]]]}, "properties": {"f1": 33155, "f2": "Miami", "f15": 262}}, {"type": "Feature", "geometry": {"type": "Polygon", "coordinates": [[[-80.19802, 25.97306], [-80.1981, 25.97221], [-80.20205, 25.97216], [-80.20123, 25.9642300000001], [-80.19812, 25.96422], [-80.19811, 25.9631600000002], [-80.20577, 25.9629100000001], [-80.19852, 25.96268], [-80.20087, 25.9624200000002], [-80.20081, 25.9610700000001], [-80.19901, 25.9617000000002], [-80.20012, 25.9608600000001], [-80.19901, 25.96004], [-80.20067, 25.96082], [-80.20142, 25.95929], [-80.19954, 25.9575600000001], [-80.20157, 25.9574400000001], [-80.19986, 25.95436], [-80.20149, 25.9536100000002], [-80.2011, 25.9427600000001], [-80.20204, 25.94258], [-80.20178, 25.93867], [-80.19673, 25.9388700000002], [-80.20431, 25.9316400000001], [-80.19863, 25.93613], [-80.20139, 25.9335], [-80.2, 25.92078], [-80.19599, 25.9209600000001], [-80.19595, 25.9200200000001], [-80.19996, 25.9198600000001], [-80.19968, 25.91351], [-80.20195, 25.9134000000001], [-80.20266, 25.91424], [-80.19979, 25.91012], [-80.19987, 25.9099], [-80.19995, 25.90962], [-80.19998, 25.90947], [-80.2031699999999, 25.9133900000002], [-80.2099499999999, 25.91311], [-80.21012, 25.91101], [-80.21024, 25.9131000000002], [-80.21992, 25.9125900000001], [-80.21704, 25.91543], [-80.21193, 25.9165600000001], [-80.22237, 25.91608], [-80.2327735, 25.9158125189189], [-80.228, 25.9161200000001], [-80.22847, 25.92723], [-80.22896, 25.93565], [-80.22722, 25.9357300000001], [-80.22735, 25.93796], [-80.22909, 25.9379000000002], [-80.22936, 25.94341], [-80.22299, 25.9418800000002], [-80.22608, 25.9462100000001], [-80.22947, 25.9460200000001], [-80.228, 25.9477000000001], [-80.23012, 25.9510200000001], [-80.2295, 25.9520500000002], [-80.2335660288808, 25.9523104933815], [-80.2289, 25.9525200000001], [-80.22977, 25.9722200000001], [-80.22343, 25.97234], [-80.22025, 25.9722500000001], [-80.2155, 25.9723100000001], [-80.21402, 25.9724399999999], [-80.21137, 25.9724200000001], [-80.20683, 25.97259], [-80.20602, 25.97275], [-80.2053, 25.9727900000001], [-80.19802, 25.97306]]]}, "properties": {"f1": 33169, "f2": "Miami", "f15": 199}}, {"type": "Feature", "geometry": {"type": "Polygon", "coordinates": [[[-80.26925, 25.77331], [-80.26918, 25.77153], [-80.2555, 25.7725500000001], [-80.25547, 25.7720600000001], [-80.25547, 25.7719600000001], [-80.25544, 25.77184], [-80.25513, 25.76468], [-80.25609, 25.76466], [-80.25495, 25.76032], [-80.2546, 25.75057], [-80.25489, 25.7501500000002], [-80.25457, 25.7499000000001], [-80.25438, 25.7445700000001], [-80.25408, 25.7369100000001], [-80.2551, 25.73688], [-80.25501, 25.73505], [-80.27443, 25.73432], [-80.27584, 25.73616], [-80.27467, 25.73432], [-80.28655, 25.7348200000002], [-80.28636, 25.73817], [-80.28454, 25.7382600000001], [-80.28452, 25.7393100000001], [-80.28678, 25.7392900000002], [-80.28691, 25.74163], [-80.2843, 25.74169], [-80.28699, 25.7431200000001], [-80.2863, 25.7494100000001], [-80.2876, 25.7562700000001], [-80.28667, 25.7626400000001], [-80.28796, 25.76575], [-80.28588, 25.76583], [-80.28799, 25.76647], [-80.28814, 25.7707900000001], [-80.28646, 25.77086], [-80.2865299999999, 25.77265], [-80.28554, 25.7709100000001], [-80.2791599999999, 25.77236], [-80.2791299999999, 25.7711600000002], [-80.27035, 25.7715000000001], [-80.27042, 25.7733], [-80.26925, 25.77331]]]}, "properties": {"f1": 33134, "f2": "Miami", "f15": 178}}, {"type": "Feature", "geometry": {"type": "Polygon", "coordinates": [[[-80.38478, 25.7767600000001], [-80.38388, 25.76837], [-80.38322, 25.76978], [-80.38305, 25.7682900000002], [-80.36101, 25.76882], [-80.36111, 25.77008], [-80.35701, 25.7689400000001], [-80.35727, 25.7725600000001], [-80.35568, 25.7726800000001], [-80.35532, 25.7690000000002], [-80.35294, 25.7689200000001], [-80.35318, 25.7755600000001], [-80.35277, 25.77013], [-80.35039, 25.7701400000001], [-80.35073, 25.7691400000001], [-80.33633, 25.7696800000001], [-80.33495, 25.7567700000001], [-80.33594, 25.7567600000001], [-80.33586, 25.75491], [-80.33605, 25.7567600000001], [-80.34095, 25.75656], [-80.34088, 25.7547700000001], [-80.36827, 25.7542800000001], [-80.36831, 25.7611900000001], [-80.3784, 25.76102], [-80.38181, 25.7599600000001], [-80.3834715, 25.7582838100001], [-80.3834715, 25.7609473988095], [-80.38521, 25.76093], [-80.38545, 25.76823], [-80.38571, 25.77451], [-80.38518, 25.77477], [-80.38519, 25.7764900000001], [-80.38478, 25.7767600000001]]]}, "properties": {"f1": 33174, "f2": "Miami", "f15": 206}}, {"type": "Feature", "geometry": {"type": "MultiPolygon", "coordinates": [[[[-80.25099, 25.7049300000001], [-80.24948, 25.7043600000001], [-80.25296, 25.7047100000001], [-80.2528999999999, 25.70338], [-80.2507299999999, 25.7028200000001], [-80.25809, 25.70403], [-80.2577199999999, 25.7049300000001], [-80.25145, 25.7049900000001], [-80.25099, 25.7049300000001]]], [[[-80.2848699999999, 25.719], [-80.28542, 25.7052100000001], [-80.26086, 25.7058900000001], [-80.25684, 25.70255], [-80.2500299999999, 25.70206], [-80.24881, 25.70432], [-80.24543, 25.7020300000001], [-80.2450699999999, 25.69843], [-80.2462, 25.69893], [-80.24722, 25.6975700000001], [-80.2492199999999, 25.6906900000001], [-80.2513299999999, 25.6907800000001], [-80.2505799999999, 25.69385], [-80.25699, 25.69397], [-80.26775, 25.6939500000001], [-80.26982, 25.69017], [-80.285, 25.6895300000001], [-80.2869499999999, 25.69001], [-80.3000514531753, 25.6910429741353], [-80.29289, 25.69037], [-80.2946899999999, 25.6892800000001], [-80.29799, 25.6891700000001], [-80.29803, 25.6903600000001], [-80.2986799999999, 25.6891500000001], [-80.30548, 25.6889900000002], [-80.3056199999999, 25.6910200000001], [-80.30818, 25.6888900000001], [-80.3156899999999, 25.68865], [-80.31746, 25.69205], [-80.31749, 25.6902900000001], [-80.32145, 25.69018], [-80.32138, 25.6884900000001], [-80.33147, 25.6886], [-80.33299, 25.6886200000001], [-80.33364, 25.69159], [-80.3215199999999, 25.6922600000001], [-80.3336499999999, 25.6918], [-80.33376, 25.6956200000001], [-80.3323699999999, 25.6963500000002], [-80.3337999999999, 25.69638], [-80.334, 25.7001], [-80.3314, 25.70001], [-80.33332, 25.7011], [-80.33209, 25.70234], [-80.33408, 25.7022500000002], [-80.33311, 25.7024200000002], [-80.33433, 25.70685], [-80.33009, 25.7116100000001], [-80.33071, 25.71515], [-80.33478, 25.7149000000001], [-80.33487, 25.7167100000001], [-80.32344, 25.7173800000002], [-80.32504, 25.71552], [-80.32317, 25.7174000000001], [-80.3184999999999, 25.71769], [-80.318, 25.71203], [-80.31831, 25.7177], [-80.30762, 25.7172100000002], [-80.3076799999999, 25.7181600000001], [-80.3050999999999, 25.7182800000001], [-80.3022299999999, 25.7169000000001], [-80.30153, 25.7184], [-80.28594, 25.7189500000001], [-80.2848699999999, 25.719]]]]}, "properties": {"f1": 33143, "f2": "Miami", "f15": 111}}, {"type": "Feature", "geometry": {"type": "Polygon", "coordinates": [[[-80.18413, 25.94597], [-80.18085, 25.9434700000001], [-80.15658, 25.9436], [-80.15653, 25.9418400000001], [-80.15852, 25.9408700000001], [-80.15427, 25.9411000000002], [-80.15714, 25.9335700000001], [-80.15622, 25.9335600000001], [-80.15594, 25.92604], [-80.15429, 25.9260200000001], [-80.15774, 25.9150500000002], [-80.16741, 25.9146200000001], [-80.16748, 25.9145900000001], [-80.16744, 25.9137100000002], [-80.17549, 25.9134100000001], [-80.17553, 25.9143299999999], [-80.18155, 25.9141], [-80.18273, 25.91535], [-80.1827, 25.9140600000002], [-80.18663, 25.9139300000001], [-80.18726, 25.91253], [-80.18769, 25.9166600000001], [-80.19101, 25.9123800000001], [-80.19968, 25.91351], [-80.19996, 25.9198600000001], [-80.19595, 25.9200200000001], [-80.19599, 25.9209600000001], [-80.2, 25.92078], [-80.20139, 25.9335], [-80.19863, 25.93613], [-80.20431, 25.9316400000001], [-80.19673, 25.9388700000002], [-80.20178, 25.93867], [-80.20204, 25.94258], [-80.2011, 25.9427600000001], [-80.19593, 25.94284], [-80.19583, 25.9407], [-80.19355, 25.9417500000001], [-80.1846, 25.9416800000001], [-80.18582, 25.9442900000001], [-80.18413, 25.94597]]]}, "properties": {"f1": 33162, "f2": "Miami", "f15": 184}}, {"type": "Feature", "geometry": {"type": "Polygon", "coordinates": [[[-80.33747, 25.80987], [-80.33724, 25.8072200000001], [-80.33582, 25.80727], [-80.33598, 25.8071500000002], [-80.33589, 25.8059900000001], [-80.3356, 25.80591], [-80.33572, 25.8054100000001], [-80.33719, 25.8054], [-80.33695, 25.7972300000001], [-80.33242, 25.7984200000001], [-80.32898, 25.7972600000001], [-80.33695, 25.79704], [-80.33687, 25.79393], [-80.3338, 25.7917], [-80.33236, 25.7899600000001], [-80.3367499999999, 25.78997], [-80.33694, 25.7915100000001], [-80.3369, 25.7899600000001], [-80.33619, 25.7880100000001], [-80.33377, 25.7881], [-80.33382, 25.7898400000001], [-80.33236, 25.7898400000001], [-80.33225, 25.7851], [-80.33661, 25.78514], [-80.33658, 25.78162], [-80.3335, 25.78167], [-80.33658, 25.7812700000002], [-80.33591, 25.7696900000001], [-80.33633, 25.7696800000001], [-80.35073, 25.7691400000001], [-80.35039, 25.7701400000001], [-80.35277, 25.77013], [-80.35318, 25.7755600000001], [-80.35294, 25.7689200000001], [-80.35532, 25.7690000000002], [-80.35568, 25.7726800000001], [-80.35727, 25.7725600000001], [-80.35701, 25.7689400000001], [-80.36111, 25.77008], [-80.36101, 25.76882], [-80.38305, 25.7682900000002], [-80.38322, 25.76978], [-80.38388, 25.76837], [-80.38478, 25.7767600000001], [-80.38493, 25.79407], [-80.38288, 25.79407], [-80.38285, 25.7922200000001], [-80.38169, 25.79223], [-80.38175, 25.7946300000001], [-80.38065, 25.7946400000001], [-80.38169, 25.79564], [-80.38289, 25.79461], [-80.38516, 25.7969600000001], [-80.38139, 25.79942], [-80.38247, 25.8034400000001], [-80.38546, 25.8050100000001], [-80.35336, 25.80441], [-80.35347, 25.8085200000001], [-80.3414, 25.80807], [-80.33899, 25.8101100000001], [-80.33747, 25.80987]]]}, "properties": {"f1": 33172, "f2": "Miami", "f15": 164}}, {"type": "Feature", "geometry": {"type": "Polygon", "coordinates": [[[-80.21429, 25.7620000000001], [-80.21469, 25.75101], [-80.21228, 25.7502000000001], [-80.21983, 25.74674], [-80.2243675340812, 25.7450814525937], [-80.23813, 25.74612], [-80.2381, 25.7452100000001], [-80.24313, 25.74599], [-80.2431, 25.7450800000001], [-80.25438, 25.7445700000001], [-80.25457, 25.7499000000001], [-80.25489, 25.7501500000002], [-80.2546, 25.75057], [-80.25495, 25.76032], [-80.24803, 25.7606100000001], [-80.24743, 25.75836], [-80.24889, 25.7574300000001], [-80.24676, 25.7575100000001], [-80.24686, 25.7602700000001], [-80.23872, 25.7605300000001], [-80.23856, 25.7596], [-80.2386, 25.7605300000001], [-80.21523, 25.7608300000002], [-80.21429, 25.7620000000001]]]}, "properties": {"f1": 33145, "f2": "Miami", "f15": 214}}, {"type": "Feature", "geometry": {"type": "Polygon", "coordinates": [[[-80.29278, 25.6339500000001], [-80.29182, 25.63063], [-80.29741, 25.6306], [-80.28754, 25.6296700000001], [-80.29889, 25.62677], [-80.29916, 25.6228800000002], [-80.29771, 25.6219200000002], [-80.29875, 25.6192], [-80.30519, 25.61653], [-80.3045, 25.6152500000001], [-80.30646, 25.61389], [-80.30682, 25.61081], [-80.31818, 25.6098299999999], [-80.31697, 25.61586], [-80.31787, 25.62944], [-80.31715, 25.6159400000002], [-80.31865, 25.6093400000001], [-80.32722, 25.6091600000002], [-80.32829, 25.6151400000002], [-80.33192, 25.61798], [-80.3412, 25.6216400000001], [-80.3424477594034, 25.6234826989229], [-80.34106, 25.6214000000001], [-80.33203, 25.6178600000001], [-80.32857, 25.6151600000001], [-80.32762, 25.6084000000001], [-80.30676, 25.6105800000001], [-80.30812, 25.60818], [-80.30701, 25.60805], [-80.30882, 25.6080800000001], [-80.3081224999999, 25.5878186111113], [-80.3081224999999, 25.5768412727272], [-80.31784, 25.5835700000001], [-80.31752, 25.58504], [-80.32847, 25.5854000000001], [-80.3281499999999, 25.58322], [-80.3309, 25.5832400000002], [-80.33191, 25.58503], [-80.3318699999999, 25.5814000000001], [-80.3415, 25.5813200000001], [-80.34111, 25.58367], [-80.34332, 25.58619], [-80.3455, 25.58246], [-80.35451, 25.5811800000001], [-80.35519, 25.5795], [-80.3571399999999, 25.5793600000001], [-80.35707, 25.5811700000001], [-80.35829, 25.5804600000001], [-80.3560240387334, 25.5848460381681], [-80.35779, 25.5861200000001], [-80.35645, 25.5847600000001], [-80.3586, 25.5824900000001], [-80.36226, 25.5824900000001], [-80.35866, 25.5823200000001], [-80.3587299868913, 25.5806844996879], [-80.36435, 25.5810900000002], [-80.3651999999999, 25.58314], [-80.3706199999999, 25.57824], [-80.37111, 25.58101], [-80.37972, 25.5809000000002], [-80.38092, 25.5991], [-80.37897, 25.59991], [-80.38096, 25.59984], [-80.3812, 25.60279], [-80.37915, 25.60289], [-80.3793, 25.6054600000002], [-80.3816, 25.6110200000002], [-80.37968, 25.6118100000001], [-80.38164, 25.61172], [-80.38173, 25.6140500000001], [-80.3791, 25.61273], [-80.37949, 25.6219000000001], [-80.3807, 25.6272700000001], [-80.38225, 25.6273500000002], [-80.37989, 25.6274900000001], [-80.38231, 25.62983], [-80.38232, 25.63022], [-80.37955, 25.62751], [-80.3758399999999, 25.6277100000001], [-80.3760399999999, 25.6292700000001], [-80.37465, 25.62926], [-80.3754699999999, 25.62773], [-80.3729, 25.6279000000001], [-80.37238, 25.63141], [-80.37212, 25.6279300000002], [-80.356, 25.6294900000001], [-80.34575, 25.6289100000001], [-80.3458299999999, 25.63063], [-80.34381, 25.6306800000001], [-80.3437, 25.62888], [-80.34096, 25.62894], [-80.33913, 25.6310100000002], [-80.3395399999999, 25.62898], [-80.33361, 25.62912], [-80.32853, 25.6300500000001], [-80.32339, 25.6293600000001], [-80.32344, 25.63112], [-80.32143, 25.63113], [-80.32136, 25.6294100000001], [-80.31036, 25.6297000000001], [-80.30992, 25.63192], [-80.30865, 25.6297300000001], [-80.30503, 25.62984], [-80.30516, 25.63258], [-80.30438, 25.6309800000001], [-80.30108, 25.63095], [-80.30118, 25.6336300000001], [-80.29307, 25.63417], [-80.29278, 25.6339500000001]]]}, "properties": {"f1": 33157, "f2": "Miami", "f15": 185}}, {"type": "Feature", "geometry": {"type": "MultiPolygon", "coordinates": [[[[-80.2003299999999, 25.7473100000001], [-80.1981399999999, 25.7466100000002], [-80.18954, 25.74671], [-80.1893, 25.7459700000001], [-80.19116, 25.74545], [-80.19856, 25.7455400000001], [-80.2004099999999, 25.74628], [-80.20084, 25.7468900000001], [-80.2003299999999, 25.7473100000001]]], [[[-80.2001499999999, 25.76448], [-80.1997799999999, 25.76209], [-80.19615, 25.76116], [-80.19622, 25.7600100000001], [-80.19567, 25.7607], [-80.19397, 25.75894], [-80.1926399999999, 25.7589200000001], [-80.19289, 25.7580600000002], [-80.19066, 25.75671], [-80.1980899999999, 25.75264], [-80.20219, 25.74785], [-80.20848, 25.74571], [-80.2105199999999, 25.74383], [-80.21065, 25.74072], [-80.2143599999999, 25.7383], [-80.2159199999999, 25.7388000000001], [-80.2165999999999, 25.7396000000001], [-80.21851, 25.74181], [-80.2114099999999, 25.7466600000001], [-80.21276, 25.7490200000001], [-80.2102299999999, 25.75088], [-80.21983, 25.74674], [-80.21228, 25.7502000000001], [-80.21469, 25.75101], [-80.21429, 25.7620000000001], [-80.21432, 25.76294], [-80.20734, 25.7640600000001], [-80.20731, 25.7630800000001], [-80.2056699999999, 25.76314], [-80.20571, 25.7641], [-80.20402, 25.7641600000001], [-80.20399, 25.7631900000001], [-80.20066, 25.7626], [-80.2001499999999, 25.76448]]]]}, "properties": {"f1": 33129, "f2": "Miami", "f15": 125}}, {"type": "Feature", "geometry": {"type": "Polygon", "coordinates": [[[-80.56307, 25.5775000000002], [-80.56302, 25.5718800000001], [-80.55922, 25.5719100000001], [-80.55917, 25.56461], [-80.54433, 25.5650700000001], [-80.5543680165289, 25.55594], [-80.5541561710037, 25.55594], [-80.5455936401241, 25.55594], [-80.54902, 25.54994], [-80.55883, 25.54992], [-80.5591, 25.5430800000002], [-80.54957, 25.5370900000002], [-80.54573, 25.54633], [-80.54287, 25.54632], [-80.54291, 25.5500000000001], [-80.54057, 25.5478900000002], [-80.54243, 25.5500000000001], [-80.54007, 25.5493300000002], [-80.5384, 25.5500000000001], [-80.53838, 25.5480600000001], [-80.5348, 25.54805], [-80.5348199998302, 25.5500099833644], [-80.51869, 25.55025], [-80.51554, 25.54656], [-80.51471, 25.5502700000001], [-80.4862, 25.5504200000001], [-80.48616, 25.5449], [-80.48013, 25.5504900000002], [-80.46182, 25.55078], [-80.4618015620659, 25.5488901117607], [-80.45879, 25.5489300000001], [-80.45747, 25.5508400000001], [-80.44551, 25.5509600000001], [-80.44536, 25.5361800000001], [-80.4413099999999, 25.53621], [-80.44122, 25.5307], [-80.44327, 25.5307], [-80.44328, 25.5288100000001], [-80.44529, 25.5287600000002], [-80.44519, 25.51953], [-80.44354, 25.51954], [-80.443, 25.5177500000001], [-80.4450399999999, 25.50846], [-80.443, 25.5085200000002], [-80.44298, 25.50665], [-80.45497, 25.5065800000002], [-80.45931, 25.50654], [-80.46138, 25.5065], [-80.46957, 25.50727], [-80.46954, 25.5045900000001], [-80.47358, 25.5046100000001], [-80.47777, 25.5069400000001], [-80.51023, 25.50614], [-80.51012, 25.50035], [-80.51415, 25.49884], [-80.51415, 25.50085], [-80.51775, 25.5027900000001], [-80.51836, 25.5060600000002], [-80.52647, 25.5023900000001], [-80.5265122380583, 25.5060099716702], [-80.54256, 25.5059700000001], [-80.54254, 25.5037200000001], [-80.55859, 25.5035600000001], [-80.55913, 25.50591], [-80.55992, 25.5003999999999], [-80.5600007153218, 25.514091], [-80.5700082943662, 25.514091], [-80.56679, 25.52025], [-80.56676, 25.5426400000001], [-80.56702, 25.5790500000001], [-80.55956, 25.5791600000001], [-80.56307, 25.5775000000002]]]}, "properties": {"f1": 33031, "f2": "Homestead", "f15": 151}}, {"type": "Feature", "geometry": {"type": "Polygon", "coordinates": [[[-80.27584, 25.73616], [-80.27443, 25.73432], [-80.25501, 25.73505], [-80.25393, 25.7335300000001], [-80.26172, 25.72716], [-80.26102, 25.7103700000001], [-80.2594699999999, 25.7104], [-80.25953, 25.7090500000001], [-80.26096, 25.709], [-80.25952, 25.7086], [-80.26087, 25.70619], [-80.26187, 25.70653], [-80.26529, 25.71039], [-80.26561, 25.70992], [-80.26193, 25.7059800000001], [-80.26086, 25.7058900000001], [-80.28542, 25.7052100000001], [-80.2848699999999, 25.719], [-80.28594, 25.7189500000001], [-80.28614, 25.72498], [-80.28411, 25.72579], [-80.28618, 25.7257000000001], [-80.28655, 25.7348200000002], [-80.27467, 25.73432], [-80.27584, 25.73616]]]}, "properties": {"f1": 33146, "f2": "Miami", "f15": 41}}, {"type": "Feature", "geometry": {"type": "Polygon", "coordinates": [[[-80.27712, 25.9251300000001], [-80.2766, 25.9233600000001], [-80.27873, 25.92332], [-80.27845, 25.91671], [-80.27618, 25.91533], [-80.270448, 25.9155229887642], [-80.270448, 25.9144692679738], [-80.25903, 25.9149000000002], [-80.25831, 25.9113], [-80.27614, 25.9106300000001], [-80.27551, 25.8963000000001], [-80.287, 25.8970100000001], [-80.29206, 25.89874], [-80.29179, 25.8963900000001], [-80.28197, 25.89578], [-80.274, 25.8884], [-80.26739, 25.88505], [-80.26729, 25.8819300000001], [-80.27911, 25.8816100000001], [-80.28077, 25.8828], [-80.28134, 25.88156], [-80.28348, 25.8815000000001], [-80.28595, 25.8814400000001], [-80.287380970269, 25.8844455738107], [-80.29953, 25.8843200000001], [-80.29949, 25.8834500000001], [-80.31559, 25.8841700000001], [-80.31552, 25.88247], [-80.31831, 25.88246], [-80.31953, 25.88247], [-80.31727, 25.88317], [-80.31988, 25.8840500000001], [-80.32317, 25.8845500000001], [-80.32444, 25.8862800000001], [-80.32487, 25.91322], [-80.32662, 25.9132300000001], [-80.32502, 25.9133900000002], [-80.32487, 25.9209800000001], [-80.32313, 25.92335], [-80.32023, 25.9245400000001], [-80.29673, 25.9247400000001], [-80.29331, 25.92543], [-80.29311, 25.92518], [-80.29015, 25.9251], [-80.28134, 25.9254600000001], [-80.27712, 25.9251300000001]]]}, "properties": {"f1": 33014, "f2": "Hialeah", "f15": 154}}, {"type": "Feature", "geometry": {"type": "MultiPolygon", "coordinates": [[[[-80.2346499999999, 25.7236000000001], [-80.2330799999999, 25.7229200000001], [-80.23874, 25.72324], [-80.23638, 25.7244800000001], [-80.2346499999999, 25.7236000000001]]], [[[-80.23299, 25.72424], [-80.2337299999999, 25.7240000000001], [-80.23413, 25.7240800000001], [-80.23407, 25.72423], [-80.2321899999999, 25.7248400000001], [-80.23125, 25.72536], [-80.2313799999999, 25.7250400000001], [-80.23299, 25.72424]]], [[[-80.2297199999999, 25.72655], [-80.22655, 25.72435], [-80.23027, 25.7264600000002], [-80.22984, 25.72516], [-80.23128, 25.7276], [-80.2297199999999, 25.72655]]], [[[-80.22696, 25.7294800000001], [-80.22748, 25.7293900000001], [-80.22737, 25.73047], [-80.22844, 25.7321800000001], [-80.22714, 25.73065], [-80.22696, 25.7294800000001]]], [[[-80.21692, 25.7357900000001], [-80.2190999999999, 25.7338900000001], [-80.2204099999999, 25.73526], [-80.2174899999999, 25.7371300000001], [-80.21692, 25.7357900000001]]], [[[-80.2114099999999, 25.7466600000001], [-80.21851, 25.74181], [-80.2165999999999, 25.7396000000001], [-80.22028, 25.7383200000001], [-80.22075, 25.7395800000001], [-80.22278, 25.7385900000001], [-80.22102, 25.73913], [-80.22144, 25.7368700000001], [-80.2280199999999, 25.7333900000001], [-80.22962, 25.7339800000001], [-80.2314399999999, 25.7315500000001], [-80.23263, 25.7319700000001], [-80.23332, 25.72733], [-80.23581, 25.72604], [-80.2382399999999, 25.7271700000001], [-80.24527, 25.71857], [-80.24557, 25.7166000000001], [-80.24717, 25.71769], [-80.2456999999999, 25.71649], [-80.2480499999999, 25.7144800000001], [-80.2493199999999, 25.71514], [-80.24837, 25.7142100000001], [-80.24962, 25.7148000000001], [-80.24878, 25.71159], [-80.25206, 25.71143], [-80.24871, 25.7114900000001], [-80.2456699999999, 25.7042100000001], [-80.24686, 25.70434], [-80.2471, 25.7074300000001], [-80.24743, 25.7042100000001], [-80.24844, 25.7074300000001], [-80.24886, 25.7049300000001], [-80.2498899999999, 25.70741], [-80.2503199999999, 25.70534], [-80.25114, 25.70737], [-80.25157, 25.7055100000002], [-80.26087, 25.70619], [-80.25952, 25.7086], [-80.26096, 25.709], [-80.25953, 25.7090500000001], [-80.2594699999999, 25.7104], [-80.26102, 25.7103700000001], [-80.26172, 25.72716], [-80.25393, 25.7335300000001], [-80.25501, 25.73505], [-80.2551, 25.73688], [-80.25408, 25.7369100000001], [-80.25438, 25.7445700000001], [-80.2431, 25.7450800000001], [-80.24313, 25.74599], [-80.2381, 25.7452100000001], [-80.23813, 25.74612], [-80.2243675340812, 25.7450814525937], [-80.21983, 25.74674], [-80.2102299999999, 25.75088], [-80.21276, 25.7490200000001], [-80.2114099999999, 25.7466600000001]]]]}, "properties": {"f1": 33133, "f2": "Miami", "f15": 112}}, {"type": "Feature", "geometry": {"type": "Polygon", "coordinates": [[[-80.28231, 25.84741], [-80.2822, 25.8446900000001], [-80.27881, 25.8428], [-80.27912, 25.8418000000001], [-80.27405, 25.8417000000001], [-80.27389, 25.8383300000001], [-80.25987, 25.8389700000001], [-80.25942, 25.8380600000001], [-80.2592, 25.8294500000001], [-80.25901, 25.8287000000002], [-80.25886, 25.8284800000001], [-80.25916, 25.82841], [-80.25866, 25.80936], [-80.26014, 25.80872], [-80.26025, 25.8090000000002], [-80.26198, 25.8086900000001], [-80.270448, 25.8150455354037], [-80.270448, 25.8147063478263], [-80.27301, 25.8166000000001], [-80.27304, 25.8170000000001], [-80.27973, 25.8216800000001], [-80.27953, 25.82189], [-80.28041, 25.8225600000001], [-80.28056, 25.8224], [-80.29048, 25.8297100000002], [-80.31435, 25.84772], [-80.31234, 25.8467], [-80.31033, 25.84799], [-80.28231, 25.84741]]]}, "properties": {"f1": 33010, "f2": "Hialeah", "f15": 197}}, {"type": "Feature", "geometry": {"type": "MultiPolygon", "coordinates": [[[[-80.12344, 25.92482], [-80.12854, 25.92448], [-80.12845, 25.9253100000001], [-80.12334, 25.9260300000002], [-80.12344, 25.92482]]], [[[-80.12679, 25.92819], [-80.12689, 25.9270300000001], [-80.12334, 25.92764], [-80.12315, 25.9266200000001], [-80.12976, 25.9260900000001], [-80.12679, 25.92819]]], [[[-80.14024, 25.93803], [-80.13216, 25.9379000000002], [-80.13701, 25.93716], [-80.13169, 25.93656], [-80.13696, 25.9362300000001], [-80.13142, 25.9355500000001], [-80.13693, 25.93521], [-80.1311999999999, 25.9345600000001], [-80.13689, 25.9341300000002], [-80.1312599999999, 25.93358], [-80.13684, 25.9331700000001], [-80.13132, 25.9332300000001], [-80.13641, 25.9322500000002], [-80.13113, 25.93213], [-80.13052, 25.92981], [-80.13544, 25.92821], [-80.13512, 25.9264700000001], [-80.1367299999999, 25.9255400000001], [-80.13695, 25.9266100000001], [-80.1367, 25.9239500000001], [-80.13919, 25.92224], [-80.1392099999999, 25.9242200000001], [-80.13733, 25.9245000000002], [-80.1395999999999, 25.9245500000001], [-80.14032, 25.9207600000002], [-80.14261, 25.9212], [-80.14136, 25.9234600000001], [-80.14284, 25.92136], [-80.14357, 25.92255], [-80.1466699999999, 25.9221800000001], [-80.1455199999999, 25.9236900000002], [-80.1471599999999, 25.9244200000001], [-80.14696, 25.9259500000001], [-80.14877, 25.9252], [-80.14914, 25.9263800000002], [-80.14783, 25.9264400000001], [-80.1496, 25.9276600000001], [-80.14894, 25.9296700000001], [-80.14713, 25.93024], [-80.1458599999999, 25.9295500000001], [-80.147, 25.9292600000001], [-80.14647, 25.92773], [-80.1445, 25.9284700000001], [-80.1429899999999, 25.9273800000001], [-80.1355599999999, 25.92961], [-80.14288, 25.92783], [-80.14285, 25.9291400000002], [-80.14169, 25.9285], [-80.14207, 25.9303100000001], [-80.1404599999999, 25.92859], [-80.14165, 25.93074], [-80.1395, 25.92879], [-80.14043, 25.9307900000001], [-80.1386599999999, 25.92931], [-80.13916, 25.9308600000001], [-80.13638, 25.9304200000001], [-80.13704, 25.9319], [-80.14177, 25.9310600000002], [-80.13844, 25.9320700000001], [-80.14159, 25.9321100000001], [-80.1412999999999, 25.93288], [-80.13783, 25.93286], [-80.1410099999999, 25.9332000000002], [-80.13783, 25.93414], [-80.14084, 25.9343000000001], [-80.13795, 25.93518], [-80.1407199999999, 25.93529], [-80.138, 25.93617], [-80.1405, 25.93628], [-80.138, 25.9371800000001], [-80.14024, 25.93803]]], [[[-80.13312, 25.9427500000001], [-80.1336099999999, 25.9422000000002], [-80.13463, 25.9426300000001], [-80.132, 25.9445300000001], [-80.13312, 25.9427500000001]]], [[[-80.14024, 25.93803], [-80.1463, 25.9396800000001], [-80.1484099999999, 25.93799], [-80.14964, 25.93853], [-80.1481599999999, 25.9359], [-80.15015, 25.93565], [-80.15038, 25.93442], [-80.14803, 25.93372], [-80.1495099999999, 25.9331800000001], [-80.14949, 25.93025], [-80.15112, 25.9332300000001], [-80.15002, 25.93016], [-80.1515199999999, 25.9289100000002], [-80.15009, 25.92889], [-80.14961, 25.9253100000001], [-80.1476599999999, 25.9244400000001], [-80.14665, 25.9216300000002], [-80.14003, 25.9201200000001], [-80.13831, 25.9209700000002], [-80.1338699999999, 25.92859], [-80.13107, 25.92894], [-80.1280699999999, 25.9166400000001], [-80.1284199999999, 25.9151600000001], [-80.1293599999999, 25.9171900000001], [-80.13164, 25.91777], [-80.1313, 25.91428], [-80.1332399999999, 25.9124000000002], [-80.13427, 25.9129600000002], [-80.13382, 25.9163800000002], [-80.13591, 25.91077], [-80.1361099999999, 25.91091], [-80.1392099999999, 25.91521], [-80.13966, 25.91499], [-80.14113, 25.9152800000001], [-80.14426, 25.9130200000001], [-80.14461, 25.9155500000002], [-80.15774, 25.9150500000002], [-80.15429, 25.9260200000001], [-80.15594, 25.92604], [-80.15622, 25.9335600000001], [-80.15714, 25.9335700000001], [-80.15427, 25.9411000000002], [-80.15852, 25.9408700000001], [-80.15653, 25.9418400000001], [-80.15658, 25.9436], [-80.15667, 25.94632], [-80.15667, 25.94641], [-80.1567, 25.9471200000001], [-80.15428, 25.9472], [-80.15396, 25.9465100000001], [-80.1526899999999, 25.94657], [-80.1527199999999, 25.94725], [-80.14868, 25.94741], [-80.14863, 25.9466300000002], [-80.14783, 25.9465800000001], [-80.14759, 25.9474], [-80.13808, 25.9465100000001], [-80.13547, 25.9470700000001], [-80.1353499999999, 25.94516], [-80.13695, 25.9444000000001], [-80.1352999999999, 25.94495], [-80.13514, 25.9426100000001], [-80.13318, 25.9391900000001], [-80.14024, 25.93803]]], [[[-80.13058, 25.94569], [-80.13132, 25.9454200000001], [-80.13161, 25.9474900000002], [-80.13089, 25.9483800000001], [-80.1302, 25.9472700000001], [-80.13058, 25.94569]]], [[[-80.12196, 25.9618700000001], [-80.1225999999999, 25.95807], [-80.12337, 25.9585900000001], [-80.1232, 25.9618200000002], [-80.12248, 25.96236], [-80.12196, 25.9618700000001]]], [[[-80.1218699999999, 25.9646300000002], [-80.1225575, 25.9643200000001], [-80.12303, 25.96593], [-80.1223599999999, 25.9684], [-80.12167, 25.9679300000001], [-80.1218699999999, 25.9646300000002]]], [[[-80.12157, 25.97076], [-80.1222618181818, 25.97038], [-80.12282, 25.9709800000001], [-80.12206, 25.9741700000001], [-80.12143, 25.97374], [-80.12146, 25.97226], [-80.12157, 25.97076]]], [[[-80.11852, 25.9474], [-80.12002, 25.9340900000001], [-80.12003, 25.9300100000001], [-80.12082, 25.9214200000001], [-80.1223599999999, 25.9213300000001], [-80.1224999999999, 25.9213100000001], [-80.1253399999999, 25.92122], [-80.1286999999999, 25.9228600000002], [-80.1227599999999, 25.9235100000002], [-80.1289599999999, 25.9233800000002], [-80.1228, 25.92433], [-80.12257, 25.9282800000002], [-80.12576, 25.92864], [-80.12248, 25.9291600000001], [-80.12923, 25.92892], [-80.12975, 25.93008], [-80.12628, 25.93073], [-80.12927, 25.9313000000001], [-80.12714, 25.9322200000001], [-80.12714, 25.93588], [-80.12386, 25.9362500000001], [-80.1269299999999, 25.9362300000001], [-80.13052, 25.9351200000001], [-80.1309699999999, 25.9377000000001], [-80.12708, 25.9379000000002], [-80.12457, 25.9451300000001], [-80.12306, 25.9457100000001], [-80.12292, 25.94733], [-80.12621, 25.9501500000001], [-80.12447, 25.9573700000001], [-80.12183, 25.95825], [-80.12177, 25.96236], [-80.1235, 25.96327], [-80.12154, 25.96452], [-80.12144, 25.9683700000001], [-80.12312, 25.96947], [-80.12126, 25.97052], [-80.12112, 25.9722500000001], [-80.1210899999999, 25.9738300000001], [-80.12225, 25.9750400000001], [-80.12194, 25.9750700000001], [-80.11946, 25.9751300000001], [-80.11818, 25.9751400000001], [-80.11802, 25.9710200000001], [-80.11832, 25.9705700000001], [-80.11831, 25.9702200000001], [-80.11852, 25.9474]]]]}, "properties": {"f1": 33160, "f2": "North Miami Beach", "f15": 82}}, {"type": "Feature", "geometry": {"type": "Polygon", "coordinates": [[[-80.3801299921655, 25.686599999329], [-80.3802600022486, 25.6881200002557], [-80.3819200081856, 25.6882099974139], [-80.3821100053773, 25.6952900008222], [-80.3800900066082, 25.6954100003341], [-80.3801100081595, 25.6972100022166], [-80.3821500084798, 25.6971400035742], [-80.3825200020874, 25.710099999154], [-80.3751227090819, 25.7064819882317], [-80.3821699924858, 25.7103499985155], [-80.3825500044143, 25.714819997085], [-80.3484799936464, 25.7161600020256], [-80.3484000049867, 25.7146699984239], [-80.3460199958404, 25.7147400025649], [-80.3448399920428, 25.7147900021102], [-80.3448999966966, 25.7162599999017], [-80.3348700082806, 25.7167099972074], [-80.3347800013, 25.7148999994551], [-80.330710001435, 25.7151499966354], [-80.330090005982, 25.7116100018466], [-80.3343300014874, 25.7068499991826], [-80.3331099945874, 25.7024199990808], [-80.334079999642, 25.7022500018409], [-80.3320900031998, 25.7023399962251], [-80.3333199933302, 25.7010999964673], [-80.3314000023174, 25.7000100011215], [-80.333999993437, 25.700099997199], [-80.3337999954697, 25.6963799998545], [-80.3323700073721, 25.6963500002323], [-80.3337599923672, 25.6956199991891], [-80.3336500013806, 25.6918000016425], [-80.3215200079906, 25.6922599967855], [-80.333640000605, 25.6915899960512], [-80.3329900028251, 25.6886200038105], [-80.3314700077468, 25.68860000276], [-80.3314500061955, 25.6882099974139], [-80.332419993705, 25.6881700030773], [-80.3329900028251, 25.6881500019512], [-80.3334700049646, 25.6881300008217], [-80.3476600002261, 25.6876599970289], [-80.3487099939406, 25.6884400021401], [-80.3476800017774, 25.6923099978691], [-80.3519700011609, 25.6875100036701], [-80.3639600012374, 25.6871200026609], [-80.3634699983222, 25.6888800013511], [-80.3644200018256, 25.6888499998395], [-80.3658899930258, 25.6887700036771], [-80.3658400066929, 25.6870499980877], [-80.3698600026798, 25.6869199973911], [-80.3699200073335, 25.6902900006293], [-80.3716500011547, 25.6902399986977], [-80.373950004096, 25.6901400026769], [-80.3738599971154, 25.6867999972303], [-80.3778300067694, 25.6866699962609], [-80.3764000011265, 25.68715999735], [-80.3771999929955, 25.6880400036031], [-80.377939997756, 25.6866699962609], [-80.3801299921655, 25.686599999329]], [[-80.3608700072026, 25.6874399993261], [-80.3609899989649, 25.690310001396], [-80.3618699970389, 25.6906999998659], [-80.3617800076036, 25.6880300030295], [-80.3609699974137, 25.6880300030295], [-80.3608700072026, 25.6874399993261]]]}, "properties": {"f1": 33173, "f2": "Miami", "f15": 167}}, {"type": "Feature", "geometry": {"type": "Polygon", "coordinates": [[[-80.1385, 25.76439], [-80.13342, 25.7623100000001], [-80.13742, 25.7565500000001], [-80.13992, 25.7554200000001], [-80.14453, 25.7592100000001], [-80.14307, 25.7599100000001], [-80.14315, 25.7619700000001], [-80.14458, 25.7619300000002], [-80.1451, 25.75961], [-80.14884, 25.76238], [-80.14909, 25.7640200000001], [-80.14165, 25.7642800000001], [-80.1412, 25.7630900000002], [-80.14122, 25.7642800000001], [-80.1385, 25.76439]]]}, "properties": {"f1": 33109, "f2": "Miami Beach", "f15": 89}}, {"type": "Feature", "geometry": {"type": "MultiPolygon", "coordinates": [[[[-80.34767, 25.54454], [-80.36191, 25.5444200000001], [-80.36306, 25.5594700000001], [-80.3631, 25.56391], [-80.36282, 25.56421], [-80.36284, 25.56634], [-80.36224, 25.5665200000001], [-80.35938, 25.5594300000001], [-80.3595999999999, 25.55637], [-80.35854, 25.5552400000001], [-80.35556, 25.5550200000001], [-80.3522, 25.5535100000001], [-80.3503899999999, 25.55058], [-80.34773, 25.5487400000002], [-80.34767, 25.54454]]], [[[-80.34564, 25.56799], [-80.34567, 25.5666300000001], [-80.34188, 25.5668000000001], [-80.33958, 25.5639700000001], [-80.3309899999999, 25.5638700000001], [-80.33078, 25.55196], [-80.33332, 25.5519300000002], [-80.33462, 25.5475400000002], [-80.33221, 25.5441600000001], [-80.33995, 25.54419], [-80.34978, 25.5504200000001], [-80.35194, 25.55365], [-80.3552899999999, 25.55516], [-80.35892, 25.5558300000001], [-80.35903, 25.5593], [-80.36188, 25.5665200000001], [-80.34581, 25.56664], [-80.34564, 25.56799]]]]}, "properties": {"f1": 33190, "f2": "Miami", "f15": 170}}, {"type": "Feature", "geometry": {"type": "Polygon", "coordinates": [[[-80.26723, 25.88461], [-80.26434, 25.8819400000001], [-80.25951, 25.8819700000001], [-80.25923, 25.8727200000001], [-80.25993, 25.87151], [-80.26004, 25.87078], [-80.2599, 25.85643], [-80.25974, 25.8554199999999], [-80.25942, 25.8380600000001], [-80.25987, 25.8389700000001], [-80.27389, 25.8383300000001], [-80.27405, 25.8417000000001], [-80.27912, 25.8418000000001], [-80.27881, 25.8428], [-80.2822, 25.8446900000001], [-80.28231, 25.84741], [-80.28298, 25.86505], [-80.28089, 25.86511], [-80.28094, 25.86691], [-80.28303, 25.86685], [-80.28318, 25.8705900000001], [-80.27887, 25.87066], [-80.28318, 25.8707400000001], [-80.2833, 25.8741400000001], [-80.28092, 25.8742100000001], [-80.28096, 25.8751300000002], [-80.28333, 25.8750699999999], [-80.28348, 25.8795800000001], [-80.28127, 25.87964], [-80.28129, 25.8805400000002], [-80.28351, 25.8804900000001], [-80.28348, 25.8815000000001], [-80.28134, 25.88156], [-80.28077, 25.8828], [-80.27911, 25.8816100000001], [-80.26729, 25.8819300000001], [-80.26723, 25.88461]]]}, "properties": {"f1": 33013, "f2": "Hialeah", "f15": 187}}, {"type": "Feature", "geometry": {"type": "Polygon", "coordinates": [[[-80.26416, 25.9707400000001], [-80.26378, 25.9695], [-80.26249, 25.9698400000001], [-80.26226, 25.9619600000001], [-80.270448, 25.9620527923569], [-80.26226, 25.9617200000001], [-80.26199, 25.95372], [-80.26418, 25.9536200000002], [-80.26196, 25.95307], [-80.26171, 25.9475800000001], [-80.26406, 25.9474700000002], [-80.263, 25.94723], [-80.26324, 25.9447000000001], [-80.26158, 25.9448], [-80.26066, 25.9258500000001], [-80.27499, 25.92533], [-80.2754, 25.9256], [-80.2755, 25.9253100000001], [-80.27729, 25.9252800000001], [-80.27712, 25.9251300000001], [-80.28134, 25.9254600000001], [-80.29015, 25.9251], [-80.29311, 25.92518], [-80.29331, 25.92543], [-80.29376, 25.93939], [-80.29547, 25.9397100000001], [-80.29398, 25.9405], [-80.29462, 25.95686], [-80.29468, 25.9584500000001], [-80.29476, 25.9614200000001], [-80.29485, 25.9642100000001], [-80.29489, 25.9642400000001], [-80.2949, 25.9644], [-80.29486, 25.9644300000001], [-80.2950599999999, 25.9703699999999], [-80.26706, 25.9711500000001], [-80.26314, 25.9712900000001], [-80.26416, 25.9707400000001]]]}, "properties": {"f1": 33055, "f2": "Opa Locka", "f15": 209}}, {"type": "Feature", "geometry": {"type": "MultiPolygon", "coordinates": [[[[-80.76314, 25.6601600000001], [-80.7663299999999, 25.6579300000001], [-80.7663799999999, 25.75787], [-80.76303, 25.75526], [-80.76282, 25.7450900000001], [-80.76071, 25.74408], [-80.7587, 25.74022], [-80.76004, 25.73358], [-80.7586699999999, 25.7269], [-80.75923, 25.72366], [-80.76259, 25.7195000000001], [-80.7595799999999, 25.71698], [-80.75912, 25.71489], [-80.76147, 25.7125700000002], [-80.76202, 25.7066200000002], [-80.76064, 25.70387], [-80.76309, 25.6991400000001], [-80.75938, 25.69273], [-80.7623399999999, 25.6865400000001], [-80.7631999999999, 25.67889], [-80.75972, 25.6709900000001], [-80.76314, 25.6601600000001]]], [[[-80.6801, 25.97867], [-80.6801, 25.95682], [-80.55171, 25.95701], [-80.67374, 25.79486], [-80.67435, 25.79393], [-80.6743, 25.76283], [-80.68429, 25.76217], [-80.6739199999999, 25.7620800000001], [-80.67402, 25.7937700000001], [-80.5514, 25.95701], [-80.5412299999999, 25.95691], [-80.45517, 25.95683], [-80.44127, 25.9568800000001], [-80.4406399999999, 25.9567700000001], [-80.4403499999999, 25.9507900000002], [-80.4400599999999, 25.94258], [-80.4397, 25.9422000000002], [-80.44041, 25.94054], [-80.43945, 25.9411000000002], [-80.4292754734143, 25.932581], [-80.4408966198257, 25.932581], [-80.43802, 25.92784], [-80.43733, 25.91307], [-80.45297, 25.91307], [-80.45412, 25.9253900000001], [-80.4845399999999, 25.8907600000001], [-80.4823578166189, 25.807034], [-80.4588204999999, 25.807034], [-80.4588204999999, 25.7651850000002], [-80.4588204999999, 25.76107], [-80.4328899999999, 25.76105], [-80.43253, 25.75206], [-80.4324699999999, 25.75115], [-80.43244, 25.74983], [-80.43245, 25.74663], [-80.43637, 25.74657], [-80.43661, 25.75155], [-80.44135, 25.75131], [-80.4420099999999, 25.75415], [-80.44307, 25.7541300000001], [-80.44532, 25.7507100000002], [-80.44619, 25.7533900000001], [-80.44611, 25.7512], [-80.4486, 25.75157], [-80.44847, 25.74796], [-80.45048, 25.74786], [-80.45041, 25.74608], [-80.44839, 25.74614], [-80.44765, 25.72817], [-80.4771458519922, 25.7270479485109], [-80.47966, 25.7271300000002], [-80.4802999999999, 25.7328400000001], [-80.48325, 25.7368200000002], [-80.4904099999999, 25.7486500000001], [-80.4959899999999, 25.7505600000002], [-80.4977168349762, 25.7556303631203], [-80.49635, 25.68761], [-80.496495, 25.6873950000002], [-80.496495, 25.6885742405063], [-80.49856, 25.76084], [-80.62498, 25.76074], [-80.6248499999999, 25.75855], [-80.6265399999999, 25.75847], [-80.6289199999999, 25.7596200000002], [-80.62776, 25.76074], [-80.85699, 25.76045], [-80.85725, 25.61578], [-80.87323, 25.61549], [-80.87317, 25.81799], [-80.87383, 25.87537], [-80.8731099999999, 25.9787], [-80.6801, 25.97867]]]]}, "properties": {"f1": 33194, "f2": "Miami", "f15": 279}}, {"type": "Feature", "geometry": {"type": "Polygon", "coordinates": [[[-80.34123, 25.9568800000001], [-80.3433952217833, 25.9537592521513], [-80.34168, 25.9527500000002], [-80.34281, 25.9526300000002], [-80.3416, 25.9279400000001], [-80.34046, 25.8984200000001], [-80.3427, 25.8983800000001], [-80.34044, 25.89807], [-80.33971, 25.8869700000001], [-80.34182, 25.8869800000001], [-80.34239, 25.8847800000001], [-80.33959, 25.8841700000001], [-80.33896, 25.8681800000001], [-80.34031, 25.86725], [-80.34377, 25.8697800000002], [-80.37477, 25.8921500000001], [-80.38541, 25.9003300000002], [-80.38548, 25.9001200000001], [-80.4292754734143, 25.932581], [-80.43945, 25.9411000000002], [-80.44041, 25.94054], [-80.4397, 25.9422000000002], [-80.44005, 25.9491000000001], [-80.44034, 25.95684], [-80.43327, 25.95682], [-80.43159, 25.9567700000001], [-80.4313499999999, 25.95676], [-80.43085, 25.9567700000001], [-80.4306199999999, 25.95686], [-80.40318, 25.9567700000001], [-80.37874, 25.95686], [-80.3752899999999, 25.9567900000001], [-80.3748, 25.9567], [-80.34374, 25.9567100000001], [-80.34327, 25.95684], [-80.34123, 25.9568800000001]]]}, "properties": {"f1": 33018, "f2": "Hialeah", "f15": 153}}, {"type": "Feature", "geometry": {"type": "Polygon", "coordinates": [[[-80.39672, 25.7535000000001], [-80.39413, 25.75235], [-80.39096, 25.7532900000001], [-80.38726, 25.7525100000001], [-80.38698, 25.74981], [-80.39023, 25.7493700000002], [-80.39064, 25.7481600000001], [-80.385, 25.74877], [-80.38434, 25.7463900000001], [-80.38445, 25.75021], [-80.38407, 25.7491100000001], [-80.3839, 25.7476900000001], [-80.38218, 25.74739], [-80.38387, 25.7472300000002], [-80.38382, 25.74604], [-80.38209, 25.74582], [-80.38199, 25.7428700000001], [-80.38381, 25.7428300000001], [-80.38331, 25.7348300000001], [-80.38208, 25.73384], [-80.38328, 25.73435], [-80.38255, 25.7149200000001], [-80.3829, 25.7106800000001], [-80.38473, 25.71537], [-80.41519, 25.71454], [-80.4153, 25.71201], [-80.4178933262712, 25.7115103601696], [-80.41909, 25.7142800000002], [-80.43104, 25.7139000000001], [-80.42946, 25.7163], [-80.43115, 25.7166000000001], [-80.4314, 25.72322], [-80.43044, 25.7232500000001], [-80.43166, 25.7295700000001], [-80.43058, 25.72984], [-80.43169, 25.7304500000001], [-80.43204, 25.7394], [-80.43087, 25.7394400000002], [-80.43015, 25.74194], [-80.4302, 25.74301], [-80.43214, 25.7420099999999], [-80.43131, 25.7439], [-80.43245, 25.74663], [-80.43244, 25.74983], [-80.4324699999999, 25.75115], [-80.43253, 25.75206], [-80.42844, 25.7522500000001], [-80.42829, 25.7477100000001], [-80.42788, 25.7490100000001], [-80.42616, 25.74909], [-80.42772, 25.75042], [-80.42675, 25.7532900000001], [-80.42566, 25.7520200000001], [-80.41713, 25.75253], [-80.41657, 25.7544000000001], [-80.41413, 25.7521200000002], [-80.41277, 25.75334], [-80.40778, 25.75258], [-80.40725, 25.7550200000002], [-80.40579, 25.75316], [-80.40532, 25.7546700000001], [-80.40196, 25.75436], [-80.40291, 25.7533800000001], [-80.4013, 25.7539200000001], [-80.39925, 25.75172], [-80.39841, 25.7567600000001], [-80.39672, 25.7535000000001]]]}, "properties": {"f1": 33175, "f2": "Miami", "f15": 190}}, {"type": "Feature", "geometry": {"type": "Polygon", "coordinates": [[[-80.38516, 25.7969600000001], [-80.38289, 25.79461], [-80.38169, 25.79564], [-80.38065, 25.7946400000001], [-80.38175, 25.7946300000001], [-80.38169, 25.79223], [-80.38285, 25.7922200000001], [-80.38288, 25.79407], [-80.38493, 25.79407], [-80.38478, 25.7767600000001], [-80.38519, 25.7764900000001], [-80.38518, 25.77477], [-80.38571, 25.77451], [-80.38545, 25.76823], [-80.3869, 25.76842], [-80.38711, 25.76986], [-80.39102, 25.76973], [-80.39149, 25.76688], [-80.394, 25.7680300000001], [-80.3949, 25.7659700000002], [-80.39887, 25.76584], [-80.39897, 25.7694000000001], [-80.40295, 25.7679200000002], [-80.40296, 25.76929], [-80.40495, 25.7692300000002], [-80.40489, 25.7656700000001], [-80.4069, 25.7656000000001], [-80.40697, 25.7691500000001], [-80.40899, 25.7691400000001], [-80.40987, 25.7670600000001], [-80.4099, 25.76867], [-80.41208, 25.7676800000001], [-80.4138, 25.76901], [-80.41372, 25.76538], [-80.41537, 25.7653300000001], [-80.41544, 25.7689600000001], [-80.4164, 25.76893], [-80.4171, 25.76107], [-80.41732, 25.76748], [-80.421146, 25.7738769693721], [-80.43256, 25.7829400000002], [-80.4292399999999, 25.7833400000002], [-80.4218584798074, 25.782757587724], [-80.4172, 25.7826799999999], [-80.417047671875, 25.807034], [-80.41023, 25.8069200000002], [-80.4000030666667, 25.807034], [-80.39989, 25.80402], [-80.39539, 25.80469], [-80.3947465794393, 25.807034], [-80.38931, 25.8065600000001], [-80.38896, 25.80392], [-80.39285, 25.8028400000002], [-80.39275, 25.79849], [-80.38672, 25.79796], [-80.38666, 25.79679], [-80.38626, 25.8116300000001], [-80.38505, 25.8116400000001], [-80.38546, 25.8050100000001], [-80.38247, 25.8034400000001], [-80.38139, 25.79942], [-80.38516, 25.7969600000001]]]}, "properties": {"f1": 33182, "f2": "Miami", "f15": 164}}, {"type": "Feature", "geometry": {"type": "Polygon", "coordinates": [[[-80.38553, 25.6291500000001], [-80.38536, 25.6272400000001], [-80.38225, 25.6273500000002], [-80.3807, 25.6272700000001], [-80.37949, 25.6219000000001], [-80.3791, 25.61273], [-80.38173, 25.6140500000001], [-80.38164, 25.61172], [-80.37968, 25.6118100000001], [-80.3816, 25.6110200000002], [-80.3793, 25.6054600000002], [-80.37915, 25.60289], [-80.3812, 25.60279], [-80.38096, 25.59984], [-80.37897, 25.59991], [-80.38092, 25.5991], [-80.37972, 25.5809000000002], [-80.3800299999999, 25.57521], [-80.3780499999999, 25.5730300000001], [-80.3807265707775, 25.5735334605525], [-80.3806599999999, 25.57263], [-80.3785235326348, 25.5713107622786], [-80.39093, 25.57016], [-80.3959112174247, 25.5740495520909], [-80.39103, 25.5699800000002], [-80.3780499999999, 25.5705900000001], [-80.37982, 25.56878], [-80.3809, 25.56774], [-80.3825, 25.56626], [-80.38665, 25.5662200000001], [-80.38667, 25.5669400000001], [-80.38873, 25.5669100000001], [-80.38869, 25.56621], [-80.42316, 25.56588], [-80.4236, 25.56929], [-80.42647, 25.5697800000001], [-80.42767, 25.5729100000001], [-80.42945, 25.5733000000001], [-80.42953, 25.5806000000002], [-80.42675, 25.58154], [-80.42955, 25.5845100000001], [-80.42928, 25.5919300000001], [-80.42724, 25.5919300000001], [-80.42707, 25.59607], [-80.4297, 25.5959500000001], [-80.43074, 25.6257], [-80.42972, 25.6257200000002], [-80.41688, 25.62617], [-80.41739, 25.6278399999999], [-80.4161, 25.6280000000002], [-80.41464, 25.6279100000001], [-80.41458, 25.6263500000001], [-80.39023, 25.62706], [-80.3903, 25.6288700000001], [-80.38778, 25.6296200000002], [-80.38553, 25.6291500000001]]]}, "properties": {"f1": 33177, "f2": "Miami", "f15": 220}}, {"type": "Feature", "geometry": {"type": "MultiPolygon", "coordinates": [[[[-80.17136, 25.5311400000001], [-80.17281, 25.5299300000001], [-80.17307, 25.53021], [-80.17283, 25.53068], [-80.17087, 25.53287], [-80.17136, 25.5311400000001]]], [[[-80.17026, 25.5357600000002], [-80.17096, 25.53392], [-80.17118, 25.5344300000001], [-80.17047, 25.5363600000001], [-80.1700799999999, 25.53624], [-80.17026, 25.5357600000002]]], [[[-80.1697399999999, 25.5382600000001], [-80.16991, 25.5381600000002], [-80.17007, 25.5382100000001], [-80.16998, 25.5386100000001], [-80.1694799999999, 25.5391600000001], [-80.1697399999999, 25.5382600000001]]], [[[-80.16946, 25.5430700000001], [-80.16915, 25.5415900000002], [-80.16989, 25.54204], [-80.16986, 25.5431600000001], [-80.16946, 25.5430700000001]]], [[[-80.16074, 25.5897700000001], [-80.16139, 25.5894800000002], [-80.1616099999999, 25.5906300000001], [-80.16071, 25.5911], [-80.16074, 25.5897700000001]]], [[[-80.16501, 25.7110600000001], [-80.16693, 25.71072], [-80.1667499999999, 25.7120500000002], [-80.16595, 25.71201], [-80.16501, 25.7110600000001]]], [[[-80.1592299999999, 25.7236800000001], [-80.15942, 25.7235100000002], [-80.16026, 25.72427], [-80.16005, 25.7251000000002], [-80.15942, 25.72539], [-80.1592299999999, 25.7236800000001]]], [[[-80.14832, 25.72688], [-80.1474499999999, 25.7226900000001], [-80.15085, 25.7131700000001], [-80.15185, 25.70561], [-80.15477, 25.70104], [-80.15638, 25.6943], [-80.1559999999999, 25.6863800000002], [-80.1526099999999, 25.67165], [-80.15569, 25.66659], [-80.1581, 25.6652500000001], [-80.16464, 25.67661], [-80.1612699999999, 25.6760400000001], [-80.16286, 25.67751], [-80.16524, 25.6769300000002], [-80.1703399999999, 25.68139], [-80.15851, 25.68316], [-80.16498, 25.6825900000001], [-80.1652099999999, 25.68369], [-80.1611599999999, 25.68378], [-80.16605, 25.6846999999999], [-80.1633299999999, 25.68531], [-80.16714, 25.6852600000001], [-80.16555, 25.6830400000002], [-80.16643, 25.68246], [-80.16737, 25.6852600000001], [-80.16909, 25.6851900000001], [-80.16688, 25.68252], [-80.17082, 25.68467], [-80.16992, 25.6819100000001], [-80.1711499999999, 25.6817200000001], [-80.17873, 25.68643], [-80.17593, 25.6874400000002], [-80.1712899999999, 25.68447], [-80.17391, 25.6892800000001], [-80.1730099999999, 25.6912600000001], [-80.17429, 25.6912], [-80.17531, 25.6883400000001], [-80.17595, 25.6895600000001], [-80.1720899999999, 25.6958800000001], [-80.16858, 25.6979100000002], [-80.16913, 25.6988499999999], [-80.16685, 25.7009600000002], [-80.1684, 25.7058300000001], [-80.1741499999999, 25.70786], [-80.1761, 25.71001], [-80.17058, 25.7108500000002], [-80.16714, 25.70842], [-80.1614699999999, 25.71092], [-80.16129, 25.7121], [-80.16309, 25.7118400000001], [-80.1623099999999, 25.71387], [-80.1640799999999, 25.7139900000002], [-80.1642, 25.7151600000001], [-80.15761, 25.71925], [-80.15804, 25.72014], [-80.1543899999999, 25.72308], [-80.15617, 25.72452], [-80.15487, 25.7260100000001], [-80.15611, 25.7268400000001], [-80.15855, 25.72578], [-80.15802, 25.7272300000001], [-80.15654, 25.7286500000002], [-80.15312, 25.7289100000001], [-80.14832, 25.72688]]], [[[-80.1598099999999, 25.7438400000002], [-80.15913, 25.7421400000001], [-80.15953, 25.74229], [-80.1594699999999, 25.74281], [-80.16019, 25.7435300000001], [-80.16084, 25.74377], [-80.1604, 25.7438200000001], [-80.16045, 25.7443400000002], [-80.1598399999999, 25.7449200000001], [-80.1598099999999, 25.7438400000002]]], [[[-80.15993, 25.75479], [-80.15912, 25.75389], [-80.15739, 25.7539800000001], [-80.15688, 25.7527], [-80.1586299999999, 25.7523800000001], [-80.15993, 25.75479]]], [[[-80.16103, 25.7566500000001], [-80.16118, 25.7561600000001], [-80.16212, 25.7571300000002], [-80.1613499999999, 25.7570300000001], [-80.16103, 25.7566500000001]]], [[[-80.14436, 25.74995], [-80.14627, 25.74591], [-80.1424699999999, 25.74773], [-80.14459, 25.74181], [-80.1481799999999, 25.73843], [-80.1573599999999, 25.7338300000001], [-80.1658599999999, 25.7314300000002], [-80.1670099999999, 25.73677], [-80.17905, 25.7466400000002], [-80.17422, 25.74519], [-80.1754, 25.74809], [-80.16525, 25.73894], [-80.16272, 25.73914], [-80.1623099999999, 25.74184], [-80.1719099999999, 25.7511], [-80.16685, 25.7469600000001], [-80.16121, 25.74529], [-80.1614699999999, 25.74374], [-80.15773, 25.74072], [-80.15964, 25.7445400000001], [-80.15906, 25.7469300000001], [-80.1569099999999, 25.7482600000001], [-80.15468, 25.7468600000002], [-80.1565999999999, 25.7491300000001], [-80.1555, 25.7523000000002], [-80.15279, 25.75328], [-80.14914, 25.75771], [-80.14651, 25.7553100000001], [-80.1460899999999, 25.7509800000001], [-80.14436, 25.74995]]]]}, "properties": {"f1": 33149, "f2": "Key Biscayne", "f15": 103}}, {"type": "Feature", "geometry": {"type": "Polygon", "coordinates": [[[-80.41732, 25.76748], [-80.4171, 25.76107], [-80.4164, 25.76893], [-80.41544, 25.7689600000001], [-80.41537, 25.7653300000001], [-80.41372, 25.76538], [-80.4138, 25.76901], [-80.41208, 25.7676800000001], [-80.4099, 25.76867], [-80.40987, 25.7670600000001], [-80.40899, 25.7691400000001], [-80.40697, 25.7691500000001], [-80.4069, 25.7656000000001], [-80.40489, 25.7656700000001], [-80.40495, 25.7692300000002], [-80.40296, 25.76929], [-80.40295, 25.7679200000002], [-80.39897, 25.7694000000001], [-80.39887, 25.76584], [-80.3949, 25.7659700000002], [-80.394, 25.7680300000001], [-80.39149, 25.76688], [-80.39102, 25.76973], [-80.38711, 25.76986], [-80.3869, 25.76842], [-80.38545, 25.76823], [-80.38521, 25.76093], [-80.3834715, 25.7609473988095], [-80.3834715, 25.7582838100001], [-80.38181, 25.7599600000001], [-80.38052, 25.759], [-80.38431, 25.75572], [-80.38418, 25.7524600000001], [-80.3828, 25.7525100000001], [-80.3828, 25.75075], [-80.3834715, 25.75075], [-80.38413, 25.75075], [-80.38407, 25.7491100000001], [-80.38445, 25.75021], [-80.38434, 25.7463900000001], [-80.385, 25.74877], [-80.39064, 25.7481600000001], [-80.39023, 25.7493700000002], [-80.38698, 25.74981], [-80.38726, 25.7525100000001], [-80.39096, 25.7532900000001], [-80.39413, 25.75235], [-80.39672, 25.7535000000001], [-80.39841, 25.7567600000001], [-80.39925, 25.75172], [-80.4013, 25.7539200000001], [-80.40291, 25.7533800000001], [-80.40196, 25.75436], [-80.40532, 25.7546700000001], [-80.40579, 25.75316], [-80.40725, 25.7550200000002], [-80.40778, 25.75258], [-80.41277, 25.75334], [-80.41413, 25.7521200000002], [-80.41657, 25.7544000000001], [-80.41713, 25.75253], [-80.42566, 25.7520200000001], [-80.42675, 25.7532900000001], [-80.42772, 25.75042], [-80.42616, 25.74909], [-80.42788, 25.7490100000001], [-80.42829, 25.7477100000001], [-80.42844, 25.7522500000001], [-80.43253, 25.75206], [-80.4328899999999, 25.76105], [-80.4588204999999, 25.76107], [-80.4588204999999, 25.7651850000002], [-80.4211459999999, 25.7651850000002], [-80.421146, 25.7738769693721], [-80.41732, 25.76748]]]}, "properties": {"f1": 33184, "f2": "Miami", "f15": 194}}, {"type": "Feature", "geometry": {"type": "MultiPolygon", "coordinates": [[[[-80.36099, 25.6903100000001], [-80.3608699999999, 25.6874400000002], [-80.3609699999999, 25.6880300000001], [-80.3617799999999, 25.6880300000001], [-80.36187, 25.6907], [-80.36099, 25.6903100000001]]], [[[-80.34871, 25.68844], [-80.34766, 25.6876600000001], [-80.33347, 25.6881300000002], [-80.33307, 25.68546], [-80.33546, 25.6843900000001], [-80.33436, 25.6835900000001], [-80.33545, 25.6826], [-80.33496, 25.66793], [-80.33087, 25.6674700000002], [-80.3313402332213, 25.6661760054504], [-80.33489, 25.66606], [-80.33483, 25.6641900000001], [-80.3327, 25.66243], [-80.33477, 25.66234], [-80.3344299999999, 25.644], [-80.3321399999999, 25.6436], [-80.3321099999999, 25.64152], [-80.3353199999999, 25.64114], [-80.33407, 25.6400800000002], [-80.33361, 25.62912], [-80.3395399999999, 25.62898], [-80.33913, 25.6310100000002], [-80.34096, 25.62894], [-80.3437, 25.62888], [-80.34381, 25.6306800000001], [-80.3458299999999, 25.63063], [-80.34575, 25.6289100000001], [-80.356, 25.6294900000001], [-80.37212, 25.6279300000002], [-80.37238, 25.63141], [-80.3729, 25.6279000000001], [-80.3754699999999, 25.62773], [-80.37465, 25.62926], [-80.3760399999999, 25.6292700000001], [-80.3758399999999, 25.6277100000001], [-80.37955, 25.62751], [-80.38232, 25.63022], [-80.38143, 25.63287], [-80.3825699210526, 25.639638], [-80.38078, 25.64045], [-80.3826, 25.64041], [-80.38283, 25.6418700000001], [-80.3832399999999, 25.65148], [-80.38198, 25.6529100000001], [-80.38326, 25.6518899999999], [-80.38294, 25.66862], [-80.3842, 25.67403], [-80.38217, 25.6741300000001], [-80.38393, 25.67487], [-80.38395, 25.6763400000001], [-80.3812599999999, 25.6770700000001], [-80.38403, 25.6772400000001], [-80.38469, 25.68647], [-80.38055, 25.6865799999999], [-80.38068, 25.68765], [-80.38191, 25.6876400000001], [-80.38192, 25.68821], [-80.38026, 25.6881200000001], [-80.38013, 25.6866000000001], [-80.37794, 25.68667], [-80.3772, 25.6880400000001], [-80.3764, 25.6871600000001], [-80.37783, 25.68667], [-80.3738599999999, 25.6868000000001], [-80.37184, 25.68686], [-80.3704199999999, 25.6869100000001], [-80.36986, 25.6869200000001], [-80.36584, 25.6870500000001], [-80.36589, 25.68877], [-80.3644199999999, 25.68885], [-80.36347, 25.6888800000001], [-80.36396, 25.68712], [-80.35197, 25.6875100000001], [-80.34768, 25.6923100000001], [-80.34871, 25.68844]]]]}, "properties": {"f1": 33176, "f2": "Miami", "f15": 111}}, {"type": "Feature", "geometry": {"type": "Polygon", "coordinates": [[[-80.1561899999999, 25.97403], [-80.15964, 25.9717300000001], [-80.15718, 25.9724399999999], [-80.15849, 25.9671300000001], [-80.1569099999999, 25.9671500000001], [-80.1581, 25.96483], [-80.15662, 25.96456], [-80.1584799999999, 25.96367], [-80.15617, 25.96238], [-80.15859, 25.96228], [-80.15693, 25.9514], [-80.15908, 25.95172], [-80.1588899999999, 25.94858], [-80.1567599999999, 25.94832], [-80.15882, 25.9475800000001], [-80.1567, 25.9471200000001], [-80.15667, 25.94641], [-80.15667, 25.94632], [-80.15658, 25.9436], [-80.18085, 25.9434700000001], [-80.18413, 25.94597], [-80.18582, 25.9442900000001], [-80.1846, 25.9416800000001], [-80.19355, 25.9417500000001], [-80.19583, 25.9407], [-80.19593, 25.94284], [-80.2011, 25.9427600000001], [-80.20149, 25.9536100000002], [-80.19986, 25.95436], [-80.20157, 25.9574400000001], [-80.19954, 25.9575600000001], [-80.20142, 25.95929], [-80.20067, 25.96082], [-80.19901, 25.96004], [-80.20012, 25.9608600000001], [-80.19901, 25.9617000000002], [-80.20081, 25.9610700000001], [-80.20087, 25.9624200000002], [-80.19852, 25.96268], [-80.20577, 25.9629100000001], [-80.19811, 25.9631600000002], [-80.19812, 25.96422], [-80.20123, 25.9642300000001], [-80.20205, 25.97216], [-80.1981, 25.97221], [-80.19802, 25.97306], [-80.19147, 25.97324], [-80.19057, 25.97317], [-80.18112, 25.9732900000001], [-80.17865, 25.9734300000001], [-80.17455, 25.97351], [-80.1665, 25.97372], [-80.16428, 25.9738700000002], [-80.1574245, 25.9740685588236], [-80.1561899999999, 25.97403]]]}, "properties": {"f1": 33179, "f2": "Miami", "f15": 113}}, {"type": "Feature", "geometry": {"type": "Polygon", "coordinates": [[[-80.31816, 25.9570200000001], [-80.31766, 25.95696], [-80.31459, 25.9570000000001], [-80.31296, 25.95686], [-80.31098, 25.95686], [-80.31071, 25.95686], [-80.31056, 25.95686], [-80.30678, 25.95676], [-80.29504, 25.95676], [-80.29462, 25.95686], [-80.29398, 25.9405], [-80.29547, 25.9397100000001], [-80.29376, 25.93939], [-80.29331, 25.92543], [-80.29673, 25.9247400000001], [-80.32023, 25.9245400000001], [-80.32313, 25.92335], [-80.32487, 25.9209800000001], [-80.32544, 25.92643], [-80.32432, 25.92663], [-80.32537, 25.9273900000001], [-80.3416, 25.9279400000001], [-80.34281, 25.9526300000002], [-80.34168, 25.9527500000002], [-80.3433952217833, 25.9537592521513], [-80.34123, 25.9568800000001], [-80.33557, 25.9569900000001], [-80.31816, 25.9570200000001]]]}, "properties": {"f1": 33015, "f2": "Hialeah", "f15": 126}}, {"type": "Feature", "geometry": {"type": "Polygon", "coordinates": [[[-80.287380970269, 25.8844455738107], [-80.28595, 25.8814400000001], [-80.28348, 25.8815000000001], [-80.28351, 25.8804900000001], [-80.28129, 25.8805400000002], [-80.28127, 25.87964], [-80.28348, 25.8795800000001], [-80.28333, 25.8750699999999], [-80.28096, 25.8751300000002], [-80.28092, 25.8742100000001], [-80.2833, 25.8741400000001], [-80.28318, 25.8707400000001], [-80.27887, 25.87066], [-80.28318, 25.8705900000001], [-80.28303, 25.86685], [-80.28094, 25.86691], [-80.28089, 25.86511], [-80.28298, 25.86505], [-80.28231, 25.84741], [-80.31033, 25.84799], [-80.31234, 25.8467], [-80.31435, 25.84772], [-80.32137, 25.8529400000001], [-80.32267, 25.8535700000001], [-80.32268, 25.8537600000002], [-80.32267, 25.86293], [-80.32295, 25.86293], [-80.3229, 25.86972], [-80.32313, 25.86972], [-80.32345, 25.87701], [-80.32293, 25.8770200000001], [-80.32353, 25.88393], [-80.31988, 25.8840500000001], [-80.31727, 25.88317], [-80.31953, 25.88247], [-80.31831, 25.88246], [-80.31552, 25.88247], [-80.31559, 25.8841700000001], [-80.29949, 25.8834500000001], [-80.29953, 25.8843200000001], [-80.287380970269, 25.8844455738107]]]}, "properties": {"f1": 33012, "f2": "Hialeah", "f15": 148}}, {"type": "Feature", "geometry": {"type": "Polygon", "coordinates": [[[-80.4420099999999, 25.75415], [-80.44135, 25.75131], [-80.43661, 25.75155], [-80.43637, 25.74657], [-80.43245, 25.74663], [-80.43131, 25.7439], [-80.43214, 25.7420099999999], [-80.4302, 25.74301], [-80.43015, 25.74194], [-80.43087, 25.7394400000002], [-80.43204, 25.7394], [-80.43169, 25.7304500000001], [-80.43058, 25.72984], [-80.43166, 25.7295700000001], [-80.43044, 25.7232500000001], [-80.4314, 25.72322], [-80.43115, 25.7166000000001], [-80.42946, 25.7163], [-80.43104, 25.7139000000001], [-80.46309, 25.7128800000001], [-80.46354, 25.72561], [-80.4771458519922, 25.7270479485109], [-80.44765, 25.72817], [-80.44839, 25.74614], [-80.45041, 25.74608], [-80.45048, 25.74786], [-80.44847, 25.74796], [-80.4486, 25.75157], [-80.44611, 25.7512], [-80.44619, 25.7533900000001], [-80.44532, 25.7507100000002], [-80.44307, 25.7541300000001], [-80.4420099999999, 25.75415]]]}, "properties": {"f1": 33185, "f2": "Miami", "f15": 222}}, {"type": "Feature", "geometry": {"type": "MultiPolygon", "coordinates": [[[[-80.28572, 25.6204200000001], [-80.28667, 25.6196], [-80.28816, 25.6203500000001], [-80.2865, 25.62044], [-80.28638, 25.62148], [-80.28409, 25.6229100000001], [-80.28572, 25.6204200000001]]], [[[-80.31746, 25.69205], [-80.3156899999999, 25.68865], [-80.30818, 25.6888900000001], [-80.3056199999999, 25.6910200000001], [-80.30548, 25.6889900000002], [-80.2986799999999, 25.6891500000001], [-80.29803, 25.6903600000001], [-80.29799, 25.6891700000001], [-80.2946899999999, 25.6892800000001], [-80.29289, 25.69037], [-80.2846999999999, 25.6888], [-80.2836599999999, 25.6691600000002], [-80.26787, 25.65742], [-80.26834, 25.65344], [-80.2661599999999, 25.65268], [-80.2764399999999, 25.65213], [-80.2685699999999, 25.6519100000002], [-80.26875, 25.65109], [-80.2767499999999, 25.65129], [-80.27803, 25.6523000000001], [-80.27823, 25.65608], [-80.2793599999999, 25.6559400000002], [-80.2784699999999, 25.6533200000001], [-80.2793899999999, 25.6543000000001], [-80.2795699999999, 25.65334], [-80.28276, 25.65335], [-80.27841, 25.65306], [-80.27841, 25.65219], [-80.28287, 25.65207], [-80.2805599999999, 25.6519200000001], [-80.28308, 25.65085], [-80.2804599999999, 25.65027], [-80.28296, 25.64972], [-80.2802999999999, 25.6497800000001], [-80.2793, 25.65195], [-80.27919, 25.64973], [-80.2787599999999, 25.6518100000001], [-80.27797, 25.6495400000001], [-80.27771, 25.65125], [-80.27684, 25.6509100000001], [-80.2767799999999, 25.6491200000001], [-80.2764899999999, 25.6506700000001], [-80.27548, 25.6489600000001], [-80.2753, 25.6506500000002], [-80.27444, 25.6490500000002], [-80.27408, 25.6506700000001], [-80.27307, 25.6489900000001], [-80.27208, 25.6506500000002], [-80.27194, 25.6489400000002], [-80.27075, 25.6506800000001], [-80.27054, 25.6481600000001], [-80.2702, 25.65063], [-80.2685999999999, 25.6505100000001], [-80.26997, 25.6504200000002], [-80.27196, 25.6392999999999], [-80.2739899999999, 25.6381700000001], [-80.2770999999999, 25.6396900000001], [-80.27538, 25.6376], [-80.2810499999999, 25.62723], [-80.28282, 25.63324], [-80.28092, 25.63435], [-80.28485, 25.6339300000001], [-80.28469, 25.6355200000001], [-80.28724, 25.6308100000001], [-80.28534, 25.6374500000002], [-80.28636, 25.64114], [-80.28703, 25.64334], [-80.2853299999999, 25.6442600000001], [-80.29153, 25.6452500000002], [-80.3081199999999, 25.64458], [-80.3078599999999, 25.6425300000001], [-80.31023, 25.64214], [-80.3096599999999, 25.6445400000001], [-80.33126, 25.64399], [-80.3321099999999, 25.64152], [-80.3321399999999, 25.6436], [-80.3344299999999, 25.644], [-80.33477, 25.66234], [-80.3327, 25.66243], [-80.33483, 25.6641900000001], [-80.33489, 25.66606], [-80.3313402332213, 25.6661760054504], [-80.33087, 25.6674700000002], [-80.33496, 25.66793], [-80.33545, 25.6826], [-80.33436, 25.6835900000001], [-80.33546, 25.6843900000001], [-80.33307, 25.68546], [-80.33347, 25.6881300000002], [-80.33299, 25.6881500000002], [-80.3324199999999, 25.6881700000002], [-80.33145, 25.68821], [-80.33147, 25.6886], [-80.32138, 25.6884900000001], [-80.32145, 25.69018], [-80.31749, 25.6902900000001], [-80.31746, 25.69205]]], [[[-80.26767, 25.6902900000001], [-80.26582, 25.6902500000001], [-80.2661, 25.69234], [-80.2631999999999, 25.69128], [-80.2581899999999, 25.6927200000001], [-80.2585799999999, 25.6914200000001], [-80.25723, 25.69144], [-80.25531, 25.69307], [-80.25354, 25.69153], [-80.25183, 25.69339], [-80.2522, 25.69075], [-80.2656199999999, 25.6902500000001], [-80.25484, 25.69017], [-80.25542, 25.6893000000001], [-80.25429, 25.6902000000001], [-80.24994, 25.6902500000001], [-80.25197, 25.6874100000001], [-80.2531599999999, 25.6879900000002], [-80.25272, 25.68948], [-80.25745, 25.6863900000001], [-80.2580399999999, 25.6872399999999], [-80.2557699999999, 25.6892400000002], [-80.25792, 25.6875800000001], [-80.25867, 25.6893800000001], [-80.2664499999999, 25.68877], [-80.26663, 25.68732], [-80.26807, 25.68977], [-80.26806, 25.6867300000001], [-80.26271, 25.6879], [-80.26466, 25.6853500000001], [-80.25904, 25.6870200000002], [-80.2588399999999, 25.6835800000001], [-80.26439, 25.68257], [-80.2643, 25.6835500000001], [-80.26039, 25.68369], [-80.2608499999999, 25.68565], [-80.2634299999999, 25.6846500000001], [-80.2611099999999, 25.6853200000001], [-80.26086, 25.6841500000001], [-80.26506, 25.6844000000001], [-80.2659599999999, 25.6825000000001], [-80.26666, 25.6863600000001], [-80.26695, 25.68246], [-80.2681, 25.6824800000001], [-80.26845, 25.6866899999999], [-80.26859, 25.6825900000001], [-80.26967, 25.68275], [-80.26845, 25.6822400000001], [-80.25929, 25.6822100000001], [-80.25539, 25.6782100000001], [-80.25748, 25.6778900000001], [-80.25778, 25.67938], [-80.2613999999999, 25.68074], [-80.2660399999999, 25.67299], [-80.26836, 25.6720000000002], [-80.26851, 25.6739500000001], [-80.26945, 25.6717100000002], [-80.26668, 25.6720100000001], [-80.26595, 25.67264], [-80.26276, 25.67831], [-80.26021, 25.6791700000002], [-80.2592, 25.67676], [-80.2614199999999, 25.67034], [-80.2634, 25.66788], [-80.26439, 25.6683200000001], [-80.2641, 25.66595], [-80.26752, 25.65848], [-80.26611, 25.6564800000001], [-80.28334, 25.6690200000002], [-80.28456, 25.68869], [-80.285, 25.6895300000001], [-80.26982, 25.69017], [-80.26775, 25.6939500000001], [-80.25699, 25.69397], [-80.26607, 25.6932400000001], [-80.26767, 25.6902900000001]]]]}, "properties": {"f1": 33156, "f2": "Miami", "f15": 102}}, {"type": "Feature", "geometry": {"type": "Polygon", "coordinates": [[[-80.32487, 25.91322], [-80.32444, 25.8862800000001], [-80.32317, 25.8845500000001], [-80.31988, 25.8840500000001], [-80.32353, 25.88393], [-80.32293, 25.8770200000001], [-80.32345, 25.87701], [-80.32313, 25.86972], [-80.3229, 25.86972], [-80.32295, 25.86293], [-80.32267, 25.86293], [-80.32268, 25.8537600000002], [-80.32351, 25.8543900000001], [-80.32381, 25.85461], [-80.34385, 25.8696700000002], [-80.34377, 25.8697800000002], [-80.34031, 25.86725], [-80.33896, 25.8681800000001], [-80.33959, 25.8841700000001], [-80.34239, 25.8847800000001], [-80.34182, 25.8869800000001], [-80.33971, 25.8869700000001], [-80.34044, 25.89807], [-80.3427, 25.8983800000001], [-80.34046, 25.8984200000001], [-80.3416, 25.9279400000001], [-80.32537, 25.9273900000001], [-80.32432, 25.92663], [-80.32544, 25.92643], [-80.32487, 25.9209800000001], [-80.32502, 25.9133900000002], [-80.32662, 25.9132300000001], [-80.32487, 25.91322]]]}, "properties": {"f1": 33016, "f2": "Hialeah", "f15": 110}}, {"type": "Feature", "geometry": {"type": "Polygon", "coordinates": [[[-80.28703, 25.64334], [-80.28636, 25.64114], [-80.2906, 25.6353600000001], [-80.29027, 25.63377], [-80.28593, 25.63851], [-80.28657, 25.63382], [-80.28755, 25.6332200000001], [-80.28787, 25.63417], [-80.28919, 25.63096], [-80.28755, 25.6306400000001], [-80.29131, 25.6310300000002], [-80.29145, 25.6340700000001], [-80.29342, 25.63466], [-80.29326, 25.63617], [-80.29518, 25.63612], [-80.29524, 25.6347], [-80.29307, 25.63417], [-80.30118, 25.6336300000001], [-80.30108, 25.63095], [-80.30438, 25.6309800000001], [-80.30516, 25.63258], [-80.30503, 25.62984], [-80.30865, 25.6297300000001], [-80.30992, 25.63192], [-80.31036, 25.6297000000001], [-80.32136, 25.6294100000001], [-80.32143, 25.63113], [-80.32344, 25.63112], [-80.32339, 25.6293600000001], [-80.32853, 25.6300500000001], [-80.33361, 25.62912], [-80.33407, 25.6400800000002], [-80.3353199999999, 25.64114], [-80.3321099999999, 25.64152], [-80.33126, 25.64399], [-80.3096599999999, 25.6445400000001], [-80.31023, 25.64214], [-80.3078599999999, 25.6425300000001], [-80.3081199999999, 25.64458], [-80.29153, 25.6452500000002], [-80.2853299999999, 25.6442600000001], [-80.28703, 25.64334]]]}, "properties": {"f1": 33158, "f2": "Miami", "f15": 58}}, {"type": "Feature", "geometry": {"type": "Polygon", "coordinates": [[[-80.49598, 25.6377400000002], [-80.49549, 25.6233], [-80.49176, 25.6305600000001], [-80.49149, 25.6232200000001], [-80.48346, 25.62336], [-80.48944, 25.62147], [-80.47944, 25.62151], [-80.47953, 25.6241400000001], [-80.44961, 25.62529], [-80.44857, 25.6262800000001], [-80.44519, 25.6253800000001], [-80.42972, 25.6262500000001], [-80.42972, 25.6257200000002], [-80.43074, 25.6257], [-80.4297, 25.5959500000001], [-80.42707, 25.59607], [-80.42724, 25.5919300000001], [-80.42928, 25.5919300000001], [-80.42955, 25.5845100000001], [-80.42675, 25.58154], [-80.42953, 25.5806000000002], [-80.42945, 25.5733000000001], [-80.42767, 25.5729100000001], [-80.42647, 25.5697800000001], [-80.4236, 25.56929], [-80.42316, 25.56588], [-80.43054, 25.5658100000001], [-80.43268, 25.56764], [-80.43049, 25.56856], [-80.43315, 25.5685300000001], [-80.43342, 25.5657900000002], [-80.47823, 25.56513], [-80.47826, 25.56875], [-80.48231, 25.56873], [-80.48231, 25.5651100000001], [-80.51068, 25.5647800000002], [-80.51156, 25.55938], [-80.51483, 25.5647500000002], [-80.53709, 25.5646400000001], [-80.53714, 25.56836], [-80.54456, 25.56357], [-80.5455936401241, 25.55594], [-80.5541561710037, 25.55594], [-80.5543680165289, 25.55594], [-80.54433, 25.5650700000001], [-80.55917, 25.56461], [-80.55922, 25.5719100000001], [-80.56302, 25.5718800000001], [-80.56307, 25.5775000000002], [-80.55956, 25.5791600000001], [-80.56702, 25.5790500000001], [-80.56676, 25.5426400000001], [-80.5747, 25.5426400000001], [-80.6069699999999, 25.60834], [-80.60968, 25.62267], [-80.60991, 25.63703], [-80.59988, 25.6282100000001], [-80.59592, 25.62996], [-80.58469, 25.62654], [-80.581756570031, 25.6263608085765], [-80.58164, 25.62286], [-80.57557, 25.6229200000001], [-80.57538, 25.6174300000001], [-80.5671, 25.61069], [-80.55962, 25.62578], [-80.55605, 25.6238400000002], [-80.5517, 25.6248], [-80.54403, 25.62304], [-80.52436, 25.62314], [-80.51962, 25.6249900000001], [-80.51955, 25.62316], [-80.49689, 25.6235200000002], [-80.49694, 25.63776], [-80.49598, 25.6377400000002]]]}, "properties": {"f1": 33187, "f2": "Miami", "f15": 160}}, {"type": "Feature", "geometry": {"type": "Polygon", "coordinates": [[[-80.5671000016551, 25.6106900098376], [-80.5753800122439, 25.6174300045457], [-80.5755699918903, 25.6229199866925], [-80.5816400065183, 25.6228599979332], [-80.5817565769626, 25.6263608105119], [-80.5846899974505, 25.6265400120972], [-80.580729971027, 25.6264900229815], [-80.5807600084443, 25.6274999888931], [-80.5756911240919, 25.6258098525415], [-80.5767100101305, 25.6519200103476], [-80.5526299671309, 25.6520500175846], [-80.5250799708037, 25.6595299715494], [-80.5131299913749, 25.6667499804753], [-80.496495017016, 25.6885742227448], [-80.496495017016, 25.6873950241816], [-80.4963500233146, 25.6876099939932], [-80.4977168661641, 25.7556303625892], [-80.4959899953922, 25.7505600236775], [-80.4904099836793, 25.7486500096846], [-80.4832499897796, 25.7368200203767], [-80.4855799950477, 25.7260099976973], [-80.4831800194406, 25.7260000082168], [-80.4827900242817, 25.7179399943306], [-80.4846599938712, 25.7179399943306], [-80.4862799791605, 25.7050499691563], [-80.4881799861673, 25.7032199772529], [-80.4945100209616, 25.7024400136194], [-80.4938600056365, 25.6897799720363], [-80.4841400237196, 25.6884400179513], [-80.4797439634789, 25.6844251249874], [-80.4783100277066, 25.6856500165707], [-80.4783300292578, 25.6887000158847], [-80.4737599906116, 25.6881700267941], [-80.4667400075706, 25.6837800074057], [-80.4579600283816, 25.6842699808527], [-80.4567000008339, 25.686419970889], [-80.454149978502, 25.6863700068613], [-80.4540099676432, 25.6842000299456], [-80.4497000193441, 25.6844399879494], [-80.4492999883192, 25.6860399907696], [-80.4461299880795, 25.6861299894993], [-80.4460699834257, 25.6844599738867], [-80.441070016699, 25.6846199877583], [-80.4365700185726, 25.686419970889], [-80.4371000245903, 25.6847600155311], [-80.429900027588, 25.684989979484], [-80.4299099932732, 25.6822000237976], [-80.4327399671417, 25.6781099693149], [-80.4319300095875, 25.6553999800253], [-80.4482100090475, 25.6548399830322], [-80.4470899923585, 25.6401100176062], [-80.4314299708063, 25.6405100108733], [-80.4305400070471, 25.6378199955518], [-80.4334499871206, 25.6386399897099], [-80.4311100161672, 25.6352999967733], [-80.4307800256621, 25.6321000000112], [-80.4322600000927, 25.6304599795067], [-80.4289449359707, 25.6283544762825], [-80.4343000179582, 25.6280199968314], [-80.4313500347822, 25.6268999963902], [-80.4297800182806, 25.627610027267], [-80.4297200136268, 25.6262500116571], [-80.4451899853517, 25.6253800061123], [-80.4485699667891, 25.6262800051894], [-80.4496099772731, 25.625290024815], [-80.479529981971, 25.6241400047134], [-80.4794400100808, 25.6215099897641], [-80.4894400137151, 25.6214699967892], [-80.4834599709772, 25.6233600298987], [-80.4914899972658, 25.6232199933165], [-80.4917599831172, 25.6305600176693], [-80.4954900267919, 25.6232999780812], [-80.495980029707, 25.6377400205115], [-80.496940033986, 25.6377600142766], [-80.4968899950174, 25.623519999187], [-80.5195499980594, 25.6231600047078], [-80.5196199683983, 25.6249900233898], [-80.5243599851397, 25.6231400084982], [-80.5440300019031, 25.6230400274], [-80.5517000002692, 25.6247999988954], [-80.5560500218516, 25.6238400004], [-80.5596199829354, 25.6257799854467], [-80.5671000016551, 25.6106900098376]], [[-80.4572199709854, 25.6769899962538], [-80.4537199802406, 25.6770600146443], [-80.453120003884, 25.6779300229213], [-80.4568499773778, 25.6802500139409], [-80.4572199709854, 25.6769899962538]]]}, "properties": {"f1": 33196, "f2": "Miami", "f15": 152}}, {"type": "Feature", "geometry": {"type": "Polygon", "coordinates": [[[-80.38473, 25.71537], [-80.3829, 25.7106800000001], [-80.38255, 25.7149200000001], [-80.38255, 25.7148200000001], [-80.38217, 25.71035], [-80.375122714113, 25.7064819886263], [-80.38252, 25.7101000000002], [-80.38215, 25.6971400000001], [-80.38011, 25.69721], [-80.38009, 25.69541], [-80.38211, 25.69529], [-80.38192, 25.68821], [-80.38191, 25.6876400000001], [-80.38068, 25.68765], [-80.38055, 25.6865799999999], [-80.38469, 25.68647], [-80.40069, 25.6859800000002], [-80.40212, 25.6871600000001], [-80.40366, 25.68585], [-80.42493, 25.6851600000001], [-80.42503, 25.68729], [-80.42767, 25.6891900000001], [-80.43, 25.68706], [-80.43048, 25.69951], [-80.42827, 25.7015500000001], [-80.43063, 25.7032200000001], [-80.43104, 25.7139000000001], [-80.41909, 25.7142800000002], [-80.4178933262712, 25.7115103601696], [-80.4153, 25.71201], [-80.41519, 25.71454], [-80.38473, 25.71537]]]}, "properties": {"f1": 33183, "f2": "Miami", "f15": 146}}, {"type": "Feature", "geometry": {"type": "MultiPolygon", "coordinates": [[[[-80.13112, 25.87329], [-80.12971, 25.87227], [-80.13208, 25.87242], [-80.13119, 25.8751000000002], [-80.13025, 25.87451], [-80.13112, 25.87329]]], [[[-80.1367299999999, 25.8727], [-80.14029, 25.87239], [-80.14223, 25.8739300000001], [-80.14087, 25.8843100000001], [-80.1372799999999, 25.8832400000002], [-80.13635, 25.8814400000001], [-80.13029, 25.8799900000001], [-80.1322499999999, 25.8753800000001], [-80.1367299999999, 25.8727]]], [[[-80.1344099999999, 25.89236], [-80.13457, 25.88387], [-80.13773, 25.8847000000001], [-80.1393399999999, 25.88762], [-80.1356399999999, 25.89334], [-80.1344099999999, 25.89236]]], [[[-80.12823, 25.88316], [-80.12955, 25.88089], [-80.1334999999999, 25.8835600000001], [-80.1332599999999, 25.89439], [-80.13109, 25.89342], [-80.12877, 25.88733], [-80.12823, 25.88316]]], [[[-80.12177, 25.89624], [-80.12133, 25.8934800000001], [-80.12114, 25.8900800000001], [-80.1208299999999, 25.8882], [-80.1198299999999, 25.87597], [-80.11941, 25.8726200000001], [-80.1201499999999, 25.8725800000001], [-80.12001, 25.87196], [-80.1214999999999, 25.8719], [-80.12227, 25.8718900000001], [-80.12225, 25.87249], [-80.12444, 25.8724500000001], [-80.12926, 25.87216], [-80.12971, 25.8743000000001], [-80.13107, 25.87521], [-80.12723, 25.88281], [-80.12941, 25.8934500000001], [-80.1277899999999, 25.8953100000002], [-80.12944, 25.8943200000001], [-80.12984, 25.89583], [-80.1272699999999, 25.8992000000001], [-80.12105, 25.8993700000002], [-80.12177, 25.89624]]], [[[-80.12089, 25.9184], [-80.12131, 25.90048], [-80.12538, 25.9006200000002], [-80.1248, 25.9172400000001], [-80.12361, 25.91725], [-80.12486, 25.9176600000001], [-80.1253399999999, 25.92122], [-80.1224999999999, 25.9213100000001], [-80.1223599999999, 25.9213300000001], [-80.12082, 25.9214200000001], [-80.1209299999999, 25.92086], [-80.12087, 25.9202600000002], [-80.12089, 25.9184]]]]}, "properties": {"f1": 33154, "f2": "Miami Beach", "f15": 66}}, {"type": "Feature", "geometry": {"type": "Polygon", "coordinates": [[[-80.42503, 25.68729], [-80.42493, 25.6851600000001], [-80.40366, 25.68585], [-80.40212, 25.6871600000001], [-80.40069, 25.6859800000002], [-80.38469, 25.68647], [-80.38403, 25.6772400000001], [-80.3812599999999, 25.6770700000001], [-80.38395, 25.6763400000001], [-80.38393, 25.67487], [-80.38217, 25.6741300000001], [-80.3842, 25.67403], [-80.38294, 25.66862], [-80.38326, 25.6518899999999], [-80.38198, 25.6529100000001], [-80.3832399999999, 25.65148], [-80.38283, 25.6418700000001], [-80.3826, 25.64041], [-80.38078, 25.64045], [-80.3825699210526, 25.639638], [-80.38143, 25.63287], [-80.38232, 25.63022], [-80.38231, 25.62983], [-80.37989, 25.6274900000001], [-80.38225, 25.6273500000002], [-80.38536, 25.6272400000001], [-80.38553, 25.6291500000001], [-80.38778, 25.6296200000002], [-80.3903, 25.6288700000001], [-80.39023, 25.62706], [-80.41458, 25.6263500000001], [-80.41464, 25.6279100000001], [-80.4161, 25.6280000000002], [-80.41739, 25.6278399999999], [-80.41688, 25.62617], [-80.42972, 25.6257200000002], [-80.42972, 25.6262500000001], [-80.42978, 25.62761], [-80.43135, 25.6269], [-80.4343, 25.6280200000001], [-80.4289449130819, 25.6283544573302], [-80.43226, 25.63046], [-80.43078, 25.6321000000001], [-80.43111, 25.6353000000001], [-80.43345, 25.63864], [-80.43054, 25.6378200000002], [-80.43143, 25.6405100000001], [-80.44709, 25.6401100000001], [-80.44821, 25.65484], [-80.43193, 25.6554], [-80.43274, 25.6781100000001], [-80.42991, 25.6822], [-80.4299, 25.6849900000001], [-80.42991, 25.6851900000001], [-80.42997, 25.68619], [-80.43, 25.68706], [-80.42767, 25.6891900000001], [-80.42503, 25.68729]]]}, "properties": {"f1": 33186, "f2": "Miami", "f15": 116}}, {"type": "Feature", "geometry": {"type": "Polygon", "coordinates": [[[-80.46354, 25.72561], [-80.46309, 25.7128800000001], [-80.43104, 25.7139000000001], [-80.43063, 25.7032200000001], [-80.42827, 25.7015500000001], [-80.43048, 25.69951], [-80.43, 25.68706], [-80.42997, 25.68619], [-80.42991, 25.6851900000001], [-80.4299, 25.6849900000001], [-80.4371, 25.68476], [-80.43657, 25.6864200000001], [-80.44107, 25.6846200000001], [-80.44607, 25.6844600000002], [-80.44613, 25.6861300000001], [-80.4493, 25.68604], [-80.4497, 25.6844400000001], [-80.45401, 25.6842], [-80.45415, 25.6863700000001], [-80.4567, 25.6864200000001], [-80.45796, 25.68427], [-80.46674, 25.68378], [-80.47376, 25.6881700000002], [-80.47833, 25.6887000000001], [-80.47831, 25.68565], [-80.4797439329137, 25.6844251142537], [-80.48414, 25.68844], [-80.49386, 25.6897800000001], [-80.49451, 25.7024400000002], [-80.48818, 25.7032200000001], [-80.48628, 25.70505], [-80.48466, 25.7179400000002], [-80.48279, 25.7179400000002], [-80.48318, 25.7260000000001], [-80.48558, 25.7260100000001], [-80.48325, 25.7368200000002], [-80.4802999999999, 25.7328400000001], [-80.47966, 25.7271300000002], [-80.4771458519922, 25.7270479485109], [-80.46354, 25.72561]]]}, "properties": {"f1": 33193, "f2": "Miami", "f15": 192}}, {"type": "Feature", "geometry": {"type": "Polygon", "coordinates": [[[-80.36827, 25.7542800000001], [-80.36821, 25.7531700000002], [-80.36974, 25.7532000000001], [-80.36818, 25.75254], [-80.37274, 25.75198], [-80.37316, 25.75288], [-80.37672, 25.7524900000001], [-80.37896, 25.7512400000002], [-80.37921, 25.7525], [-80.3828, 25.7525100000001], [-80.38418, 25.7524600000001], [-80.38431, 25.75572], [-80.38052, 25.759], [-80.38181, 25.7599600000001], [-80.3784, 25.76102], [-80.36831, 25.7611900000001], [-80.36827, 25.7542800000001]]]}, "properties": {"f1": 33199, "f2": "Miami", "f15": 0}}]}